,RATE A,RATE B,RATE C,Total
01/06/2018 00.15,,534.16,,534.16
01/06/2018 00.30,,535.35,,535.35
01/06/2018 00.45,,526.42,,526.42
01/06/2018 01.00,,521.18,,521.18
01/06/2018 01.15,,520.79,,520.79
01/06/2018 01.30,,515.27,,515.27
01/06/2018 01.45,,516,,516
01/06/2018 02.00,,513.43,,513.43
01/06/2018 02.15,,509.9,,509.9
01/06/2018 02.30,,504.77,,504.77
01/06/2018 02.45,,501.02,,501.02
01/06/2018 03.00,,498.15,,498.15
01/06/2018 03.15,,498.4,,498.4
01/06/2018 03.30,,496.63,,496.63
01/06/2018 03.45,,497.29,,497.29
01/06/2018 04.00,,496.57,,496.57
01/06/2018 04.15,,491.24,,491.24
01/06/2018 04.30,,490.26,,490.26
01/06/2018 04.45,,485.82,,485.82
01/06/2018 05.00,,492.71,,492.71
01/06/2018 05.15,,498.36,,498.36
01/06/2018 05.30,,502.82,,502.82
01/06/2018 05.45,,514.93,,514.93
01/06/2018 06.00,,519.32,,519.32
01/06/2018 06.15,,520.34,,520.34
01/06/2018 06.30,,538.79,,538.79
01/06/2018 06.45,,570.3,,570.3
01/06/2018 07.00,,620.98,,620.98
01/06/2018 07.15,,674.49,,674.49
01/06/2018 07.30,,725.13,,725.13
01/06/2018 07.45,,812.85,,812.85
01/06/2018 08.00,,896.41,,896.41
01/06/2018 08.15,,994.02,,994.02
01/06/2018 08.30,,1038.95,,1038.95
01/06/2018 08.45,,1100.57,,1100.57
01/06/2018 09.00,,1116.74,,1116.74
01/06/2018 09.15,1098.62,,,1098.62
01/06/2018 09.30,1101.74,,,1101.74
01/06/2018 09.45,1096.78,,,1096.78
01/06/2018 10.00,1110.35,,,1110.35
01/06/2018 10.15,1114.8,,,1114.8
01/06/2018 10.30,1107.35,,,1107.35
01/06/2018 10.45,1133.93,,,1133.93
01/06/2018 11.00,1146.75,,,1146.75
01/06/2018 11.15,1143.99,,,1143.99
01/06/2018 11.30,1136.22,,,1136.22
01/06/2018 11.45,1116.48,,,1116.48
01/06/2018 12.00,1082.75,,,1082.75
01/06/2018 12.15,1071.64,,,1071.64
01/06/2018 12.30,1065.35,,,1065.35
01/06/2018 12.45,1115.82,,,1115.82
01/06/2018 13.00,1105.57,,,1105.57
01/06/2018 13.15,1097.57,,,1097.57
01/06/2018 13.30,1121.32,,,1121.32
01/06/2018 13.45,1103.04,,,1103.04
01/06/2018 14.00,1138.33,,,1138.33
01/06/2018 14.15,1113.38,,,1113.38
01/06/2018 14.30,1110.98,,,1110.98
01/06/2018 14.45,1120.75,,,1120.75
01/06/2018 15.00,1103.46,,,1103.46
01/06/2018 15.15,1087.27,,,1087.27
01/06/2018 15.30,1079.95,,,1079.95
01/06/2018 15.45,1088.95,,,1088.95
01/06/2018 16.00,1084.24,,,1084.24
01/06/2018 16.15,1048.85,,,1048.85
01/06/2018 16.30,997.94,,,997.94
01/06/2018 16.45,937.78,,,937.78
01/06/2018 17.00,903.39,,,903.39
01/06/2018 17.15,861.75,,,861.75
01/06/2018 17.30,841.61,,,841.61
01/06/2018 17.45,806.01,,,806.01
01/06/2018 18.00,794.97,,,794.97
01/06/2018 18.15,767.35,,,767.35
01/06/2018 18.30,753.05,,,753.05
01/06/2018 18.45,743.26,,,743.26
01/06/2018 19.00,720.94,,,720.94
01/06/2018 19.15,702.92,,,702.92
01/06/2018 19.30,674.62,,,674.62
01/06/2018 19.45,644.72,,,644.72
01/06/2018 20.00,626.98,,,626.98
01/06/2018 20.15,597.82,,,597.82
01/06/2018 20.30,579.2,,,579.2
01/06/2018 20.45,568.27,,,568.27
01/06/2018 21.00,564.98,,,564.98
01/06/2018 21.15,553.75,,,553.75
01/06/2018 21.30,560.59,,,560.59
01/06/2018 21.45,556.72,,,556.72
01/06/2018 22.00,552.46,,,552.46
01/06/2018 22.15,,549.48,,549.48
01/06/2018 22.30,,554.03,,554.03
01/06/2018 22.45,,546.66,,546.66
01/06/2018 23.00,,535.3,,535.3
01/06/2018 23.15,,536.19,,536.19
01/06/2018 23.30,,540.58,,540.58
01/06/2018 23.45,,531.01,,531.01
01/06/2018 24.00,,530.24,,530.24
02/06/2018 00.15,,,520.61,520.61
02/06/2018 00.30,,,520.56,520.56
02/06/2018 00.45,,,518.19,518.19
02/06/2018 01.00,,,509.42,509.42
02/06/2018 01.15,,,508.5,508.5
02/06/2018 01.30,,,501.98,501.98
02/06/2018 01.45,,,499.68,499.68
02/06/2018 02.00,,,495.71,495.71
02/06/2018 02.15,,,497.98,497.98
02/06/2018 02.30,,,495.37,495.37
02/06/2018 02.45,,,493.45,493.45
02/06/2018 03.00,,,485.55,485.55
02/06/2018 03.15,,,482.61,482.61
02/06/2018 03.30,,,481.61,481.61
02/06/2018 03.45,,,476.1,476.1
02/06/2018 04.00,,,474.99,474.99
02/06/2018 04.15,,,479.4,479.4
02/06/2018 04.30,,,475.61,475.61
02/06/2018 04.45,,,472.73,472.73
02/06/2018 05.00,,,476.36,476.36
02/06/2018 05.15,,,472.29,472.29
02/06/2018 05.30,,,478.29,478.29
02/06/2018 05.45,,,482.84,482.84
02/06/2018 06.00,,,483.08,483.08
02/06/2018 06.15,,,475.63,475.63
02/06/2018 06.30,,,483.34,483.34
02/06/2018 06.45,,,486.19,486.19
02/06/2018 07.00,,,503.45,503.45
02/06/2018 07.15,,,522.61,522.61
02/06/2018 07.30,,,529.18,529.18
02/06/2018 07.45,,,555.35,555.35
02/06/2018 08.00,,,575.37,575.37
02/06/2018 08.15,,,583.62,583.62
02/06/2018 08.30,,,614.86,614.86
02/06/2018 08.45,,,605.67,605.67
02/06/2018 09.00,,,623.38,623.38
02/06/2018 09.15,,,637.83,637.83
02/06/2018 09.30,,,643.02,643.02
02/06/2018 09.45,,,641.77,641.77
02/06/2018 10.00,,,638.43,638.43
02/06/2018 10.15,,,642.09,642.09
02/06/2018 10.30,,,645.59,645.59
02/06/2018 10.45,,,651.3,651.3
02/06/2018 11.00,,,639.77,639.77
02/06/2018 11.15,,,641.67,641.67
02/06/2018 11.30,,,658.15,658.15
02/06/2018 11.45,,,650.6,650.6
02/06/2018 12.00,,,653.38,653.38
02/06/2018 12.15,,,648.01,648.01
02/06/2018 12.30,,,618.2,618.2
02/06/2018 12.45,,,644.62,644.62
02/06/2018 13.00,,,615.49,615.49
02/06/2018 13.15,,,629.72,629.72
02/06/2018 13.30,,,615.46,615.46
02/06/2018 13.45,,,622.61,622.61
02/06/2018 14.00,,,636.43,636.43
02/06/2018 14.15,,,635.57,635.57
02/06/2018 14.30,,,619.99,619.99
02/06/2018 14.45,,,616.2,616.2
02/06/2018 15.00,,,635.91,635.91
02/06/2018 15.15,,,645.41,645.41
02/06/2018 15.30,,,641.6,641.6
02/06/2018 15.45,,,646.57,646.57
02/06/2018 16.00,,,657.91,657.91
02/06/2018 16.15,,,635.98,635.98
02/06/2018 16.30,,,638.54,638.54
02/06/2018 16.45,,,630.98,630.98
02/06/2018 17.00,,,622.44,622.44
02/06/2018 17.15,,,608.96,608.96
02/06/2018 17.30,,,598.83,598.83
02/06/2018 17.45,,,579.9,579.9
02/06/2018 18.00,,,576.58,576.58
02/06/2018 18.15,,,565.45,565.45
02/06/2018 18.30,,,554.92,554.92
02/06/2018 18.45,,,550.58,550.58
02/06/2018 19.00,,,555.46,555.46
02/06/2018 19.15,,,543.97,543.97
02/06/2018 19.30,,,542.87,542.87
02/06/2018 19.45,,,545.05,545.05
02/06/2018 20.00,,,545.74,545.74
02/06/2018 20.15,,,538.43,538.43
02/06/2018 20.30,,,534.39,534.39
02/06/2018 20.45,,,535.08,535.08
02/06/2018 21.00,,,527.16,527.16
02/06/2018 21.15,,,522.14,522.14
02/06/2018 21.30,,,516.13,516.13
02/06/2018 21.45,,,518.32,518.32
02/06/2018 22.00,,,516.84,516.84
02/06/2018 22.15,,,513.95,513.95
02/06/2018 22.30,,,518.22,518.22
02/06/2018 22.45,,,520.24,520.24
02/06/2018 23.00,,,519.4,519.4
02/06/2018 23.15,,,519.64,519.64
02/06/2018 23.30,,,514.23,514.23
02/06/2018 23.45,,,512.58,512.58
02/06/2018 24.00,,,519.61,519.61
03/06/2018 00.15,,,509.9,509.9
03/06/2018 00.30,,,511.95,511.95
03/06/2018 00.45,,,501,501
03/06/2018 01.00,,,504.73,504.73
03/06/2018 01.15,,,505.39,505.39
03/06/2018 01.30,,,497.08,497.08
03/06/2018 01.45,,,488.82,488.82
03/06/2018 02.00,,,489.28,489.28
03/06/2018 02.15,,,495.32,495.32
03/06/2018 02.30,,,489.84,489.84
03/06/2018 02.45,,,487.05,487.05
03/06/2018 03.00,,,478.73,478.73
03/06/2018 03.15,,,476.73,476.73
03/06/2018 03.30,,,479.55,479.55
03/06/2018 03.45,,,475.84,475.84
03/06/2018 04.00,,,476.7,476.7
03/06/2018 04.15,,,474.47,474.47
03/06/2018 04.30,,,470.71,470.71
03/06/2018 04.45,,,471.79,471.79
03/06/2018 05.00,,,468.47,468.47
03/06/2018 05.15,,,470.44,470.44
03/06/2018 05.30,,,468.15,468.15
03/06/2018 05.45,,,471.47,471.47
03/06/2018 06.00,,,465.18,465.18
03/06/2018 06.15,,,458,458
03/06/2018 06.30,,,459.7,459.7
03/06/2018 06.45,,,452.08,452.08
03/06/2018 07.00,,,453.12,453.12
03/06/2018 07.15,,,453.84,453.84
03/06/2018 07.30,,,455.57,455.57
03/06/2018 07.45,,,467.97,467.97
03/06/2018 08.00,,,480.47,480.47
03/06/2018 08.15,,,499.6,499.6
03/06/2018 08.30,,,488.07,488.07
03/06/2018 08.45,,,491.68,491.68
03/06/2018 09.00,,,489.36,489.36
03/06/2018 09.15,,,493.89,493.89
03/06/2018 09.30,,,494.95,494.95
03/06/2018 09.45,,,486.49,486.49
03/06/2018 10.00,,,485.07,485.07
03/06/2018 10.15,,,478.97,478.97
03/06/2018 10.30,,,483.16,483.16
03/06/2018 10.45,,,481.47,481.47
03/06/2018 11.00,,,479.28,479.28
03/06/2018 11.15,,,493.13,493.13
03/06/2018 11.30,,,486.21,486.21
03/06/2018 11.45,,,484.94,484.94
03/06/2018 12.00,,,478.47,478.47
03/06/2018 12.15,,,495.53,495.53
03/06/2018 12.30,,,516.27,516.27
03/06/2018 12.45,,,499.48,499.48
03/06/2018 13.00,,,501.97,501.97
03/06/2018 13.15,,,492.65,492.65
03/06/2018 13.30,,,497.73,497.73
03/06/2018 13.45,,,522.71,522.71
03/06/2018 14.00,,,533.55,533.55
03/06/2018 14.15,,,573.83,573.83
03/06/2018 14.30,,,556.09,556.09
03/06/2018 14.45,,,520.35,520.35
03/06/2018 15.00,,,561.25,561.25
03/06/2018 15.15,,,582.41,582.41
03/06/2018 15.30,,,567.66,567.66
03/06/2018 15.45,,,545.06,545.06
03/06/2018 16.00,,,515.1,515.1
03/06/2018 16.15,,,513.73,513.73
03/06/2018 16.30,,,513.4,513.4
03/06/2018 16.45,,,521.79,521.79
03/06/2018 17.00,,,530.08,530.08
03/06/2018 17.15,,,531.48,531.48
03/06/2018 17.30,,,546.63,546.63
03/06/2018 17.45,,,558.29,558.29
03/06/2018 18.00,,,567.43,567.43
03/06/2018 18.15,,,572.93,572.93
03/06/2018 18.30,,,576.56,576.56
03/06/2018 18.45,,,578.62,578.62
03/06/2018 19.00,,,579.32,579.32
03/06/2018 19.15,,,575.54,575.54
03/06/2018 19.30,,,569.48,569.48
03/06/2018 19.45,,,565.95,565.95
03/06/2018 20.00,,,569.82,569.82
03/06/2018 20.15,,,562.04,562.04
03/06/2018 20.30,,,559.45,559.45
03/06/2018 20.45,,,561.04,561.04
03/06/2018 21.00,,,554.59,554.59
03/06/2018 21.15,,,555.61,555.61
03/06/2018 21.30,,,556.32,556.32
03/06/2018 21.45,,,558.46,558.46
03/06/2018 22.00,,,562.01,562.01
03/06/2018 22.15,,,563.93,563.93
03/06/2018 22.30,,,560.09,560.09
03/06/2018 22.45,,,561.58,561.58
03/06/2018 23.00,,,558.45,558.45
03/06/2018 23.15,,,551.08,551.08
03/06/2018 23.30,,,546.43,546.43
03/06/2018 23.45,,,545.09,545.09
03/06/2018 24.00,,,548.05,548.05
04/06/2018 00.15,,542.61,,542.61
04/06/2018 00.30,,544.71,,544.71
04/06/2018 00.45,,534.92,,534.92
04/06/2018 01.00,,538.63,,538.63
04/06/2018 01.15,,524.87,,524.87
04/06/2018 01.30,,518.81,,518.81
04/06/2018 01.45,,517.53,,517.53
04/06/2018 02.00,,513.64,,513.64
04/06/2018 02.15,,516.11,,516.11
04/06/2018 02.30,,512.4,,512.4
04/06/2018 02.45,,508.42,,508.42
04/06/2018 03.00,,505.55,,505.55
04/06/2018 03.15,,500.4,,500.4
04/06/2018 03.30,,497.53,,497.53
04/06/2018 03.45,,497.47,,497.47
04/06/2018 04.00,,500.48,,500.48
04/06/2018 04.15,,501.45,,501.45
04/06/2018 04.30,,489.13,,489.13
04/06/2018 04.45,,483.02,,483.02
04/06/2018 05.00,,490.42,,490.42
04/06/2018 05.15,,497.74,,497.74
04/06/2018 05.30,,510.03,,510.03
04/06/2018 05.45,,516.52,,516.52
04/06/2018 06.00,,524.61,,524.61
04/06/2018 06.15,,540.61,,540.61
04/06/2018 06.30,,545.42,,545.42
04/06/2018 06.45,,588.11,,588.11
04/06/2018 07.00,,638.98,,638.98
04/06/2018 07.15,,692.83,,692.83
04/06/2018 07.30,,741.32,,741.32
04/06/2018 07.45,,829.04,,829.04
04/06/2018 08.00,,932.38,,932.38
04/06/2018 08.15,,1046.18,,1046.18
04/06/2018 08.30,,1128.77,,1128.77
04/06/2018 08.45,,1181.81,,1181.81
04/06/2018 09.00,,1196.58,,1196.58
04/06/2018 09.15,1240.24,,,1240.24
04/06/2018 09.30,1265.44,,,1265.44
04/06/2018 09.45,1285.21,,,1285.21
04/06/2018 10.00,1306.88,,,1306.88
04/06/2018 10.15,1290.32,,,1290.32
04/06/2018 10.30,1240.08,,,1240.08
04/06/2018 10.45,1236.74,,,1236.74
04/06/2018 11.00,1258.98,,,1258.98
04/06/2018 11.15,1274.05,,,1274.05
04/06/2018 11.30,1252.15,,,1252.15
04/06/2018 11.45,1269.39,,,1269.39
04/06/2018 12.00,1273.63,,,1273.63
04/06/2018 12.15,1232.84,,,1232.84
04/06/2018 12.30,1224.03,,,1224.03
04/06/2018 12.45,1252.79,,,1252.79
04/06/2018 13.00,1250.08,,,1250.08
04/06/2018 13.15,1247.87,,,1247.87
04/06/2018 13.30,1276.97,,,1276.97
04/06/2018 13.45,1280.19,,,1280.19
04/06/2018 14.00,1283.76,,,1283.76
04/06/2018 14.15,1292.8,,,1292.8
04/06/2018 14.30,1283.37,,,1283.37
04/06/2018 14.45,1247.15,,,1247.15
04/06/2018 15.00,1236.42,,,1236.42
04/06/2018 15.15,1245.19,,,1245.19
04/06/2018 15.30,1231.66,,,1231.66
04/06/2018 15.45,1229.65,,,1229.65
04/06/2018 16.00,1207.39,,,1207.39
04/06/2018 16.15,1171.51,,,1171.51
04/06/2018 16.30,1138.7,,,1138.7
04/06/2018 16.45,1065.3,,,1065.3
04/06/2018 17.00,1011.94,,,1011.94
04/06/2018 17.15,990.78,,,990.78
04/06/2018 17.30,958.86,,,958.86
04/06/2018 17.45,935.07,,,935.07
04/06/2018 18.00,922.42,,,922.42
04/06/2018 18.15,898.22,,,898.22
04/06/2018 18.30,878.31,,,878.31
04/06/2018 18.45,857.15,,,857.15
04/06/2018 19.00,839.4,,,839.4
04/06/2018 19.15,820.32,,,820.32
04/06/2018 19.30,789.09,,,789.09
04/06/2018 19.45,759.9,,,759.9
04/06/2018 20.00,738.08,,,738.08
04/06/2018 20.15,694.65,,,694.65
04/06/2018 20.30,666.3,,,666.3
04/06/2018 20.45,647.93,,,647.93
04/06/2018 21.00,635.38,,,635.38
04/06/2018 21.15,628.31,,,628.31
04/06/2018 21.30,616.44,,,616.44
04/06/2018 21.45,604.17,,,604.17
04/06/2018 22.00,600.01,,,600.01
04/06/2018 22.15,,584.22,,584.22
04/06/2018 22.30,,586.66,,586.66
04/06/2018 22.45,,585.48,,585.48
04/06/2018 23.00,,578.41,,578.41
04/06/2018 23.15,,575.04,,575.04
04/06/2018 23.30,,571.9,,571.9
04/06/2018 23.45,,571.22,,571.22
04/06/2018 24.00,,565.38,,565.38
05/06/2018 00.15,,563.79,,563.79
05/06/2018 00.30,,572.24,,572.24
05/06/2018 00.45,,566.53,,566.53
05/06/2018 01.00,,562.16,,562.16
05/06/2018 01.15,,554.35,,554.35
05/06/2018 01.30,,546.11,,546.11
05/06/2018 01.45,,542.63,,542.63
05/06/2018 02.00,,540.82,,540.82
05/06/2018 02.15,,535.27,,535.27
05/06/2018 02.30,,529.16,,529.16
05/06/2018 02.45,,527.11,,527.11
05/06/2018 03.00,,523.27,,523.27
05/06/2018 03.15,,516.82,,516.82
05/06/2018 03.30,,521.03,,521.03
05/06/2018 03.45,,518.6,,518.6
05/06/2018 04.00,,521.4,,521.4
05/06/2018 04.15,,518.85,,518.85
05/06/2018 04.30,,513.5,,513.5
05/06/2018 04.45,,513.23,,513.23
05/06/2018 05.00,,511.26,,511.26
05/06/2018 05.15,,518.37,,518.37
05/06/2018 05.30,,524.37,,524.37
05/06/2018 05.45,,534.14,,534.14
05/06/2018 06.00,,537.37,,537.37
05/06/2018 06.15,,557.22,,557.22
05/06/2018 06.30,,559,,559
05/06/2018 06.45,,583.64,,583.64
05/06/2018 07.00,,635.14,,635.14
05/06/2018 07.15,,681.42,,681.42
05/06/2018 07.30,,756.95,,756.95
05/06/2018 07.45,,831.03,,831.03
05/06/2018 08.00,,933.52,,933.52
05/06/2018 08.15,,1040.85,,1040.85
05/06/2018 08.30,,1104.38,,1104.38
05/06/2018 08.45,,1124.96,,1124.96
05/06/2018 09.00,,1120.7,,1120.7
05/06/2018 09.15,1136.85,,,1136.85
05/06/2018 09.30,1157.7,,,1157.7
05/06/2018 09.45,1174.12,,,1174.12
05/06/2018 10.00,1168.81,,,1168.81
05/06/2018 10.15,1175.68,,,1175.68
05/06/2018 10.30,1187.33,,,1187.33
05/06/2018 10.45,1189.42,,,1189.42
05/06/2018 11.00,1195.26,,,1195.26
05/06/2018 11.15,1180.68,,,1180.68
05/06/2018 11.30,1180.01,,,1180.01
05/06/2018 11.45,1175.67,,,1175.67
05/06/2018 12.00,1186.18,,,1186.18
05/06/2018 12.15,1191.65,,,1191.65
05/06/2018 12.30,1222.92,,,1222.92
05/06/2018 12.45,1199.5,,,1199.5
05/06/2018 13.00,1192.92,,,1192.92
05/06/2018 13.15,1203.7,,,1203.7
05/06/2018 13.30,1251.42,,,1251.42
05/06/2018 13.45,1223.68,,,1223.68
05/06/2018 14.00,1226.62,,,1226.62
05/06/2018 14.15,1281.53,,,1281.53
05/06/2018 14.30,1254.34,,,1254.34
05/06/2018 14.45,1246.02,,,1246.02
05/06/2018 15.00,1279.97,,,1279.97
05/06/2018 15.15,1252.82,,,1252.82
05/06/2018 15.30,1238.21,,,1238.21
05/06/2018 15.45,1178.31,,,1178.31
05/06/2018 16.00,1155.83,,,1155.83
05/06/2018 16.15,1133.81,,,1133.81
05/06/2018 16.30,1099.85,,,1099.85
05/06/2018 16.45,1037.34,,,1037.34
05/06/2018 17.00,984.63,,,984.63
05/06/2018 17.15,931.1,,,931.1
05/06/2018 17.30,899.67,,,899.67
05/06/2018 17.45,878.04,,,878.04
05/06/2018 18.00,857.67,,,857.67
05/06/2018 18.15,859.62,,,859.62
05/06/2018 18.30,854.72,,,854.72
05/06/2018 18.45,848.62,,,848.62
05/06/2018 19.00,835.49,,,835.49
05/06/2018 19.15,820.22,,,820.22
05/06/2018 19.30,791.34,,,791.34
05/06/2018 19.45,761.89,,,761.89
05/06/2018 20.00,727.26,,,727.26
05/06/2018 20.15,698.29,,,698.29
05/06/2018 20.30,650.1,,,650.1
05/06/2018 20.45,653.15,,,653.15
05/06/2018 21.00,635.31,,,635.31
05/06/2018 21.15,623.14,,,623.14
05/06/2018 21.30,610.33,,,610.33
05/06/2018 21.45,602.66,,,602.66
05/06/2018 22.00,595.37,,,595.37
05/06/2018 22.15,,595.64,,595.64
05/06/2018 22.30,,593.2,,593.2
05/06/2018 22.45,,593.07,,593.07
05/06/2018 23.00,,589.25,,589.25
05/06/2018 23.15,,585.72,,585.72
05/06/2018 23.30,,580.64,,580.64
05/06/2018 23.45,,582.08,,582.08
05/06/2018 24.00,,576.62,,576.62
06/06/2018 00.15,,569.35,,569.35
06/06/2018 00.30,,569.38,,569.38
06/06/2018 00.45,,562.69,,562.69
06/06/2018 01.00,,558.85,,558.85
06/06/2018 01.15,,554.58,,554.58
06/06/2018 01.30,,550.64,,550.64
06/06/2018 01.45,,545.13,,545.13
06/06/2018 02.00,,539.06,,539.06
06/06/2018 02.15,,545.97,,545.97
06/06/2018 02.30,,538.29,,538.29
06/06/2018 02.45,,530.05,,530.05
06/06/2018 03.00,,524.4,,524.4
06/06/2018 03.15,,524.34,,524.34
06/06/2018 03.30,,519.4,,519.4
06/06/2018 03.45,,524.22,,524.22
06/06/2018 04.00,,515.87,,515.87
06/06/2018 04.15,,521.53,,521.53
06/06/2018 04.30,,513.19,,513.19
06/06/2018 04.45,,516.76,,516.76
06/06/2018 05.00,,518.64,,518.64
06/06/2018 05.15,,525.84,,525.84
06/06/2018 05.30,,529.34,,529.34
06/06/2018 05.45,,538.53,,538.53
06/06/2018 06.00,,541.58,,541.58
06/06/2018 06.15,,541.42,,541.42
06/06/2018 06.30,,565.24,,565.24
06/06/2018 06.45,,600.51,,600.51
06/06/2018 07.00,,654.55,,654.55
06/06/2018 07.15,,690.12,,690.12
06/06/2018 07.30,,762.68,,762.68
06/06/2018 07.45,,846.16,,846.16
06/06/2018 08.00,,905.97,,905.97
06/06/2018 08.15,,1006.56,,1006.56
06/06/2018 08.30,,1055.93,,1055.93
06/06/2018 08.45,,1133.59,,1133.59
06/06/2018 09.00,,1170.44,,1170.44
06/06/2018 09.15,1208.63,,,1208.63
06/06/2018 09.30,1169.18,,,1169.18
06/06/2018 09.45,1161.57,,,1161.57
06/06/2018 10.00,1175.65,,,1175.65
06/06/2018 10.15,1170.2,,,1170.2
06/06/2018 10.30,1197.91,,,1197.91
06/06/2018 10.45,1199.46,,,1199.46
06/06/2018 11.00,1216.24,,,1216.24
06/06/2018 11.15,1216.68,,,1216.68
06/06/2018 11.30,1200.78,,,1200.78
06/06/2018 11.45,1180.21,,,1180.21
06/06/2018 12.00,1164.67,,,1164.67
06/06/2018 12.15,1148.14,,,1148.14
06/06/2018 12.30,1150.96,,,1150.96
06/06/2018 12.45,1156.01,,,1156.01
06/06/2018 13.00,1187.62,,,1187.62
06/06/2018 13.15,1203.05,,,1203.05
06/06/2018 13.30,1206.07,,,1206.07
06/06/2018 13.45,1268.02,,,1268.02
06/06/2018 14.00,1238.74,,,1238.74
06/06/2018 14.15,1262.45,,,1262.45
06/06/2018 14.30,1220.31,,,1220.31
06/06/2018 14.45,1210.26,,,1210.26
06/06/2018 15.00,1221.74,,,1221.74
06/06/2018 15.15,1213.34,,,1213.34
06/06/2018 15.30,1178.67,,,1178.67
06/06/2018 15.45,1228.65,,,1228.65
06/06/2018 16.00,1105.62,,,1105.62
06/06/2018 16.15,1047.92,,,1047.92
06/06/2018 16.30,1044.97,,,1044.97
06/06/2018 16.45,989.92,,,989.92
06/06/2018 17.00,933.02,,,933.02
06/06/2018 17.15,904.35,,,904.35
06/06/2018 17.30,884.22,,,884.22
06/06/2018 17.45,863.62,,,863.62
06/06/2018 18.00,840.11,,,840.11
06/06/2018 18.15,838.83,,,838.83
06/06/2018 18.30,828.56,,,828.56
06/06/2018 18.45,810.3,,,810.3
06/06/2018 19.00,786.14,,,786.14
06/06/2018 19.15,768.56,,,768.56
06/06/2018 19.30,741.48,,,741.48
06/06/2018 19.45,727.61,,,727.61
06/06/2018 20.00,698.97,,,698.97
06/06/2018 20.15,668.97,,,668.97
06/06/2018 20.30,632.35,,,632.35
06/06/2018 20.45,610.48,,,610.48
06/06/2018 21.00,608.49,,,608.49
06/06/2018 21.15,598.33,,,598.33
06/06/2018 21.30,595.59,,,595.59
06/06/2018 21.45,587.98,,,587.98
06/06/2018 22.00,584.16,,,584.16
06/06/2018 22.15,,581.58,,581.58
06/06/2018 22.30,,585.35,,585.35
06/06/2018 22.45,,574.3,,574.3
06/06/2018 23.00,,569.04,,569.04
06/06/2018 23.15,,560.06,,560.06
06/06/2018 23.30,,561.87,,561.87
06/06/2018 23.45,,562.19,,562.19
06/06/2018 24.00,,559.34,,559.34
07/06/2018 00.15,,562.88,,562.88
07/06/2018 00.30,,555.3,,555.3
07/06/2018 00.45,,556.45,,556.45
07/06/2018 01.00,,549.32,,549.32
07/06/2018 01.15,,551.5,,551.5
07/06/2018 01.30,,550.05,,550.05
07/06/2018 01.45,,545.47,,545.47
07/06/2018 02.00,,535.39,,535.39
07/06/2018 02.15,,538.13,,538.13
07/06/2018 02.30,,529.5,,529.5
07/06/2018 02.45,,531,,531
07/06/2018 03.00,,524.4,,524.4
07/06/2018 03.15,,519.87,,519.87
07/06/2018 03.30,,527.21,,527.21
07/06/2018 03.45,,519.93,,519.93
07/06/2018 04.00,,518.77,,518.77
07/06/2018 04.15,,526.32,,526.32
07/06/2018 04.30,,520.68,,520.68
07/06/2018 04.45,,521.63,,521.63
07/06/2018 05.00,,521.76,,521.76
07/06/2018 05.15,,524.13,,524.13
07/06/2018 05.30,,531.74,,531.74
07/06/2018 05.45,,539.21,,539.21
07/06/2018 06.00,,543.66,,543.66
07/06/2018 06.15,,556.3,,556.3
07/06/2018 06.30,,574.01,,574.01
07/06/2018 06.45,,601.04,,601.04
07/06/2018 07.00,,645.86,,645.86
07/06/2018 07.15,,698.25,,698.25
07/06/2018 07.30,,760.03,,760.03
07/06/2018 07.45,,843.49,,843.49
07/06/2018 08.00,,901.09,,901.09
07/06/2018 08.15,,1012.76,,1012.76
07/06/2018 08.30,,1082.38,,1082.38
07/06/2018 08.45,,1168.1,,1168.1
07/06/2018 09.00,,1199.94,,1199.94
07/06/2018 09.15,1208.2,,,1208.2
07/06/2018 09.30,1202.96,,,1202.96
07/06/2018 09.45,1199.31,,,1199.31
07/06/2018 10.00,1204.92,,,1204.92
07/06/2018 10.15,1222.71,,,1222.71
07/06/2018 10.30,1215.55,,,1215.55
07/06/2018 10.45,1197.52,,,1197.52
07/06/2018 11.00,1209.79,,,1209.79
07/06/2018 11.15,1206.04,,,1206.04
07/06/2018 11.30,1162.78,,,1162.78
07/06/2018 11.45,1150.62,,,1150.62
07/06/2018 12.00,1154.28,,,1154.28
07/06/2018 12.15,1124.78,,,1124.78
07/06/2018 12.30,1112.41,,,1112.41
07/06/2018 12.45,1104.51,,,1104.51
07/06/2018 13.00,1101.69,,,1101.69
07/06/2018 13.15,1115.53,,,1115.53
07/06/2018 13.30,1126.28,,,1126.28
07/06/2018 13.45,1121.99,,,1121.99
07/06/2018 14.00,1166.7,,,1166.7
07/06/2018 14.15,1165.28,,,1165.28
07/06/2018 14.30,1145.7,,,1145.7
07/06/2018 14.45,1186.67,,,1186.67
07/06/2018 15.00,1139.39,,,1139.39
07/06/2018 15.15,1124.65,,,1124.65
07/06/2018 15.30,1129.69,,,1129.69
07/06/2018 15.45,1174.6,,,1174.6
07/06/2018 16.00,1133.7,,,1133.7
07/06/2018 16.15,1112.46,,,1112.46
07/06/2018 16.30,1045.48,,,1045.48
07/06/2018 16.45,979.84,,,979.84
07/06/2018 17.00,945.83,,,945.83
07/06/2018 17.15,927.15,,,927.15
07/06/2018 17.30,880.48,,,880.48
07/06/2018 17.45,868.9,,,868.9
07/06/2018 18.00,843.04,,,843.04
07/06/2018 18.15,834.64,,,834.64
07/06/2018 18.30,820.8,,,820.8
07/06/2018 18.45,796.76,,,796.76
07/06/2018 19.00,773.92,,,773.92
07/06/2018 19.15,740.34,,,740.34
07/06/2018 19.30,726.2,,,726.2
07/06/2018 19.45,688.71,,,688.71
07/06/2018 20.00,662.22,,,662.22
07/06/2018 20.15,647.99,,,647.99
07/06/2018 20.30,632.51,,,632.51
07/06/2018 20.45,613.01,,,613.01
07/06/2018 21.00,593.06,,,593.06
07/06/2018 21.15,590.96,,,590.96
07/06/2018 21.30,581.48,,,581.48
07/06/2018 21.45,578.29,,,578.29
07/06/2018 22.00,575.59,,,575.59
07/06/2018 22.15,,574.75,,574.75
07/06/2018 22.30,,581.01,,581.01
07/06/2018 22.45,,578.75,,578.75
07/06/2018 23.00,,568.3,,568.3
07/06/2018 23.15,,566.14,,566.14
07/06/2018 23.30,,558.8,,558.8
07/06/2018 23.45,,553.82,,553.82
07/06/2018 24.00,,538.37,,538.37
08/06/2018 00.15,,540.14,,540.14
08/06/2018 00.30,,539.32,,539.32
08/06/2018 00.45,,538.38,,538.38
08/06/2018 01.00,,538.09,,538.09
08/06/2018 01.15,,532.29,,532.29
08/06/2018 01.30,,531.43,,531.43
08/06/2018 01.45,,526.45,,526.45
08/06/2018 02.00,,524.47,,524.47
08/06/2018 02.15,,527.01,,527.01
08/06/2018 02.30,,523.03,,523.03
08/06/2018 02.45,,516.93,,516.93
08/06/2018 03.00,,509.44,,509.44
08/06/2018 03.15,,513.42,,513.42
08/06/2018 03.30,,504.21,,504.21
08/06/2018 03.45,,496.58,,496.58
08/06/2018 04.00,,501.68,,501.68
08/06/2018 04.15,,497.69,,497.69
08/06/2018 04.30,,495.79,,495.79
08/06/2018 04.45,,493.79,,493.79
08/06/2018 05.00,,501.08,,501.08
08/06/2018 05.15,,506.42,,506.42
08/06/2018 05.30,,511.6,,511.6
08/06/2018 05.45,,518.02,,518.02
08/06/2018 06.00,,528.87,,528.87
08/06/2018 06.15,,559.9,,559.9
08/06/2018 06.30,,567.01,,567.01
08/06/2018 06.45,,583.82,,583.82
08/06/2018 07.00,,632.41,,632.41
08/06/2018 07.15,,678.76,,678.76
08/06/2018 07.30,,735.5,,735.5
08/06/2018 07.45,,805.82,,805.82
08/06/2018 08.00,,864.88,,864.88
08/06/2018 08.15,,978.87,,978.87
08/06/2018 08.30,,1034.08,,1034.08
08/06/2018 08.45,,1083.37,,1083.37
08/06/2018 09.00,,1074.62,,1074.62
08/06/2018 09.15,1082.14,,,1082.14
08/06/2018 09.30,1115.82,,,1115.82
08/06/2018 09.45,1098.49,,,1098.49
08/06/2018 10.00,1110.74,,,1110.74
08/06/2018 10.15,1108.49,,,1108.49
08/06/2018 10.30,1118.41,,,1118.41
08/06/2018 10.45,1079.37,,,1079.37
08/06/2018 11.00,1118.22,,,1118.22
08/06/2018 11.15,1055.35,,,1055.35
08/06/2018 11.30,1005.23,,,1005.23
08/06/2018 11.45,1025.95,,,1025.95
08/06/2018 12.00,1046.26,,,1046.26
08/06/2018 12.15,1028.61,,,1028.61
08/06/2018 12.30,1049.06,,,1049.06
08/06/2018 12.45,1028.53,,,1028.53
08/06/2018 13.00,1065.61,,,1065.61
08/06/2018 13.15,1066.82,,,1066.82
08/06/2018 13.30,1044.13,,,1044.13
08/06/2018 13.45,1039.5,,,1039.5
08/06/2018 14.00,1062.93,,,1062.93
08/06/2018 14.15,1045.53,,,1045.53
08/06/2018 14.30,1079.98,,,1079.98
08/06/2018 14.45,1097.88,,,1097.88
08/06/2018 15.00,1070.24,,,1070.24
08/06/2018 15.15,1048.19,,,1048.19
08/06/2018 15.30,1029.29,,,1029.29
08/06/2018 15.45,1026.35,,,1026.35
08/06/2018 16.00,1002.37,,,1002.37
08/06/2018 16.15,948.1,,,948.1
08/06/2018 16.30,911.84,,,911.84
08/06/2018 16.45,833.9,,,833.9
08/06/2018 17.00,808.46,,,808.46
08/06/2018 17.15,783.97,,,783.97
08/06/2018 17.30,772.55,,,772.55
08/06/2018 17.45,749.65,,,749.65
08/06/2018 18.00,725.47,,,725.47
08/06/2018 18.15,722.49,,,722.49
08/06/2018 18.30,721.53,,,721.53
08/06/2018 18.45,710.29,,,710.29
08/06/2018 19.00,704.36,,,704.36
08/06/2018 19.15,690.07,,,690.07
08/06/2018 19.30,676.49,,,676.49
08/06/2018 19.45,668.55,,,668.55
08/06/2018 20.00,634.36,,,634.36
08/06/2018 20.15,606.04,,,606.04
08/06/2018 20.30,578.91,,,578.91
08/06/2018 20.45,566.64,,,566.64
08/06/2018 21.00,552.85,,,552.85
08/06/2018 21.15,540.16,,,540.16
08/06/2018 21.30,543.69,,,543.69
08/06/2018 21.45,538.24,,,538.24
08/06/2018 22.00,530.63,,,530.63
08/06/2018 22.15,,532.8,,532.8
08/06/2018 22.30,,531.64,,531.64
08/06/2018 22.45,,529.56,,529.56
08/06/2018 23.00,,523.64,,523.64
08/06/2018 23.15,,520.66,,520.66
08/06/2018 23.30,,519.26,,519.26
08/06/2018 23.45,,513,,513
08/06/2018 24.00,,522.29,,522.29
09/06/2018 00.15,,,512.56,512.56
09/06/2018 00.30,,,511.13,511.13
09/06/2018 00.45,,,511.11,511.11
09/06/2018 01.00,,,507.47,507.47
09/06/2018 01.15,,,501.06,501.06
09/06/2018 01.30,,,506.05,506.05
09/06/2018 01.45,,,505.84,505.84
09/06/2018 02.00,,,497.82,497.82
09/06/2018 02.15,,,498.31,498.31
09/06/2018 02.30,,,496.76,496.76
09/06/2018 02.45,,,493.65,493.65
09/06/2018 03.00,,,484.29,484.29
09/06/2018 03.15,,,487.16,487.16
09/06/2018 03.30,,,486.21,486.21
09/06/2018 03.45,,,477.05,477.05
09/06/2018 04.00,,,475.02,475.02
09/06/2018 04.15,,,478.5,478.5
09/06/2018 04.30,,,476.78,476.78
09/06/2018 04.45,,,473.81,473.81
09/06/2018 05.00,,,478.84,478.84
09/06/2018 05.15,,,482.74,482.74
09/06/2018 05.30,,,481.29,481.29
09/06/2018 05.45,,,491.98,491.98
09/06/2018 06.00,,,493.55,493.55
09/06/2018 06.15,,,511.4,511.4
09/06/2018 06.30,,,516.97,516.97
09/06/2018 06.45,,,514.29,514.29
09/06/2018 07.00,,,526.89,526.89
09/06/2018 07.15,,,542.45,542.45
09/06/2018 07.30,,,556.21,556.21
09/06/2018 07.45,,,570.29,570.29
09/06/2018 08.00,,,589.78,589.78
09/06/2018 08.15,,,638.83,638.83
09/06/2018 08.30,,,648.09,648.09
09/06/2018 08.45,,,663.05,663.05
09/06/2018 09.00,,,683.33,683.33
09/06/2018 09.15,,,679.23,679.23
09/06/2018 09.30,,,676.52,676.52
09/06/2018 09.45,,,730.05,730.05
09/06/2018 10.00,,,699.2,699.2
09/06/2018 10.15,,,698.04,698.04
09/06/2018 10.30,,,702.7,702.7
09/06/2018 10.45,,,694.21,694.21
09/06/2018 11.00,,,699.6,699.6
09/06/2018 11.15,,,706.73,706.73
09/06/2018 11.30,,,707.05,707.05
09/06/2018 11.45,,,714.1,714.1
09/06/2018 12.00,,,706.92,706.92
09/06/2018 12.15,,,701.7,701.7
09/06/2018 12.30,,,677.54,677.54
09/06/2018 12.45,,,658.55,658.55
09/06/2018 13.00,,,642.04,642.04
09/06/2018 13.15,,,619.77,619.77
09/06/2018 13.30,,,626.88,626.88
09/06/2018 13.45,,,644.23,644.23
09/06/2018 14.00,,,643.72,643.72
09/06/2018 14.15,,,643.73,643.73
09/06/2018 14.30,,,652.01,652.01
09/06/2018 14.45,,,659.36,659.36
09/06/2018 15.00,,,662.28,662.28
09/06/2018 15.15,,,665.91,665.91
09/06/2018 15.30,,,657.17,657.17
09/06/2018 15.45,,,646.51,646.51
09/06/2018 16.00,,,642.27,642.27
09/06/2018 16.15,,,624.51,624.51
09/06/2018 16.30,,,621.73,621.73
09/06/2018 16.45,,,597.17,597.17
09/06/2018 17.00,,,574.56,574.56
09/06/2018 17.15,,,558.71,558.71
09/06/2018 17.30,,,548.14,548.14
09/06/2018 17.45,,,527.1,527.1
09/06/2018 18.00,,,527.4,527.4
09/06/2018 18.15,,,534.55,534.55
09/06/2018 18.30,,,533.3,533.3
09/06/2018 18.45,,,538.09,538.09
09/06/2018 19.00,,,541.95,541.95
09/06/2018 19.15,,,537.68,537.68
09/06/2018 19.30,,,536.43,536.43
09/06/2018 19.45,,,530.5,530.5
09/06/2018 20.00,,,518.1,518.1
09/06/2018 20.15,,,518.37,518.37
09/06/2018 20.30,,,512.21,512.21
09/06/2018 20.45,,,512.79,512.79
09/06/2018 21.00,,,508.19,508.19
09/06/2018 21.15,,,506.4,506.4
09/06/2018 21.30,,,505.23,505.23
09/06/2018 21.45,,,505.13,505.13
09/06/2018 22.00,,,509.4,509.4
09/06/2018 22.15,,,501.05,501.05
09/06/2018 22.30,,,504.45,504.45
09/06/2018 22.45,,,501.68,501.68
09/06/2018 23.00,,,494.74,494.74
09/06/2018 23.15,,,494.24,494.24
09/06/2018 23.30,,,496.16,496.16
09/06/2018 23.45,,,494.27,494.27
09/06/2018 24.00,,,490.73,490.73
10/06/2018 00.15,,,486.53,486.53
10/06/2018 00.30,,,489.11,489.11
10/06/2018 00.45,,,489.13,489.13
10/06/2018 01.00,,,481.53,481.53
10/06/2018 01.15,,,482.58,482.58
10/06/2018 01.30,,,478.49,478.49
10/06/2018 01.45,,,479.89,479.89
10/06/2018 02.00,,,477.66,477.66
10/06/2018 02.15,,,474.91,474.91
10/06/2018 02.30,,,477.2,477.2
10/06/2018 02.45,,,473.13,473.13
10/06/2018 03.00,,,478.28,478.28
10/06/2018 03.15,,,477.78,477.78
10/06/2018 03.30,,,475.28,475.28
10/06/2018 03.45,,,468.42,468.42
10/06/2018 04.00,,,469.57,469.57
10/06/2018 04.15,,,464.62,464.62
10/06/2018 04.30,,,461.12,461.12
10/06/2018 04.45,,,460.89,460.89
10/06/2018 05.00,,,457.95,457.95
10/06/2018 05.15,,,462.44,462.44
10/06/2018 05.30,,,463.28,463.28
10/06/2018 05.45,,,471.03,471.03
10/06/2018 06.00,,,470.37,470.37
10/06/2018 06.15,,,461.18,461.18
10/06/2018 06.30,,,469.6,469.6
10/06/2018 06.45,,,469.68,469.68
10/06/2018 07.00,,,471.41,471.41
10/06/2018 07.15,,,470.65,470.65
10/06/2018 07.30,,,477.65,477.65
10/06/2018 07.45,,,492.31,492.31
10/06/2018 08.00,,,507.24,507.24
10/06/2018 08.15,,,503.65,503.65
10/06/2018 08.30,,,502.48,502.48
10/06/2018 08.45,,,538.48,538.48
10/06/2018 09.00,,,557.14,557.14
10/06/2018 09.15,,,574.87,574.87
10/06/2018 09.30,,,576.19,576.19
10/06/2018 09.45,,,573.66,573.66
10/06/2018 10.00,,,562.38,562.38
10/06/2018 10.15,,,570.3,570.3
10/06/2018 10.30,,,575.32,575.32
10/06/2018 10.45,,,576.83,576.83
10/06/2018 11.00,,,570.17,570.17
10/06/2018 11.15,,,568.35,568.35
10/06/2018 11.30,,,522.5,522.5
10/06/2018 11.45,,,507.29,507.29
10/06/2018 12.00,,,477.2,477.2
10/06/2018 12.15,,,501.48,501.48
10/06/2018 12.30,,,515.48,515.48
10/06/2018 12.45,,,540.95,540.95
10/06/2018 13.00,,,544.93,544.93
10/06/2018 13.15,,,511.03,511.03
10/06/2018 13.30,,,547.76,547.76
10/06/2018 13.45,,,561.24,561.24
10/06/2018 14.00,,,524.82,524.82
10/06/2018 14.15,,,528.89,528.89
10/06/2018 14.30,,,558.79,558.79
10/06/2018 14.45,,,593.9,593.9
10/06/2018 15.00,,,571.17,571.17
10/06/2018 15.15,,,543.26,543.26
10/06/2018 15.30,,,523.14,523.14
10/06/2018 15.45,,,567.19,567.19
10/06/2018 16.00,,,545,545
10/06/2018 16.15,,,539.05,539.05
10/06/2018 16.30,,,529.4,529.4
10/06/2018 16.45,,,534.92,534.92
10/06/2018 17.00,,,545.11,545.11
10/06/2018 17.15,,,547.03,547.03
10/06/2018 17.30,,,539.61,539.61
10/06/2018 17.45,,,538.24,538.24
10/06/2018 18.00,,,540.5,540.5
10/06/2018 18.15,,,544.43,544.43
10/06/2018 18.30,,,553.98,553.98
10/06/2018 18.45,,,559.54,559.54
10/06/2018 19.00,,,563.06,563.06
10/06/2018 19.15,,,562.92,562.92
10/06/2018 19.30,,,557.63,557.63
10/06/2018 19.45,,,552.59,552.59
10/06/2018 20.00,,,554.42,554.42
10/06/2018 20.15,,,547.01,547.01
10/06/2018 20.30,,,545.17,545.17
10/06/2018 20.45,,,542.01,542.01
10/06/2018 21.00,,,544.87,544.87
10/06/2018 21.15,,,546.13,546.13
10/06/2018 21.30,,,543.87,543.87
10/06/2018 21.45,,,545.67,545.67
10/06/2018 22.00,,,544.09,544.09
10/06/2018 22.15,,,547.59,547.59
10/06/2018 22.30,,,540.66,540.66
10/06/2018 22.45,,,536.37,536.37
10/06/2018 23.00,,,533.51,533.51
10/06/2018 23.15,,,538.58,538.58
10/06/2018 23.30,,,536.68,536.68
10/06/2018 23.45,,,532.01,532.01
10/06/2018 24.00,,,529.9,529.9
11/06/2018 00.15,,527.18,,527.18
11/06/2018 00.30,,531.74,,531.74
11/06/2018 00.45,,523.87,,523.87
11/06/2018 01.00,,516.82,,516.82
11/06/2018 01.15,,516.06,,516.06
11/06/2018 01.30,,513.1,,513.1
11/06/2018 01.45,,507.52,,507.52
11/06/2018 02.00,,507.11,,507.11
11/06/2018 02.15,,516.73,,516.73
11/06/2018 02.30,,508.71,,508.71
11/06/2018 02.45,,509.32,,509.32
11/06/2018 03.00,,498.13,,498.13
11/06/2018 03.15,,492.98,,492.98
11/06/2018 03.30,,489.21,,489.21
11/06/2018 03.45,,494.55,,494.55
11/06/2018 04.00,,496.05,,496.05
11/06/2018 04.15,,502.11,,502.11
11/06/2018 04.30,,495.24,,495.24
11/06/2018 04.45,,489.34,,489.34
11/06/2018 05.00,,494.24,,494.24
11/06/2018 05.15,,495.84,,495.84
11/06/2018 05.30,,505.92,,505.92
11/06/2018 05.45,,507.95,,507.95
11/06/2018 06.00,,525.77,,525.77
11/06/2018 06.15,,547.26,,547.26
11/06/2018 06.30,,539.79,,539.79
11/06/2018 06.45,,548.77,,548.77
11/06/2018 07.00,,582.41,,582.41
11/06/2018 07.15,,640.33,,640.33
11/06/2018 07.30,,723.55,,723.55
11/06/2018 07.45,,822.3,,822.3
11/06/2018 08.00,,918.13,,918.13
11/06/2018 08.15,,983.89,,983.89
11/06/2018 08.30,,1062.82,,1062.82
11/06/2018 08.45,,1103.04,,1103.04
11/06/2018 09.00,,1158.83,,1158.83
11/06/2018 09.15,1198.62,,,1198.62
11/06/2018 09.30,1227.6,,,1227.6
11/06/2018 09.45,1254.73,,,1254.73
11/06/2018 10.00,1237.39,,,1237.39
11/06/2018 10.15,1247.26,,,1247.26
11/06/2018 10.30,1227.91,,,1227.91
11/06/2018 10.45,1236.92,,,1236.92
11/06/2018 11.00,1237.84,,,1237.84
11/06/2018 11.15,1240.84,,,1240.84
11/06/2018 11.30,1223.24,,,1223.24
11/06/2018 11.45,1242.18,,,1242.18
11/06/2018 12.00,1256.37,,,1256.37
11/06/2018 12.15,1220.33,,,1220.33
11/06/2018 12.30,1238.03,,,1238.03
11/06/2018 12.45,1208.5,,,1208.5
11/06/2018 13.00,1240.24,,,1240.24
11/06/2018 13.15,1213.29,,,1213.29
11/06/2018 13.30,1231.11,,,1231.11
11/06/2018 13.45,1219.49,,,1219.49
11/06/2018 14.00,1261.48,,,1261.48
11/06/2018 14.15,1280.85,,,1280.85
11/06/2018 14.30,1261.11,,,1261.11
11/06/2018 14.45,1257.45,,,1257.45
11/06/2018 15.00,1239.76,,,1239.76
11/06/2018 15.15,1235.68,,,1235.68
11/06/2018 15.30,1212.04,,,1212.04
11/06/2018 15.45,1159.85,,,1159.85
11/06/2018 16.00,1140.15,,,1140.15
11/06/2018 16.15,1088.16,,,1088.16
11/06/2018 16.30,1044.72,,,1044.72
11/06/2018 16.45,963.29,,,963.29
11/06/2018 17.00,920.38,,,920.38
11/06/2018 17.15,894.02,,,894.02
11/06/2018 17.30,880.8,,,880.8
11/06/2018 17.45,862.61,,,862.61
11/06/2018 18.00,841.74,,,841.74
11/06/2018 18.15,825.16,,,825.16
11/06/2018 18.30,807.46,,,807.46
11/06/2018 18.45,795.48,,,795.48
11/06/2018 19.00,774.58,,,774.58
11/06/2018 19.15,755.5,,,755.5
11/06/2018 19.30,731.44,,,731.44
11/06/2018 19.45,711.55,,,711.55
11/06/2018 20.00,695.39,,,695.39
11/06/2018 20.15,653.12,,,653.12
11/06/2018 20.30,629.91,,,629.91
11/06/2018 20.45,608.4,,,608.4
11/06/2018 21.00,591.35,,,591.35
11/06/2018 21.15,585.45,,,585.45
11/06/2018 21.30,583.69,,,583.69
11/06/2018 21.45,579.06,,,579.06
11/06/2018 22.00,567.93,,,567.93
11/06/2018 22.15,,571.77,,571.77
11/06/2018 22.30,,567.92,,567.92
11/06/2018 22.45,,558.27,,558.27
11/06/2018 23.00,,550.19,,550.19
11/06/2018 23.15,,545.69,,545.69
11/06/2018 23.30,,549.38,,549.38
11/06/2018 23.45,,546,,546
11/06/2018 24.00,,546.08,,546.08
12/06/2018 00.15,,546.08,,546.08
12/06/2018 00.30,,538.95,,538.95
12/06/2018 00.45,,535.8,,535.8
12/06/2018 01.00,,525.77,,525.77
12/06/2018 01.15,,521.74,,521.74
12/06/2018 01.30,,521.74,,521.74
12/06/2018 01.45,,524.63,,524.63
12/06/2018 02.00,,526.22,,526.22
12/06/2018 02.15,,527.58,,527.58
12/06/2018 02.30,,521,,521
12/06/2018 02.45,,517.24,,517.24
12/06/2018 03.00,,512.42,,512.42
12/06/2018 03.15,,509.13,,509.13
12/06/2018 03.30,,507.35,,507.35
12/06/2018 03.45,,500.74,,500.74
12/06/2018 04.00,,503.89,,503.89
12/06/2018 04.15,,509.06,,509.06
12/06/2018 04.30,,504,,504
12/06/2018 04.45,,503.02,,503.02
12/06/2018 05.00,,507.23,,507.23
12/06/2018 05.15,,515.55,,515.55
12/06/2018 05.30,,521.02,,521.02
12/06/2018 05.45,,533.05,,533.05
12/06/2018 06.00,,544.19,,544.19
12/06/2018 06.15,,562.13,,562.13
12/06/2018 06.30,,583.14,,583.14
12/06/2018 06.45,,616.41,,616.41
12/06/2018 07.00,,644.39,,644.39
12/06/2018 07.15,,683.17,,683.17
12/06/2018 07.30,,753.79,,753.79
12/06/2018 07.45,,843.48,,843.48
12/06/2018 08.00,,925.47,,925.47
12/06/2018 08.15,,1021.02,,1021.02
12/06/2018 08.30,,1085.74,,1085.74
12/06/2018 08.45,,1152.22,,1152.22
12/06/2018 09.00,,1138.64,,1138.64
12/06/2018 09.15,1144.99,,,1144.99
12/06/2018 09.30,1147.09,,,1147.09
12/06/2018 09.45,1152.96,,,1152.96
12/06/2018 10.00,1151.64,,,1151.64
12/06/2018 10.15,1147.23,,,1147.23
12/06/2018 10.30,1144.51,,,1144.51
12/06/2018 10.45,1158.51,,,1158.51
12/06/2018 11.00,1169.55,,,1169.55
12/06/2018 11.15,1140.99,,,1140.99
12/06/2018 11.30,1158.91,,,1158.91
12/06/2018 11.45,1165.57,,,1165.57
12/06/2018 12.00,1160.52,,,1160.52
12/06/2018 12.15,1188.28,,,1188.28
12/06/2018 12.30,1140.94,,,1140.94
12/06/2018 12.45,1182.31,,,1182.31
12/06/2018 13.00,1186.21,,,1186.21
12/06/2018 13.15,1179.46,,,1179.46
12/06/2018 13.30,1205.42,,,1205.42
12/06/2018 13.45,1187.71,,,1187.71
12/06/2018 14.00,1213.05,,,1213.05
12/06/2018 14.15,1194.78,,,1194.78
12/06/2018 14.30,1214.45,,,1214.45
12/06/2018 14.45,1174.44,,,1174.44
12/06/2018 15.00,1219.12,,,1219.12
12/06/2018 15.15,1204.91,,,1204.91
12/06/2018 15.30,1185.54,,,1185.54
12/06/2018 15.45,1172.6,,,1172.6
12/06/2018 16.00,1124.22,,,1124.22
12/06/2018 16.15,1105.03,,,1105.03
12/06/2018 16.30,1068.13,,,1068.13
12/06/2018 16.45,997.61,,,997.61
12/06/2018 17.00,952.46,,,952.46
12/06/2018 17.15,912.36,,,912.36
12/06/2018 17.30,884.09,,,884.09
12/06/2018 17.45,873.09,,,873.09
12/06/2018 18.00,860.07,,,860.07
12/06/2018 18.15,838.59,,,838.59
12/06/2018 18.30,853.78,,,853.78
12/06/2018 18.45,824.64,,,824.64
12/06/2018 19.00,815.77,,,815.77
12/06/2018 19.15,794.88,,,794.88
12/06/2018 19.30,771.77,,,771.77
12/06/2018 19.45,745.58,,,745.58
12/06/2018 20.00,691.89,,,691.89
12/06/2018 20.15,671.31,,,671.31
12/06/2018 20.30,648.67,,,648.67
12/06/2018 20.45,637.07,,,637.07
12/06/2018 21.00,618.93,,,618.93
12/06/2018 21.15,612.19,,,612.19
12/06/2018 21.30,603.57,,,603.57
12/06/2018 21.45,601.75,,,601.75
12/06/2018 22.00,602.78,,,602.78
12/06/2018 22.15,,597.67,,597.67
12/06/2018 22.30,,593.72,,593.72
12/06/2018 22.45,,582.14,,582.14
12/06/2018 23.00,,579.17,,579.17
12/06/2018 23.15,,579.72,,579.72
12/06/2018 23.30,,577.35,,577.35
12/06/2018 23.45,,569.03,,569.03
12/06/2018 24.00,,564.67,,564.67
13/06/2018 00.15,,567.59,,567.59
13/06/2018 00.30,,562.53,,562.53
13/06/2018 00.45,,561.54,,561.54
13/06/2018 01.00,,555.79,,555.79
13/06/2018 01.15,,549.46,,549.46
13/06/2018 01.30,,544.16,,544.16
13/06/2018 01.45,,538.3,,538.3
13/06/2018 02.00,,536.66,,536.66
13/06/2018 02.15,,530.98,,530.98
13/06/2018 02.30,,527.34,,527.34
13/06/2018 02.45,,523,,523
13/06/2018 03.00,,518.58,,518.58
13/06/2018 03.15,,514.76,,514.76
13/06/2018 03.30,,506.47,,506.47
13/06/2018 03.45,,502.84,,502.84
13/06/2018 04.00,,505.84,,505.84
13/06/2018 04.15,,510,,510
13/06/2018 04.30,,501.34,,501.34
13/06/2018 04.45,,501.69,,501.69
13/06/2018 05.00,,493.97,,493.97
13/06/2018 05.15,,500.76,,500.76
13/06/2018 05.30,,509.18,,509.18
13/06/2018 05.45,,518.37,,518.37
13/06/2018 06.00,,527.14,,527.14
13/06/2018 06.15,,534.9,,534.9
13/06/2018 06.30,,582.85,,582.85
13/06/2018 06.45,,592.19,,592.19
13/06/2018 07.00,,624.51,,624.51
13/06/2018 07.15,,668.09,,668.09
13/06/2018 07.30,,718.89,,718.89
13/06/2018 07.45,,811.93,,811.93
13/06/2018 08.00,,899.51,,899.51
13/06/2018 08.15,,1003.26,,1003.26
13/06/2018 08.30,,1046.06,,1046.06
13/06/2018 08.45,,1117.98,,1117.98
13/06/2018 09.00,,1131.73,,1131.73
13/06/2018 09.15,1151.77,,,1151.77
13/06/2018 09.30,1150.12,,,1150.12
13/06/2018 09.45,1140.83,,,1140.83
13/06/2018 10.00,1161.75,,,1161.75
13/06/2018 10.15,1149.78,,,1149.78
13/06/2018 10.30,1178.18,,,1178.18
13/06/2018 10.45,1140.72,,,1140.72
13/06/2018 11.00,1140.7,,,1140.7
13/06/2018 11.15,1154.46,,,1154.46
13/06/2018 11.30,1192.89,,,1192.89
13/06/2018 11.45,1140.3,,,1140.3
13/06/2018 12.00,1209.75,,,1209.75
13/06/2018 12.15,1166.96,,,1166.96
13/06/2018 12.30,1129.67,,,1129.67
13/06/2018 12.45,1177.59,,,1177.59
13/06/2018 13.00,1191.34,,,1191.34
13/06/2018 13.15,1176.39,,,1176.39
13/06/2018 13.30,1224.05,,,1224.05
13/06/2018 13.45,1250.02,,,1250.02
13/06/2018 14.00,1205.49,,,1205.49
13/06/2018 14.15,1225.21,,,1225.21
13/06/2018 14.30,1176.09,,,1176.09
13/06/2018 14.45,1212.99,,,1212.99
13/06/2018 15.00,1112.67,,,1112.67
13/06/2018 15.15,1140.54,,,1140.54
13/06/2018 15.30,1136.44,,,1136.44
13/06/2018 15.45,1113.88,,,1113.88
13/06/2018 16.00,1107.48,,,1107.48
13/06/2018 16.15,1059.56,,,1059.56
13/06/2018 16.30,985.44,,,985.44
13/06/2018 16.45,960.34,,,960.34
13/06/2018 17.00,928.1,,,928.1
13/06/2018 17.15,892.33,,,892.33
13/06/2018 17.30,873.06,,,873.06
13/06/2018 17.45,840.72,,,840.72
13/06/2018 18.00,795.76,,,795.76
13/06/2018 18.15,796.64,,,796.64
13/06/2018 18.30,792.98,,,792.98
13/06/2018 18.45,790.13,,,790.13
13/06/2018 19.00,782.03,,,782.03
13/06/2018 19.15,765.87,,,765.87
13/06/2018 19.30,742.07,,,742.07
13/06/2018 19.45,731.44,,,731.44
13/06/2018 20.00,695.96,,,695.96
13/06/2018 20.15,656.44,,,656.44
13/06/2018 20.30,643.56,,,643.56
13/06/2018 20.45,642.28,,,642.28
13/06/2018 21.00,615.99,,,615.99
13/06/2018 21.15,602.46,,,602.46
13/06/2018 21.30,599.72,,,599.72
13/06/2018 21.45,598.11,,,598.11
13/06/2018 22.00,586.88,,,586.88
13/06/2018 22.15,,589.54,,589.54
13/06/2018 22.30,,581.08,,581.08
13/06/2018 22.45,,579.43,,579.43
13/06/2018 23.00,,570.22,,570.22
13/06/2018 23.15,,564.01,,564.01
13/06/2018 23.30,,566.35,,566.35
13/06/2018 23.45,,566.64,,566.64
13/06/2018 24.00,,561.29,,561.29
14/06/2018 00.15,,555.08,,555.08
14/06/2018 00.30,,553.53,,553.53
14/06/2018 00.45,,546.67,,546.67
14/06/2018 01.00,,540.22,,540.22
14/06/2018 01.15,,530.48,,530.48
14/06/2018 01.30,,534.53,,534.53
14/06/2018 01.45,,528.77,,528.77
14/06/2018 02.00,,517.19,,517.19
14/06/2018 02.15,,521.92,,521.92
14/06/2018 02.30,,513.19,,513.19
14/06/2018 02.45,,512.37,,512.37
14/06/2018 03.00,,510.24,,510.24
14/06/2018 03.15,,508.21,,508.21
14/06/2018 03.30,,508.63,,508.63
14/06/2018 03.45,,501.61,,501.61
14/06/2018 04.00,,497.65,,497.65
14/06/2018 04.15,,505.58,,505.58
14/06/2018 04.30,,502.34,,502.34
14/06/2018 04.45,,498.44,,498.44
14/06/2018 05.00,,503.55,,503.55
14/06/2018 05.15,,506.02,,506.02
14/06/2018 05.30,,510.18,,510.18
14/06/2018 05.45,,518.63,,518.63
14/06/2018 06.00,,525.69,,525.69
14/06/2018 06.15,,537.13,,537.13
14/06/2018 06.30,,575.43,,575.43
14/06/2018 06.45,,588.14,,588.14
14/06/2018 07.00,,614.28,,614.28
14/06/2018 07.15,,658.47,,658.47
14/06/2018 07.30,,712.47,,712.47
14/06/2018 07.45,,778.39,,778.39
14/06/2018 08.00,,860.46,,860.46
14/06/2018 08.15,,969.76,,969.76
14/06/2018 08.30,,1012.61,,1012.61
14/06/2018 08.45,,1026.71,,1026.71
14/06/2018 09.00,,1060.25,,1060.25
14/06/2018 09.15,1054.24,,,1054.24
14/06/2018 09.30,1059.98,,,1059.98
14/06/2018 09.45,1089.67,,,1089.67
14/06/2018 10.00,1094.45,,,1094.45
14/06/2018 10.15,1090.06,,,1090.06
14/06/2018 10.30,1139.96,,,1139.96
14/06/2018 10.45,1102.07,,,1102.07
14/06/2018 11.00,1108.32,,,1108.32
14/06/2018 11.15,1082.53,,,1082.53
14/06/2018 11.30,1092.85,,,1092.85
14/06/2018 11.45,1104.82,,,1104.82
14/06/2018 12.00,1091.82,,,1091.82
14/06/2018 12.15,1115.01,,,1115.01
14/06/2018 12.30,1054.06,,,1054.06
14/06/2018 12.45,1080.91,,,1080.91
14/06/2018 13.00,1080.93,,,1080.93
14/06/2018 13.15,1130.31,,,1130.31
14/06/2018 13.30,1083.22,,,1083.22
14/06/2018 13.45,1131.65,,,1131.65
14/06/2018 14.00,1163.25,,,1163.25
14/06/2018 14.15,1193.75,,,1193.75
14/06/2018 14.30,1191.28,,,1191.28
14/06/2018 14.45,1145.07,,,1145.07
14/06/2018 15.00,1134.83,,,1134.83
14/06/2018 15.15,1166.1,,,1166.1
14/06/2018 15.30,1150.43,,,1150.43
14/06/2018 15.45,1086.7,,,1086.7
14/06/2018 16.00,1048.26,,,1048.26
14/06/2018 16.15,991.47,,,991.47
14/06/2018 16.30,971.08,,,971.08
14/06/2018 16.45,925.51,,,925.51
14/06/2018 17.00,877.57,,,877.57
14/06/2018 17.15,854.93,,,854.93
14/06/2018 17.30,827.14,,,827.14
14/06/2018 17.45,820.03,,,820.03
14/06/2018 18.00,816.59,,,816.59
14/06/2018 18.15,809.34,,,809.34
14/06/2018 18.30,803.88,,,803.88
14/06/2018 18.45,790.79,,,790.79
14/06/2018 19.00,777.69,,,777.69
14/06/2018 19.15,765.87,,,765.87
14/06/2018 19.30,745.5,,,745.5
14/06/2018 19.45,724.24,,,724.24
14/06/2018 20.00,696.99,,,696.99
14/06/2018 20.15,675.18,,,675.18
14/06/2018 20.30,656.43,,,656.43
14/06/2018 20.45,627.69,,,627.69
14/06/2018 21.00,587.45,,,587.45
14/06/2018 21.15,579.67,,,579.67
14/06/2018 21.30,572.66,,,572.66
14/06/2018 21.45,574.37,,,574.37
14/06/2018 22.00,574.48,,,574.48
14/06/2018 22.15,,570.54,,570.54
14/06/2018 22.30,,573.14,,573.14
14/06/2018 22.45,,568.22,,568.22
14/06/2018 23.00,,562.13,,562.13
14/06/2018 23.15,,555.69,,555.69
14/06/2018 23.30,,556.87,,556.87
14/06/2018 23.45,,561,,561
14/06/2018 24.00,,558,,558
15/06/2018 00.15,,551.56,,551.56
15/06/2018 00.30,,549.59,,549.59
15/06/2018 00.45,,550.4,,550.4
15/06/2018 01.00,,541.43,,541.43
15/06/2018 01.15,,539.24,,539.24
15/06/2018 01.30,,537.11,,537.11
15/06/2018 01.45,,532.56,,532.56
15/06/2018 02.00,,527.16,,527.16
15/06/2018 02.15,,533.19,,533.19
15/06/2018 02.30,,529.11,,529.11
15/06/2018 02.45,,525.82,,525.82
15/06/2018 03.00,,517.61,,517.61
15/06/2018 03.15,,517.37,,517.37
15/06/2018 03.30,,509.48,,509.48
15/06/2018 03.45,,510.66,,510.66
15/06/2018 04.00,,510.34,,510.34
15/06/2018 04.15,,506.76,,506.76
15/06/2018 04.30,,504.95,,504.95
15/06/2018 04.45,,504.87,,504.87
15/06/2018 05.00,,503.73,,503.73
15/06/2018 05.15,,508.89,,508.89
15/06/2018 05.30,,507.73,,507.73
15/06/2018 05.45,,515.23,,515.23
15/06/2018 06.00,,521.84,,521.84
15/06/2018 06.15,,533.66,,533.66
15/06/2018 06.30,,561.66,,561.66
15/06/2018 06.45,,593.12,,593.12
15/06/2018 07.00,,631.6,,631.6
15/06/2018 07.15,,681.81,,681.81
15/06/2018 07.30,,719.55,,719.55
15/06/2018 07.45,,787.63,,787.63
15/06/2018 08.00,,875.44,,875.44
15/06/2018 08.15,,953.89,,953.89
15/06/2018 08.30,,1013.89,,1013.89
15/06/2018 08.45,,1070.77,,1070.77
15/06/2018 09.00,,1084.85,,1084.85
15/06/2018 09.15,1074.69,,,1074.69
15/06/2018 09.30,1086.54,,,1086.54
15/06/2018 09.45,1098.98,,,1098.98
15/06/2018 10.00,1099.57,,,1099.57
15/06/2018 10.15,1132.72,,,1132.72
15/06/2018 10.30,1144.15,,,1144.15
15/06/2018 10.45,1137.96,,,1137.96
15/06/2018 11.00,1133.77,,,1133.77
15/06/2018 11.15,1138.12,,,1138.12
15/06/2018 11.30,1133.25,,,1133.25
15/06/2018 11.45,1179.25,,,1179.25
15/06/2018 12.00,1103.36,,,1103.36
15/06/2018 12.15,1142.15,,,1142.15
15/06/2018 12.30,1141.99,,,1141.99
15/06/2018 12.45,1139.51,,,1139.51
15/06/2018 13.00,1176.28,,,1176.28
15/06/2018 13.15,1127.3,,,1127.3
15/06/2018 13.30,1126.54,,,1126.54
15/06/2018 13.45,1147.14,,,1147.14
15/06/2018 14.00,1206.31,,,1206.31
15/06/2018 14.15,1171.47,,,1171.47
15/06/2018 14.30,1185.47,,,1185.47
15/06/2018 14.45,1193.94,,,1193.94
15/06/2018 15.00,1185.73,,,1185.73
15/06/2018 15.15,1121.44,,,1121.44
15/06/2018 15.30,1139.51,,,1139.51
15/06/2018 15.45,1129.01,,,1129.01
15/06/2018 16.00,1048.84,,,1048.84
15/06/2018 16.15,998.73,,,998.73
15/06/2018 16.30,915.17,,,915.17
15/06/2018 16.45,868.82,,,868.82
15/06/2018 17.00,841.9,,,841.9
15/06/2018 17.15,807.85,,,807.85
15/06/2018 17.30,772.03,,,772.03
15/06/2018 17.45,745.73,,,745.73
15/06/2018 18.00,738.89,,,738.89
15/06/2018 18.15,737.24,,,737.24
15/06/2018 18.30,729.78,,,729.78
15/06/2018 18.45,709.5,,,709.5
15/06/2018 19.00,698.47,,,698.47
15/06/2018 19.15,684.12,,,684.12
15/06/2018 19.30,670.3,,,670.3
15/06/2018 19.45,638.85,,,638.85
15/06/2018 20.00,612.43,,,612.43
15/06/2018 20.15,605.67,,,605.67
15/06/2018 20.30,590.3,,,590.3
15/06/2018 20.45,585.08,,,585.08
15/06/2018 21.00,571.04,,,571.04
15/06/2018 21.15,556.71,,,556.71
15/06/2018 21.30,550.26,,,550.26
15/06/2018 21.45,549.17,,,549.17
15/06/2018 22.00,550.14,,,550.14
15/06/2018 22.15,,552.17,,552.17
15/06/2018 22.30,,552.67,,552.67
15/06/2018 22.45,,535.09,,535.09
15/06/2018 23.00,,528.21,,528.21
15/06/2018 23.15,,526.66,,526.66
15/06/2018 23.30,,521.58,,521.58
15/06/2018 23.45,,525.56,,525.56
15/06/2018 24.00,,523.13,,523.13
16/06/2018 00.15,,,520,520
16/06/2018 00.30,,,517.52,517.52
16/06/2018 00.45,,,522.05,522.05
16/06/2018 01.00,,,516.35,516.35
16/06/2018 01.15,,,514.31,514.31
16/06/2018 01.30,,,507.68,507.68
16/06/2018 01.45,,,508.5,508.5
16/06/2018 02.00,,,502.76,502.76
16/06/2018 02.15,,,498.87,498.87
16/06/2018 02.30,,,492.48,492.48
16/06/2018 02.45,,,485.65,485.65
16/06/2018 03.00,,,479.61,479.61
16/06/2018 03.15,,,478.86,478.86
16/06/2018 03.30,,,472.28,472.28
16/06/2018 03.45,,,471.1,471.1
16/06/2018 04.00,,,473.29,473.29
16/06/2018 04.15,,,475.97,475.97
16/06/2018 04.30,,,474.37,474.37
16/06/2018 04.45,,,473.52,473.52
16/06/2018 05.00,,,467.68,467.68
16/06/2018 05.15,,,473.95,473.95
16/06/2018 05.30,,,481.66,481.66
16/06/2018 05.45,,,485.89,485.89
16/06/2018 06.00,,,494.11,494.11
16/06/2018 06.15,,,485.74,485.74
16/06/2018 06.30,,,491.61,491.61
16/06/2018 06.45,,,498.1,498.1
16/06/2018 07.00,,,515.71,515.71
16/06/2018 07.15,,,547.9,547.9
16/06/2018 07.30,,,557.75,557.75
16/06/2018 07.45,,,569.83,569.83
16/06/2018 08.00,,,584.58,584.58
16/06/2018 08.15,,,594.74,594.74
16/06/2018 08.30,,,614.32,614.32
16/06/2018 08.45,,,621.32,621.32
16/06/2018 09.00,,,635.09,635.09
16/06/2018 09.15,,,611.41,611.41
16/06/2018 09.30,,,636.6,636.6
16/06/2018 09.45,,,648.25,648.25
16/06/2018 10.00,,,642.38,642.38
16/06/2018 10.15,,,665.72,665.72
16/06/2018 10.30,,,689.25,689.25
16/06/2018 10.45,,,622.54,622.54
16/06/2018 11.00,,,652.86,652.86
16/06/2018 11.15,,,677.12,677.12
16/06/2018 11.30,,,677.36,677.36
16/06/2018 11.45,,,624.51,624.51
16/06/2018 12.00,,,607.62,607.62
16/06/2018 12.15,,,657.2,657.2
16/06/2018 12.30,,,614.85,614.85
16/06/2018 12.45,,,611.61,611.61
16/06/2018 13.00,,,631.91,631.91
16/06/2018 13.15,,,605.45,605.45
16/06/2018 13.30,,,606.04,606.04
16/06/2018 13.45,,,612.44,612.44
16/06/2018 14.00,,,620.96,620.96
16/06/2018 14.15,,,655.46,655.46
16/06/2018 14.30,,,667.34,667.34
16/06/2018 14.45,,,650.23,650.23
16/06/2018 15.00,,,666.43,666.43
16/06/2018 15.15,,,663.7,663.7
16/06/2018 15.30,,,624.62,624.62
16/06/2018 15.45,,,611.28,611.28
16/06/2018 16.00,,,669.49,669.49
16/06/2018 16.15,,,647.23,647.23
16/06/2018 16.30,,,635.28,635.28
16/06/2018 16.45,,,606.98,606.98
16/06/2018 17.00,,,586.64,586.64
16/06/2018 17.15,,,581.33,581.33
16/06/2018 17.30,,,569.72,569.72
16/06/2018 17.45,,,567.29,567.29
16/06/2018 18.00,,,558.96,558.96
16/06/2018 18.15,,,553.87,553.87
16/06/2018 18.30,,,553.53,553.53
16/06/2018 18.45,,,559.84,559.84
16/06/2018 19.00,,,564.88,564.88
16/06/2018 19.15,,,551.63,551.63
16/06/2018 19.30,,,548.76,548.76
16/06/2018 19.45,,,538.95,538.95
16/06/2018 20.00,,,545.35,545.35
16/06/2018 20.15,,,537.53,537.53
16/06/2018 20.30,,,533.93,533.93
16/06/2018 20.45,,,529.45,529.45
16/06/2018 21.00,,,521.03,521.03
16/06/2018 21.15,,,519.14,519.14
16/06/2018 21.30,,,516.66,516.66
16/06/2018 21.45,,,510.37,510.37
16/06/2018 22.00,,,510.1,510.1
16/06/2018 22.15,,,514.05,514.05
16/06/2018 22.30,,,516.23,516.23
16/06/2018 22.45,,,508.58,508.58
16/06/2018 23.00,,,508.64,508.64
16/06/2018 23.15,,,503.45,503.45
16/06/2018 23.30,,,506.39,506.39
16/06/2018 23.45,,,500.19,500.19
16/06/2018 24.00,,,496.5,496.5
17/06/2018 00.15,,,496.4,496.4
17/06/2018 00.30,,,498.63,498.63
17/06/2018 00.45,,,500.68,500.68
17/06/2018 01.00,,,497,497
17/06/2018 01.15,,,495.81,495.81
17/06/2018 01.30,,,483.95,483.95
17/06/2018 01.45,,,486.47,486.47
17/06/2018 02.00,,,478.78,478.78
17/06/2018 02.15,,,483.79,483.79
17/06/2018 02.30,,,482.24,482.24
17/06/2018 02.45,,,476.18,476.18
17/06/2018 03.00,,,475.5,475.5
17/06/2018 03.15,,,469.52,469.52
17/06/2018 03.30,,,468.91,468.91
17/06/2018 03.45,,,466.31,466.31
17/06/2018 04.00,,,467.26,467.26
17/06/2018 04.15,,,462.74,462.74
17/06/2018 04.30,,,467.58,467.58
17/06/2018 04.45,,,461.21,461.21
17/06/2018 05.00,,,463.68,463.68
17/06/2018 05.15,,,458.58,458.58
17/06/2018 05.30,,,458.44,458.44
17/06/2018 05.45,,,473.37,473.37
17/06/2018 06.00,,,467.39,467.39
17/06/2018 06.15,,,468.05,468.05
17/06/2018 06.30,,,463.24,463.24
17/06/2018 06.45,,,457.42,457.42
17/06/2018 07.00,,,464.23,464.23
17/06/2018 07.15,,,466.1,466.1
17/06/2018 07.30,,,453.44,453.44
17/06/2018 07.45,,,449.18,449.18
17/06/2018 08.00,,,448.46,448.46
17/06/2018 08.15,,,460.5,460.5
17/06/2018 08.30,,,486.84,486.84
17/06/2018 08.45,,,468.74,468.74
17/06/2018 09.00,,,476.08,476.08
17/06/2018 09.15,,,449.68,449.68
17/06/2018 09.30,,,489.86,489.86
17/06/2018 09.45,,,474.1,474.1
17/06/2018 10.00,,,481.32,481.32
17/06/2018 10.15,,,499.58,499.58
17/06/2018 10.30,,,517.13,517.13
17/06/2018 10.45,,,465.6,465.6
17/06/2018 11.00,,,456.21,456.21
17/06/2018 11.15,,,462.55,462.55
17/06/2018 11.30,,,455.91,455.91
17/06/2018 11.45,,,457.94,457.94
17/06/2018 12.00,,,473.39,473.39
17/06/2018 12.15,,,493.55,493.55
17/06/2018 12.30,,,472.52,472.52
17/06/2018 12.45,,,468.08,468.08
17/06/2018 13.00,,,488.84,488.84
17/06/2018 13.15,,,486.36,486.36
17/06/2018 13.30,,,525.97,525.97
17/06/2018 13.45,,,533.63,533.63
17/06/2018 14.00,,,484.28,484.28
17/06/2018 14.15,,,561.09,561.09
17/06/2018 14.30,,,550.46,550.46
17/06/2018 14.45,,,555.82,555.82
17/06/2018 15.00,,,541,541
17/06/2018 15.15,,,549.45,549.45
17/06/2018 15.30,,,563.72,563.72
17/06/2018 15.45,,,541.3,541.3
17/06/2018 16.00,,,551.61,551.61
17/06/2018 16.15,,,546.53,546.53
17/06/2018 16.30,,,549.9,549.9
17/06/2018 16.45,,,549.72,549.72
17/06/2018 17.00,,,548.51,548.51
17/06/2018 17.15,,,541.22,541.22
17/06/2018 17.30,,,539.29,539.29
17/06/2018 17.45,,,541.45,541.45
17/06/2018 18.00,,,554.93,554.93
17/06/2018 18.15,,,551.35,551.35
17/06/2018 18.30,,,558.85,558.85
17/06/2018 18.45,,,565.54,565.54
17/06/2018 19.00,,,565.5,565.5
17/06/2018 19.15,,,561.9,561.9
17/06/2018 19.30,,,562.35,562.35
17/06/2018 19.45,,,557.98,557.98
17/06/2018 20.00,,,550.69,550.69
17/06/2018 20.15,,,552.79,552.79
17/06/2018 20.30,,,543.3,543.3
17/06/2018 20.45,,,534.8,534.8
17/06/2018 21.00,,,540.29,540.29
17/06/2018 21.15,,,536.48,536.48
17/06/2018 21.30,,,541.63,541.63
17/06/2018 21.45,,,537.35,537.35
17/06/2018 22.00,,,538.68,538.68
17/06/2018 22.15,,,545.56,545.56
17/06/2018 22.30,,,550.88,550.88
17/06/2018 22.45,,,549.48,549.48
17/06/2018 23.00,,,543.76,543.76
17/06/2018 23.15,,,543.92,543.92
17/06/2018 23.30,,,535.76,535.76
17/06/2018 23.45,,,533.71,533.71
17/06/2018 24.00,,,528.14,528.14
18/06/2018 00.15,,524.18,,524.18
18/06/2018 00.30,,519.87,,519.87
18/06/2018 00.45,,525.22,,525.22
18/06/2018 01.00,,524.18,,524.18
18/06/2018 01.15,,514.37,,514.37
18/06/2018 01.30,,510.47,,510.47
18/06/2018 01.45,,515.6,,515.6
18/06/2018 02.00,,507.69,,507.69
18/06/2018 02.15,,507.9,,507.9
18/06/2018 02.30,,505.26,,505.26
18/06/2018 02.45,,500.26,,500.26
18/06/2018 03.00,,496.89,,496.89
18/06/2018 03.15,,493.4,,493.4
18/06/2018 03.30,,489.29,,489.29
18/06/2018 03.45,,486.05,,486.05
18/06/2018 04.00,,490.63,,490.63
18/06/2018 04.15,,485.05,,485.05
18/06/2018 04.30,,482.97,,482.97
18/06/2018 04.45,,482.71,,482.71
18/06/2018 05.00,,481.2,,481.2
18/06/2018 05.15,,487.18,,487.18
18/06/2018 05.30,,497.24,,497.24
18/06/2018 05.45,,502.03,,502.03
18/06/2018 06.00,,515.24,,515.24
18/06/2018 06.15,,550.53,,550.53
18/06/2018 06.30,,554.77,,554.77
18/06/2018 06.45,,564.98,,564.98
18/06/2018 07.00,,617.7,,617.7
18/06/2018 07.15,,661.78,,661.78
18/06/2018 07.30,,695.07,,695.07
18/06/2018 07.45,,791.69,,791.69
18/06/2018 08.00,,909.86,,909.86
18/06/2018 08.15,,997.15,,997.15
18/06/2018 08.30,,1087.37,,1087.37
18/06/2018 08.45,,1150.57,,1150.57
18/06/2018 09.00,,1198.67,,1198.67
18/06/2018 09.15,1192.91,,,1192.91
18/06/2018 09.30,1179.3,,,1179.3
18/06/2018 09.45,1178.97,,,1178.97
18/06/2018 10.00,1179.81,,,1179.81
18/06/2018 10.15,1183.97,,,1183.97
18/06/2018 10.30,1199.79,,,1199.79
18/06/2018 10.45,1202.1,,,1202.1
18/06/2018 11.00,1168.04,,,1168.04
18/06/2018 11.15,1166.52,,,1166.52
18/06/2018 11.30,1180.67,,,1180.67
18/06/2018 11.45,1188.26,,,1188.26
18/06/2018 12.00,1184.78,,,1184.78
18/06/2018 12.15,1151.49,,,1151.49
18/06/2018 12.30,1158.93,,,1158.93
18/06/2018 12.45,1155.88,,,1155.88
18/06/2018 13.00,1173.31,,,1173.31
18/06/2018 13.15,1189.1,,,1189.1
18/06/2018 13.30,1231.6,,,1231.6
18/06/2018 13.45,1242.65,,,1242.65
18/06/2018 14.00,1217.47,,,1217.47
18/06/2018 14.15,1228.18,,,1228.18
18/06/2018 14.30,1261.47,,,1261.47
18/06/2018 14.45,1265.71,,,1265.71
18/06/2018 15.00,1255.69,,,1255.69
18/06/2018 15.15,1239.92,,,1239.92
18/06/2018 15.30,1248.5,,,1248.5
18/06/2018 15.45,1244.31,,,1244.31
18/06/2018 16.00,1217.63,,,1217.63
18/06/2018 16.15,1168.26,,,1168.26
18/06/2018 16.30,1120.65,,,1120.65
18/06/2018 16.45,1063.72,,,1063.72
18/06/2018 17.00,1025.92,,,1025.92
18/06/2018 17.15,989.44,,,989.44
18/06/2018 17.30,953.28,,,953.28
18/06/2018 17.45,940,,,940
18/06/2018 18.00,916.96,,,916.96
18/06/2018 18.15,901.91,,,901.91
18/06/2018 18.30,890.19,,,890.19
18/06/2018 18.45,838.98,,,838.98
18/06/2018 19.00,807.98,,,807.98
18/06/2018 19.15,787.09,,,787.09
18/06/2018 19.30,769.77,,,769.77
18/06/2018 19.45,750.42,,,750.42
18/06/2018 20.00,718.86,,,718.86
18/06/2018 20.15,667.83,,,667.83
18/06/2018 20.30,644.94,,,644.94
18/06/2018 20.45,622.94,,,622.94
18/06/2018 21.00,612.15,,,612.15
18/06/2018 21.15,605.83,,,605.83
18/06/2018 21.30,600.14,,,600.14
18/06/2018 21.45,582.54,,,582.54
18/06/2018 22.00,577.77,,,577.77
18/06/2018 22.15,,573.98,,573.98
18/06/2018 22.30,,578.82,,578.82
18/06/2018 22.45,,580.59,,580.59
18/06/2018 23.00,,569.59,,569.59
18/06/2018 23.15,,566.45,,566.45
18/06/2018 23.30,,561.74,,561.74
18/06/2018 23.45,,566,,566
18/06/2018 24.00,,559.9,,559.9
19/06/2018 00.15,,561.11,,561.11
19/06/2018 00.30,,559.79,,559.79
19/06/2018 00.45,,553.93,,553.93
19/06/2018 01.00,,555.37,,555.37
19/06/2018 01.15,,551.64,,551.64
19/06/2018 01.30,,547.05,,547.05
19/06/2018 01.45,,541.98,,541.98
19/06/2018 02.00,,541.21,,541.21
19/06/2018 02.15,,539.87,,539.87
19/06/2018 02.30,,535.06,,535.06
19/06/2018 02.45,,531.3,,531.3
19/06/2018 03.00,,526.01,,526.01
19/06/2018 03.15,,525.85,,525.85
19/06/2018 03.30,,518.92,,518.92
19/06/2018 03.45,,515.48,,515.48
19/06/2018 04.00,,517.13,,517.13
19/06/2018 04.15,,515.37,,515.37
19/06/2018 04.30,,510.02,,510.02
19/06/2018 04.45,,505.55,,505.55
19/06/2018 05.00,,508.9,,508.9
19/06/2018 05.15,,511.53,,511.53
19/06/2018 05.30,,521.84,,521.84
19/06/2018 05.45,,532.98,,532.98
19/06/2018 06.00,,544.77,,544.77
19/06/2018 06.15,,584.45,,584.45
19/06/2018 06.30,,584.83,,584.83
19/06/2018 06.45,,596.54,,596.54
19/06/2018 07.00,,627.61,,627.61
19/06/2018 07.15,,696.97,,696.97
19/06/2018 07.30,,769.13,,769.13
19/06/2018 07.45,,852.82,,852.82
19/06/2018 08.00,,923.54,,923.54
19/06/2018 08.15,,1024.87,,1024.87
19/06/2018 08.30,,1101.51,,1101.51
19/06/2018 08.45,,1187.15,,1187.15
19/06/2018 09.00,,1175.92,,1175.92
19/06/2018 09.15,1182.62,,,1182.62
19/06/2018 09.30,1189.75,,,1189.75
19/06/2018 09.45,1198.54,,,1198.54
19/06/2018 10.00,1237.97,,,1237.97
19/06/2018 10.15,1236.03,,,1236.03
19/06/2018 10.30,1217.54,,,1217.54
19/06/2018 10.45,1193.67,,,1193.67
19/06/2018 11.00,1237.84,,,1237.84
19/06/2018 11.15,1234.6,,,1234.6
19/06/2018 11.30,1223.66,,,1223.66
19/06/2018 11.45,1170.09,,,1170.09
19/06/2018 12.00,1150.67,,,1150.67
19/06/2018 12.15,1149.54,,,1149.54
19/06/2018 12.30,1153.91,,,1153.91
19/06/2018 12.45,1185.88,,,1185.88
19/06/2018 13.00,1169.55,,,1169.55
19/06/2018 13.15,1204.66,,,1204.66
19/06/2018 13.30,1203.13,,,1203.13
19/06/2018 13.45,1213.87,,,1213.87
19/06/2018 14.00,1210.73,,,1210.73
19/06/2018 14.15,1261.81,,,1261.81
19/06/2018 14.30,1234.74,,,1234.74
19/06/2018 14.45,1254.37,,,1254.37
19/06/2018 15.00,1209.29,,,1209.29
19/06/2018 15.15,1189.67,,,1189.67
19/06/2018 15.30,1230.44,,,1230.44
19/06/2018 15.45,1205.89,,,1205.89
19/06/2018 16.00,1216.71,,,1216.71
19/06/2018 16.15,1182.91,,,1182.91
19/06/2018 16.30,1142.52,,,1142.52
19/06/2018 16.45,1065.45,,,1065.45
19/06/2018 17.00,1016.05,,,1016.05
19/06/2018 17.15,979.65,,,979.65
19/06/2018 17.30,956.36,,,956.36
19/06/2018 17.45,943.57,,,943.57
19/06/2018 18.00,930.94,,,930.94
19/06/2018 18.15,912.62,,,912.62
19/06/2018 18.30,880.48,,,880.48
19/06/2018 18.45,855.16,,,855.16
19/06/2018 19.00,837.03,,,837.03
19/06/2018 19.15,820.83,,,820.83
19/06/2018 19.30,796.95,,,796.95
19/06/2018 19.45,752.95,,,752.95
19/06/2018 20.00,725.47,,,725.47
19/06/2018 20.15,701.29,,,701.29
19/06/2018 20.30,649.35,,,649.35
19/06/2018 20.45,625.41,,,625.41
19/06/2018 21.00,618.64,,,618.64
19/06/2018 21.15,622.15,,,622.15
19/06/2018 21.30,618.83,,,618.83
19/06/2018 21.45,612.7,,,612.7
19/06/2018 22.00,612.12,,,612.12
19/06/2018 22.15,,605.49,,605.49
19/06/2018 22.30,,607.8,,607.8
19/06/2018 22.45,,608.57,,608.57
19/06/2018 23.00,,597.56,,597.56
19/06/2018 23.15,,588.98,,588.98
19/06/2018 23.30,,589.8,,589.8
19/06/2018 23.45,,585.33,,585.33
19/06/2018 24.00,,584.51,,584.51
20/06/2018 00.15,,570.16,,570.16
20/06/2018 00.30,,573.67,,573.67
20/06/2018 00.45,,568.01,,568.01
20/06/2018 01.00,,567.14,,567.14
20/06/2018 01.15,,557.51,,557.51
20/06/2018 01.30,,555.48,,555.48
20/06/2018 01.45,,551.59,,551.59
20/06/2018 02.00,,540.19,,540.19
20/06/2018 02.15,,537.55,,537.55
20/06/2018 02.30,,539.19,,539.19
20/06/2018 02.45,,532.77,,532.77
20/06/2018 03.00,,531.19,,531.19
20/06/2018 03.15,,526.27,,526.27
20/06/2018 03.30,,522.29,,522.29
20/06/2018 03.45,,518.14,,518.14
20/06/2018 04.00,,522.79,,522.79
20/06/2018 04.15,,518.61,,518.61
20/06/2018 04.30,,516.52,,516.52
20/06/2018 04.45,,516.11,,516.11
20/06/2018 05.00,,517.19,,517.19
20/06/2018 05.15,,523,,523
20/06/2018 05.30,,530.1,,530.1
20/06/2018 05.45,,539.51,,539.51
20/06/2018 06.00,,541.61,,541.61
20/06/2018 06.15,,556.77,,556.77
20/06/2018 06.30,,616.17,,616.17
20/06/2018 06.45,,631.8,,631.8
20/06/2018 07.00,,666.91,,666.91
20/06/2018 07.15,,721.41,,721.41
20/06/2018 07.30,,798.97,,798.97
20/06/2018 07.45,,908.99,,908.99
20/06/2018 08.00,,994.58,,994.58
20/06/2018 08.15,,1085.69,,1085.69
20/06/2018 08.30,,1154.01,,1154.01
20/06/2018 08.45,,1191.97,,1191.97
20/06/2018 09.00,,1234.52,,1234.52
20/06/2018 09.15,1220.36,,,1220.36
20/06/2018 09.30,1235.55,,,1235.55
20/06/2018 09.45,1225.57,,,1225.57
20/06/2018 10.00,1246.08,,,1246.08
20/06/2018 10.15,1193.38,,,1193.38
20/06/2018 10.30,1232.89,,,1232.89
20/06/2018 10.45,1256.86,,,1256.86
20/06/2018 11.00,1264.68,,,1264.68
20/06/2018 11.15,1276.48,,,1276.48
20/06/2018 11.30,1288.89,,,1288.89
20/06/2018 11.45,1227.95,,,1227.95
20/06/2018 12.00,1245.76,,,1245.76
20/06/2018 12.15,1238.66,,,1238.66
20/06/2018 12.30,1228.39,,,1228.39
20/06/2018 12.45,1191.28,,,1191.28
20/06/2018 13.00,1230.79,,,1230.79
20/06/2018 13.15,1257.89,,,1257.89
20/06/2018 13.30,1270.63,,,1270.63
20/06/2018 13.45,1247.21,,,1247.21
20/06/2018 14.00,1261.98,,,1261.98
20/06/2018 14.15,1264.84,,,1264.84
20/06/2018 14.30,1255.11,,,1255.11
20/06/2018 14.45,1245.66,,,1245.66
20/06/2018 15.00,1229,,,1229
20/06/2018 15.15,1222.92,,,1222.92
20/06/2018 15.30,1201.37,,,1201.37
20/06/2018 15.45,1198.75,,,1198.75
20/06/2018 16.00,1154.68,,,1154.68
20/06/2018 16.15,1087.43,,,1087.43
20/06/2018 16.30,1026.16,,,1026.16
20/06/2018 16.45,998.5,,,998.5
20/06/2018 17.00,956.63,,,956.63
20/06/2018 17.15,925.46,,,925.46
20/06/2018 17.30,890.1,,,890.1
20/06/2018 17.45,878.69,,,878.69
20/06/2018 18.00,864.78,,,864.78
20/06/2018 18.15,845.32,,,845.32
20/06/2018 18.30,831.62,,,831.62
20/06/2018 18.45,810.64,,,810.64
20/06/2018 19.00,791.76,,,791.76
20/06/2018 19.15,761.16,,,761.16
20/06/2018 19.30,735.07,,,735.07
20/06/2018 19.45,704.08,,,704.08
20/06/2018 20.00,683.13,,,683.13
20/06/2018 20.15,659.1,,,659.1
20/06/2018 20.30,630.41,,,630.41
20/06/2018 20.45,619.02,,,619.02
20/06/2018 21.00,609.8,,,609.8
20/06/2018 21.15,602.82,,,602.82
20/06/2018 21.30,597.66,,,597.66
20/06/2018 21.45,596.62,,,596.62
20/06/2018 22.00,591.61,,,591.61
20/06/2018 22.15,,590.38,,590.38
20/06/2018 22.30,,592.11,,592.11
20/06/2018 22.45,,588.99,,588.99
20/06/2018 23.00,,580.9,,580.9
20/06/2018 23.15,,573.95,,573.95
20/06/2018 23.30,,580.72,,580.72
20/06/2018 23.45,,573.91,,573.91
20/06/2018 24.00,,558.63,,558.63
21/06/2018 00.15,,557.55,,557.55
21/06/2018 00.30,,559.96,,559.96
21/06/2018 00.45,,551.69,,551.69
21/06/2018 01.00,,545.55,,545.55
21/06/2018 01.15,,538.8,,538.8
21/06/2018 01.30,,535,,535
21/06/2018 01.45,,536.16,,536.16
21/06/2018 02.00,,528.56,,528.56
21/06/2018 02.15,,528.26,,528.26
21/06/2018 02.30,,525.81,,525.81
21/06/2018 02.45,,519.79,,519.79
21/06/2018 03.00,,519.66,,519.66
21/06/2018 03.15,,514.14,,514.14
21/06/2018 03.30,,512.64,,512.64
21/06/2018 03.45,,508.79,,508.79
21/06/2018 04.00,,509.21,,509.21
21/06/2018 04.15,,510.9,,510.9
21/06/2018 04.30,,504.03,,504.03
21/06/2018 04.45,,510.4,,510.4
21/06/2018 05.00,,500.03,,500.03
21/06/2018 05.15,,512.19,,512.19
21/06/2018 05.30,,516.64,,516.64
21/06/2018 05.45,,529.72,,529.72
21/06/2018 06.00,,533.55,,533.55
21/06/2018 06.15,,543.3,,543.3
21/06/2018 06.30,,587.59,,587.59
21/06/2018 06.45,,607.54,,607.54
21/06/2018 07.00,,642.6,,642.6
21/06/2018 07.15,,704.02,,704.02
21/06/2018 07.30,,758.6,,758.6
21/06/2018 07.45,,813.71,,813.71
21/06/2018 08.00,,899.17,,899.17
21/06/2018 08.15,,1001.52,,1001.52
21/06/2018 08.30,,1063.85,,1063.85
21/06/2018 08.45,,1124.36,,1124.36
21/06/2018 09.00,,1153.07,,1153.07
21/06/2018 09.15,1133.91,,,1133.91
21/06/2018 09.30,1129.17,,,1129.17
21/06/2018 09.45,1128.7,,,1128.7
21/06/2018 10.00,1164.34,,,1164.34
21/06/2018 10.15,1170.46,,,1170.46
21/06/2018 10.30,1144.94,,,1144.94
21/06/2018 10.45,1154.97,,,1154.97
21/06/2018 11.00,1192.96,,,1192.96
21/06/2018 11.15,1180.65,,,1180.65
21/06/2018 11.30,1235.18,,,1235.18
21/06/2018 11.45,1228.84,,,1228.84
21/06/2018 12.00,1201.23,,,1201.23
21/06/2018 12.15,1192.89,,,1192.89
21/06/2018 12.30,1188.05,,,1188.05
21/06/2018 12.45,1167.33,,,1167.33
21/06/2018 13.00,1154.93,,,1154.93
21/06/2018 13.15,1199.7,,,1199.7
21/06/2018 13.30,1211.21,,,1211.21
21/06/2018 13.45,1228.32,,,1228.32
21/06/2018 14.00,1232.42,,,1232.42
21/06/2018 14.15,1237.16,,,1237.16
21/06/2018 14.30,1219.5,,,1219.5
21/06/2018 14.45,1211.41,,,1211.41
21/06/2018 15.00,1208.37,,,1208.37
21/06/2018 15.15,1199.42,,,1199.42
21/06/2018 15.30,1161.59,,,1161.59
21/06/2018 15.45,1146.12,,,1146.12
21/06/2018 16.00,1111.51,,,1111.51
21/06/2018 16.15,1063.71,,,1063.71
21/06/2018 16.30,1007.71,,,1007.71
21/06/2018 16.45,945.08,,,945.08
21/06/2018 17.00,921.57,,,921.57
21/06/2018 17.15,893.06,,,893.06
21/06/2018 17.30,864.32,,,864.32
21/06/2018 17.45,860.88,,,860.88
21/06/2018 18.00,844.22,,,844.22
21/06/2018 18.15,830.54,,,830.54
21/06/2018 18.30,820,,,820
21/06/2018 18.45,802.32,,,802.32
21/06/2018 19.00,782.87,,,782.87
21/06/2018 19.15,764.39,,,764.39
21/06/2018 19.30,737.49,,,737.49
21/06/2018 19.45,715.21,,,715.21
21/06/2018 20.00,690.5,,,690.5
21/06/2018 20.15,645.8,,,645.8
21/06/2018 20.30,632.75,,,632.75
21/06/2018 20.45,625.88,,,625.88
21/06/2018 21.00,598.24,,,598.24
21/06/2018 21.15,587.53,,,587.53
21/06/2018 21.30,584.27,,,584.27
21/06/2018 21.45,581.83,,,581.83
21/06/2018 22.00,586.4,,,586.4
21/06/2018 22.15,,547.69,,547.69
21/06/2018 22.30,,635.59,,635.59
21/06/2018 22.45,,619.98,,619.98
21/06/2018 23.00,,606.38,,606.38
21/06/2018 23.15,,608.7,,608.7
21/06/2018 23.30,,604.04,,604.04
21/06/2018 23.45,,601.75,,601.75
21/06/2018 24.00,,591.72,,591.72
22/06/2018 00.15,,585.99,,585.99
22/06/2018 00.30,,584.29,,584.29
22/06/2018 00.45,,585.98,,585.98
22/06/2018 01.00,,582.75,,582.75
22/06/2018 01.15,,574.9,,574.9
22/06/2018 01.30,,566.88,,566.88
22/06/2018 01.45,,558.4,,558.4
22/06/2018 02.00,,557.38,,557.38
22/06/2018 02.15,,557.17,,557.17
22/06/2018 02.30,,549.74,,549.74
22/06/2018 02.45,,542.72,,542.72
22/06/2018 03.00,,544.5,,544.5
22/06/2018 03.15,,540.5,,540.5
22/06/2018 03.30,,537.74,,537.74
22/06/2018 03.45,,535.53,,535.53
22/06/2018 04.00,,532.59,,532.59
22/06/2018 04.15,,531.26,,531.26
22/06/2018 04.30,,524.01,,524.01
22/06/2018 04.45,,524.87,,524.87
22/06/2018 05.00,,525.01,,525.01
22/06/2018 05.15,,526.13,,526.13
22/06/2018 05.30,,536.68,,536.68
22/06/2018 05.45,,541.93,,541.93
22/06/2018 06.00,,548.14,,548.14
22/06/2018 06.15,,539.74,,539.74
22/06/2018 06.30,,556.92,,556.92
22/06/2018 06.45,,626.54,,626.54
22/06/2018 07.00,,663.96,,663.96
22/06/2018 07.15,,705.41,,705.41
22/06/2018 07.30,,753.77,,753.77
22/06/2018 07.45,,809.34,,809.34
22/06/2018 08.00,,884.36,,884.36
22/06/2018 08.15,,977.07,,977.07
22/06/2018 08.30,,1040.76,,1040.76
22/06/2018 08.45,,1094.83,,1094.83
22/06/2018 09.00,,1096.82,,1096.82
22/06/2018 09.15,1121.9,,,1121.9
22/06/2018 09.30,1114.94,,,1114.94
22/06/2018 09.45,1142.72,,,1142.72
22/06/2018 10.00,1129.59,,,1129.59
22/06/2018 10.15,1127.99,,,1127.99
22/06/2018 10.30,1137.09,,,1137.09
22/06/2018 10.45,1147.43,,,1147.43
22/06/2018 11.00,1145.94,,,1145.94
22/06/2018 11.15,1128.12,,,1128.12
22/06/2018 11.30,1133.2,,,1133.2
22/06/2018 11.45,1120.33,,,1120.33
22/06/2018 12.00,1141.33,,,1141.33
22/06/2018 12.15,1122.12,,,1122.12
22/06/2018 12.30,1121.9,,,1121.9
22/06/2018 12.45,1064.58,,,1064.58
22/06/2018 13.00,1080.4,,,1080.4
22/06/2018 13.15,1128.96,,,1128.96
22/06/2018 13.30,1085.9,,,1085.9
22/06/2018 13.45,1113.67,,,1113.67
22/06/2018 14.00,1123.35,,,1123.35
22/06/2018 14.15,1154.1,,,1154.1
22/06/2018 14.30,1129.67,,,1129.67
22/06/2018 14.45,1138.89,,,1138.89
22/06/2018 15.00,1148.64,,,1148.64
22/06/2018 15.15,1129.65,,,1129.65
22/06/2018 15.30,1122.69,,,1122.69
22/06/2018 15.45,1082.48,,,1082.48
22/06/2018 16.00,1076.66,,,1076.66
22/06/2018 16.15,1043.69,,,1043.69
22/06/2018 16.30,987.82,,,987.82
22/06/2018 16.45,943.83,,,943.83
22/06/2018 17.00,903.23,,,903.23
22/06/2018 17.15,863.61,,,863.61
22/06/2018 17.30,847.54,,,847.54
22/06/2018 17.45,817.3,,,817.3
22/06/2018 18.00,799.5,,,799.5
22/06/2018 18.15,783.13,,,783.13
22/06/2018 18.30,783.14,,,783.14
22/06/2018 18.45,769.43,,,769.43
22/06/2018 19.00,736.36,,,736.36
22/06/2018 19.15,721.87,,,721.87
22/06/2018 19.30,703.26,,,703.26
22/06/2018 19.45,683.92,,,683.92
22/06/2018 20.00,654.62,,,654.62
22/06/2018 20.15,641.2,,,641.2
22/06/2018 20.30,604.9,,,604.9
22/06/2018 20.45,606.4,,,606.4
22/06/2018 21.00,604.03,,,604.03
22/06/2018 21.15,590.54,,,590.54
22/06/2018 21.30,587.33,,,587.33
22/06/2018 21.45,583.25,,,583.25
22/06/2018 22.00,587.66,,,587.66
22/06/2018 22.15,,579.74,,579.74
22/06/2018 22.30,,574.58,,574.58
22/06/2018 22.45,,575.32,,575.32
22/06/2018 23.00,,568.59,,568.59
22/06/2018 23.15,,560.29,,560.29
22/06/2018 23.30,,562.59,,562.59
22/06/2018 23.45,,561.92,,561.92
22/06/2018 24.00,,557.38,,557.38
23/06/2018 00.15,,,552.72,552.72
23/06/2018 00.30,,,563.09,563.09
23/06/2018 00.45,,,558.34,558.34
23/06/2018 01.00,,,555.58,555.58
23/06/2018 01.15,,,549.17,549.17
23/06/2018 01.30,,,547.14,547.14
23/06/2018 01.45,,,539.58,539.58
23/06/2018 02.00,,,536.5,536.5
23/06/2018 02.15,,,535.14,535.14
23/06/2018 02.30,,,534.74,534.74
23/06/2018 02.45,,,529.32,529.32
23/06/2018 03.00,,,524.24,524.24
23/06/2018 03.15,,,522.22,522.22
23/06/2018 03.30,,,518.56,518.56
23/06/2018 03.45,,,516.24,516.24
23/06/2018 04.00,,,511.94,511.94
23/06/2018 04.15,,,508.39,508.39
23/06/2018 04.30,,,501.16,501.16
23/06/2018 04.45,,,504.73,504.73
23/06/2018 05.00,,,501.98,501.98
23/06/2018 05.15,,,505.85,505.85
23/06/2018 05.30,,,506.23,506.23
23/06/2018 05.45,,,521.64,521.64
23/06/2018 06.00,,,520.5,520.5
23/06/2018 06.15,,,510.52,510.52
23/06/2018 06.30,,,519.06,519.06
23/06/2018 06.45,,,551.21,551.21
23/06/2018 07.00,,,543.16,543.16
23/06/2018 07.15,,,580.33,580.33
23/06/2018 07.30,,,589.09,589.09
23/06/2018 07.45,,,595.27,595.27
23/06/2018 08.00,,,608.19,608.19
23/06/2018 08.15,,,631.59,631.59
23/06/2018 08.30,,,667.34,667.34
23/06/2018 08.45,,,677.21,677.21
23/06/2018 09.00,,,666.2,666.2
23/06/2018 09.15,,,671.1,671.1
23/06/2018 09.30,,,675.23,675.23
23/06/2018 09.45,,,670.46,670.46
23/06/2018 10.00,,,681.46,681.46
23/06/2018 10.15,,,671.28,671.28
23/06/2018 10.30,,,671.22,671.22
23/06/2018 10.45,,,680.13,680.13
23/06/2018 11.00,,,675.12,675.12
23/06/2018 11.15,,,665.39,665.39
23/06/2018 11.30,,,663.25,663.25
23/06/2018 11.45,,,673.52,673.52
23/06/2018 12.00,,,706.37,706.37
23/06/2018 12.15,,,658.52,658.52
23/06/2018 12.30,,,659.83,659.83
23/06/2018 12.45,,,645.17,645.17
23/06/2018 13.00,,,672.15,672.15
23/06/2018 13.15,,,681.46,681.46
23/06/2018 13.30,,,686.89,686.89
23/06/2018 13.45,,,692.96,692.96
23/06/2018 14.00,,,715.47,715.47
23/06/2018 14.15,,,673.6,673.6
23/06/2018 14.30,,,684.83,684.83
23/06/2018 14.45,,,720.34,720.34
23/06/2018 15.00,,,692.92,692.92
23/06/2018 15.15,,,707.31,707.31
23/06/2018 15.30,,,692.83,692.83
23/06/2018 15.45,,,699.78,699.78
23/06/2018 16.00,,,722.66,722.66
23/06/2018 16.15,,,682.54,682.54
23/06/2018 16.30,,,679.02,679.02
23/06/2018 16.45,,,667.57,667.57
23/06/2018 17.00,,,646.97,646.97
23/06/2018 17.15,,,618.7,618.7
23/06/2018 17.30,,,605.85,605.85
23/06/2018 17.45,,,597.33,597.33
23/06/2018 18.00,,,582.61,582.61
23/06/2018 18.15,,,588.83,588.83
23/06/2018 18.30,,,585.25,585.25
23/06/2018 18.45,,,580.91,580.91
23/06/2018 19.00,,,584.33,584.33
23/06/2018 19.15,,,579.8,579.8
23/06/2018 19.30,,,594.35,594.35
23/06/2018 19.45,,,590.58,590.58
23/06/2018 20.00,,,579.4,579.4
23/06/2018 20.15,,,575.29,575.29
23/06/2018 20.30,,,576.24,576.24
23/06/2018 20.45,,,572.45,572.45
23/06/2018 21.00,,,571.22,571.22
23/06/2018 21.15,,,565.56,565.56
23/06/2018 21.30,,,561.96,561.96
23/06/2018 21.45,,,559.35,559.35
23/06/2018 22.00,,,566.37,566.37
23/06/2018 22.15,,,567.13,567.13
23/06/2018 22.30,,,571.92,571.92
23/06/2018 22.45,,,566.01,566.01
23/06/2018 23.00,,,558.77,558.77
23/06/2018 23.15,,,551.17,551.17
23/06/2018 23.30,,,553.82,553.82
23/06/2018 23.45,,,559.25,559.25
23/06/2018 24.00,,,554.95,554.95
24/06/2018 00.15,,,554,554
24/06/2018 00.30,,,552.01,552.01
24/06/2018 00.45,,,549.74,549.74
24/06/2018 01.00,,,549.77,549.77
24/06/2018 01.15,,,542.48,542.48
24/06/2018 01.30,,,536.72,536.72
24/06/2018 01.45,,,543.22,543.22
24/06/2018 02.00,,,538.05,538.05
24/06/2018 02.15,,,532.45,532.45
24/06/2018 02.30,,,528.29,528.29
24/06/2018 02.45,,,518.11,518.11
24/06/2018 03.00,,,516.68,516.68
24/06/2018 03.15,,,513.34,513.34
24/06/2018 03.30,,,505.76,505.76
24/06/2018 03.45,,,507.27,507.27
24/06/2018 04.00,,,504.4,504.4
24/06/2018 04.15,,,499.44,499.44
24/06/2018 04.30,,,497.11,497.11
24/06/2018 04.45,,,499.45,499.45
24/06/2018 05.00,,,500.58,500.58
24/06/2018 05.15,,,497.74,497.74
24/06/2018 05.30,,,498.05,498.05
24/06/2018 05.45,,,508.74,508.74
24/06/2018 06.00,,,505.74,505.74
24/06/2018 06.15,,,505.82,505.82
24/06/2018 06.30,,,501.36,501.36
24/06/2018 06.45,,,508.32,508.32
24/06/2018 07.00,,,512.92,512.92
24/06/2018 07.15,,,528.72,528.72
24/06/2018 07.30,,,536.08,536.08
24/06/2018 07.45,,,541.77,541.77
24/06/2018 08.00,,,545.84,545.84
24/06/2018 08.15,,,581.75,581.75
24/06/2018 08.30,,,579.95,579.95
24/06/2018 08.45,,,579.83,579.83
24/06/2018 09.00,,,564.38,564.38
24/06/2018 09.15,,,581.69,581.69
24/06/2018 09.30,,,568.85,568.85
24/06/2018 09.45,,,560.16,560.16
24/06/2018 10.00,,,564.9,564.9
24/06/2018 10.15,,,558.16,558.16
24/06/2018 10.30,,,528.66,528.66
24/06/2018 10.45,,,515.47,515.47
24/06/2018 11.00,,,529.48,529.48
24/06/2018 11.15,,,553.06,553.06
24/06/2018 11.30,,,532.68,532.68
24/06/2018 11.45,,,517.26,517.26
24/06/2018 12.00,,,536.87,536.87
24/06/2018 12.15,,,570.35,570.35
24/06/2018 12.30,,,578.79,578.79
24/06/2018 12.45,,,553.19,553.19
24/06/2018 13.00,,,561.08,561.08
24/06/2018 13.15,,,601.61,601.61
24/06/2018 13.30,,,604.45,604.45
24/06/2018 13.45,,,602.17,602.17
24/06/2018 14.00,,,589.3,589.3
24/06/2018 14.15,,,575.66,575.66
24/06/2018 14.30,,,562.72,562.72
24/06/2018 14.45,,,553.61,553.61
24/06/2018 15.00,,,590.67,590.67
24/06/2018 15.15,,,566.56,566.56
24/06/2018 15.30,,,571.33,571.33
24/06/2018 15.45,,,629.14,629.14
24/06/2018 16.00,,,621.7,621.7
24/06/2018 16.15,,,615.41,615.41
24/06/2018 16.30,,,624.51,624.51
24/06/2018 16.45,,,609.82,609.82
24/06/2018 17.00,,,594.45,594.45
24/06/2018 17.15,,,583.77,583.77
24/06/2018 17.30,,,593.2,593.2
24/06/2018 17.45,,,594.11,594.11
24/06/2018 18.00,,,602.07,602.07
24/06/2018 18.15,,,604.57,604.57
24/06/2018 18.30,,,600.2,600.2
24/06/2018 18.45,,,602.96,602.96
24/06/2018 19.00,,,607.95,607.95
24/06/2018 19.15,,,611.2,611.2
24/06/2018 19.30,,,609.3,609.3
24/06/2018 19.45,,,603.51,603.51
24/06/2018 20.00,,,599.25,599.25
24/06/2018 20.15,,,592.06,592.06
24/06/2018 20.30,,,584.12,584.12
24/06/2018 20.45,,,578.74,578.74
24/06/2018 21.00,,,574.67,574.67
24/06/2018 21.15,,,578.69,578.69
24/06/2018 21.30,,,579.58,579.58
24/06/2018 21.45,,,578.59,578.59
24/06/2018 22.00,,,576.71,576.71
24/06/2018 22.15,,,578.96,578.96
24/06/2018 22.30,,,575.95,575.95
24/06/2018 22.45,,,570,570
24/06/2018 23.00,,,570.64,570.64
24/06/2018 23.15,,,569.96,569.96
24/06/2018 23.30,,,569.4,569.4
24/06/2018 23.45,,,567.5,567.5
24/06/2018 24.00,,,571.27,571.27
25/06/2018 00.15,,569.56,,569.56
25/06/2018 00.30,,566.33,,566.33
25/06/2018 00.45,,568.45,,568.45
25/06/2018 01.00,,556.74,,556.74
25/06/2018 01.15,,552.4,,552.4
25/06/2018 01.30,,550.09,,550.09
25/06/2018 01.45,,546.43,,546.43
25/06/2018 02.00,,542.9,,542.9
25/06/2018 02.15,,542.53,,542.53
25/06/2018 02.30,,535.03,,535.03
25/06/2018 02.45,,530,,530
25/06/2018 03.00,,527,,527
25/06/2018 03.15,,521.71,,521.71
25/06/2018 03.30,,517.81,,517.81
25/06/2018 03.45,,513.5,,513.5
25/06/2018 04.00,,511.68,,511.68
25/06/2018 04.15,,512.19,,512.19
25/06/2018 04.30,,507.81,,507.81
25/06/2018 04.45,,499.58,,499.58
25/06/2018 05.00,,500.9,,500.9
25/06/2018 05.15,,504.81,,504.81
25/06/2018 05.30,,511.39,,511.39
25/06/2018 05.45,,528.21,,528.21
25/06/2018 06.00,,534.08,,534.08
25/06/2018 06.15,,555.69,,555.69
25/06/2018 06.30,,559.74,,559.74
25/06/2018 06.45,,575.14,,575.14
25/06/2018 07.00,,601.62,,601.62
25/06/2018 07.15,,663.55,,663.55
25/06/2018 07.30,,733.73,,733.73
25/06/2018 07.45,,820.92,,820.92
25/06/2018 08.00,,903.86,,903.86
25/06/2018 08.15,,979.29,,979.29
25/06/2018 08.30,,1066.67,,1066.67
25/06/2018 08.45,,1105.96,,1105.96
25/06/2018 09.00,,1121.49,,1121.49
25/06/2018 09.15,1141.56,,,1141.56
25/06/2018 09.30,1166.02,,,1166.02
25/06/2018 09.45,1211.92,,,1211.92
25/06/2018 10.00,1225.39,,,1225.39
25/06/2018 10.15,1224.32,,,1224.32
25/06/2018 10.30,1232.24,,,1232.24
25/06/2018 10.45,1235.28,,,1235.28
25/06/2018 11.00,1243.58,,,1243.58
25/06/2018 11.15,1220.79,,,1220.79
25/06/2018 11.30,1225.76,,,1225.76
25/06/2018 11.45,1221.39,,,1221.39
25/06/2018 12.00,1202.1,,,1202.1
25/06/2018 12.15,1161.55,,,1161.55
25/06/2018 12.30,1170.31,,,1170.31
25/06/2018 12.45,1163.2,,,1163.2
25/06/2018 13.00,1156.85,,,1156.85
25/06/2018 13.15,1176.72,,,1176.72
25/06/2018 13.30,1205.18,,,1205.18
25/06/2018 13.45,1220.28,,,1220.28
25/06/2018 14.00,1215.62,,,1215.62
25/06/2018 14.15,1194.6,,,1194.6
25/06/2018 14.30,1201.21,,,1201.21
25/06/2018 14.45,1193.28,,,1193.28
25/06/2018 15.00,1192.49,,,1192.49
25/06/2018 15.15,1160.33,,,1160.33
25/06/2018 15.30,1151.64,,,1151.64
25/06/2018 15.45,1139.15,,,1139.15
25/06/2018 16.00,1140.14,,,1140.14
25/06/2018 16.15,1093.27,,,1093.27
25/06/2018 16.30,1064.58,,,1064.58
25/06/2018 16.45,1002.32,,,1002.32
25/06/2018 17.00,952.75,,,952.75
25/06/2018 17.15,915.96,,,915.96
25/06/2018 17.30,892.38,,,892.38
25/06/2018 17.45,871.27,,,871.27
25/06/2018 18.00,859.49,,,859.49
25/06/2018 18.15,847.48,,,847.48
25/06/2018 18.30,838.82,,,838.82
25/06/2018 18.45,838.3,,,838.3
25/06/2018 19.00,813.35,,,813.35
25/06/2018 19.15,777.22,,,777.22
25/06/2018 19.30,759.66,,,759.66
25/06/2018 19.45,736.73,,,736.73
25/06/2018 20.00,684.02,,,684.02
25/06/2018 20.15,664.88,,,664.88
25/06/2018 20.30,658.47,,,658.47
25/06/2018 20.45,641.43,,,641.43
25/06/2018 21.00,628.44,,,628.44
25/06/2018 21.15,617.59,,,617.59
25/06/2018 21.30,606.86,,,606.86
25/06/2018 21.45,609.85,,,609.85
25/06/2018 22.00,605.56,,,605.56
25/06/2018 22.15,,603.46,,603.46
25/06/2018 22.30,,609.57,,609.57
25/06/2018 22.45,,599.62,,599.62
25/06/2018 23.00,,593.25,,593.25
25/06/2018 23.15,,586.41,,586.41
25/06/2018 23.30,,590.24,,590.24
25/06/2018 23.45,,583.51,,583.51
25/06/2018 24.00,,574.71,,574.71
26/06/2018 00.15,,569.64,,569.64
26/06/2018 00.30,,573.53,,573.53
26/06/2018 00.45,,568.4,,568.4
26/06/2018 01.00,,571.79,,571.79
26/06/2018 01.15,,561.27,,561.27
26/06/2018 01.30,,555.08,,555.08
26/06/2018 01.45,,556.35,,556.35
26/06/2018 02.00,,549.14,,549.14
26/06/2018 02.15,,548.32,,548.32
26/06/2018 02.30,,543.34,,543.34
26/06/2018 02.45,,541.27,,541.27
26/06/2018 03.00,,526.56,,526.56
26/06/2018 03.15,,526.58,,526.58
26/06/2018 03.30,,524.5,,524.5
26/06/2018 03.45,,522.82,,522.82
26/06/2018 04.00,,525.16,,525.16
26/06/2018 04.15,,522.35,,522.35
26/06/2018 04.30,,526.98,,526.98
26/06/2018 04.45,,523.19,,523.19
26/06/2018 05.00,,522.22,,522.22
26/06/2018 05.15,,525.68,,525.68
26/06/2018 05.30,,531.53,,531.53
26/06/2018 05.45,,539.19,,539.19
26/06/2018 06.00,,542.92,,542.92
26/06/2018 06.15,,563.75,,563.75
26/06/2018 06.30,,587.69,,587.69
26/06/2018 06.45,,623.44,,623.44
26/06/2018 07.00,,667.99,,667.99
26/06/2018 07.15,,718.42,,718.42
26/06/2018 07.30,,776.39,,776.39
26/06/2018 07.45,,842.25,,842.25
26/06/2018 08.00,,901.65,,901.65
26/06/2018 08.15,,978.65,,978.65
26/06/2018 08.30,,1021.76,,1021.76
26/06/2018 08.45,,1084.72,,1084.72
26/06/2018 09.00,,1143.81,,1143.81
26/06/2018 09.15,1149.18,,,1149.18
26/06/2018 09.30,1151.51,,,1151.51
26/06/2018 09.45,1158.81,,,1158.81
26/06/2018 10.00,1165.3,,,1165.3
26/06/2018 10.15,1185.23,,,1185.23
26/06/2018 10.30,1199.58,,,1199.58
26/06/2018 10.45,1222.15,,,1222.15
26/06/2018 11.00,1192.83,,,1192.83
26/06/2018 11.15,1182.8,,,1182.8
26/06/2018 11.30,1174.36,,,1174.36
26/06/2018 11.45,1160.18,,,1160.18
26/06/2018 12.00,1165.65,,,1165.65
26/06/2018 12.15,1127.11,,,1127.11
26/06/2018 12.30,1168.81,,,1168.81
26/06/2018 12.45,1166.28,,,1166.28
26/06/2018 13.00,1145.27,,,1145.27
26/06/2018 13.15,1126.73,,,1126.73
26/06/2018 13.30,1078.83,,,1078.83
26/06/2018 13.45,1066.19,,,1066.19
26/06/2018 14.00,1085.5,,,1085.5
26/06/2018 14.15,1118.77,,,1118.77
26/06/2018 14.30,1108.38,,,1108.38
26/06/2018 14.45,1124.25,,,1124.25
26/06/2018 15.00,1153.18,,,1153.18
26/06/2018 15.15,1125.7,,,1125.7
26/06/2018 15.30,1087.19,,,1087.19
26/06/2018 15.45,1039.56,,,1039.56
26/06/2018 16.00,1014.53,,,1014.53
26/06/2018 16.15,981.7,,,981.7
26/06/2018 16.30,1039.39,,,1039.39
26/06/2018 16.45,971.05,,,971.05
26/06/2018 17.00,880.06,,,880.06
26/06/2018 17.15,820.11,,,820.11
26/06/2018 17.30,783.16,,,783.16
26/06/2018 17.45,772.42,,,772.42
26/06/2018 18.00,760.37,,,760.37
26/06/2018 18.15,761.89,,,761.89
26/06/2018 18.30,770.24,,,770.24
26/06/2018 18.45,829.98,,,829.98
26/06/2018 19.00,758.92,,,758.92
26/06/2018 19.15,686.02,,,686.02
26/06/2018 19.30,646.39,,,646.39
26/06/2018 19.45,629.62,,,629.62
26/06/2018 20.00,610.22,,,610.22
26/06/2018 20.15,593.32,,,593.32
26/06/2018 20.30,562.67,,,562.67
26/06/2018 20.45,552.64,,,552.64
26/06/2018 21.00,547.4,,,547.4
26/06/2018 21.15,543.59,,,543.59
26/06/2018 21.30,539.42,,,539.42
26/06/2018 21.45,551.98,,,551.98
26/06/2018 22.00,515.1,,,515.1
26/06/2018 22.15,,543.08,,543.08
26/06/2018 22.30,,577.53,,577.53
26/06/2018 22.45,,632.48,,632.48
26/06/2018 23.00,,628.54,,628.54
26/06/2018 23.15,,618.15,,618.15
26/06/2018 23.30,,615.91,,615.91
26/06/2018 23.45,,578.12,,578.12
26/06/2018 24.00,,552.3,,552.3
27/06/2018 00.15,,544.8,,544.8
27/06/2018 00.30,,539.26,,539.26
27/06/2018 00.45,,532.19,,532.19
27/06/2018 01.00,,535.66,,535.66
27/06/2018 01.15,,526.9,,526.9
27/06/2018 01.30,,519.08,,519.08
27/06/2018 01.45,,524.37,,524.37
27/06/2018 02.00,,520.85,,520.85
27/06/2018 02.15,,526.66,,526.66
27/06/2018 02.30,,519.64,,519.64
27/06/2018 02.45,,520.22,,520.22
27/06/2018 03.00,,513.68,,513.68
27/06/2018 03.15,,512.71,,512.71
27/06/2018 03.30,,507.05,,507.05
27/06/2018 03.45,,508.24,,508.24
27/06/2018 04.00,,507.73,,507.73
27/06/2018 04.15,,506.16,,506.16
27/06/2018 04.30,,499.63,,499.63
27/06/2018 04.45,,505.37,,505.37
27/06/2018 05.00,,502.98,,502.98
27/06/2018 05.15,,503.92,,503.92
27/06/2018 05.30,,507.35,,507.35
27/06/2018 05.45,,519.76,,519.76
27/06/2018 06.00,,519.11,,519.11
27/06/2018 06.15,,531.22,,531.22
27/06/2018 06.30,,578.7,,578.7
27/06/2018 06.45,,591.12,,591.12
27/06/2018 07.00,,623.98,,623.98
27/06/2018 07.15,,672.05,,672.05
27/06/2018 07.30,,741.57,,741.57
27/06/2018 07.45,,799.22,,799.22
27/06/2018 08.00,,851.95,,851.95
27/06/2018 08.15,,954.31,,954.31
27/06/2018 08.30,,1031.77,,1031.77
27/06/2018 08.45,,1080.4,,1080.4
27/06/2018 09.00,,1115.07,,1115.07
27/06/2018 09.15,1148.59,,,1148.59
27/06/2018 09.30,1181.59,,,1181.59
27/06/2018 09.45,1180.23,,,1180.23
27/06/2018 10.00,1173.91,,,1173.91
27/06/2018 10.15,1180.41,,,1180.41
27/06/2018 10.30,1169.96,,,1169.96
27/06/2018 10.45,1133.81,,,1133.81
27/06/2018 11.00,1117.46,,,1117.46
27/06/2018 11.15,1134.86,,,1134.86
27/06/2018 11.30,1163.68,,,1163.68
27/06/2018 11.45,1164.67,,,1164.67
27/06/2018 12.00,1165.73,,,1165.73
27/06/2018 12.15,1142.44,,,1142.44
27/06/2018 12.30,1115.53,,,1115.53
27/06/2018 12.45,1096.19,,,1096.19
27/06/2018 13.00,1113.75,,,1113.75
27/06/2018 13.15,1150.18,,,1150.18
27/06/2018 13.30,1136.14,,,1136.14
27/06/2018 13.45,1143.38,,,1143.38
27/06/2018 14.00,1137.07,,,1137.07
27/06/2018 14.15,1158.73,,,1158.73
27/06/2018 14.30,1159.68,,,1159.68
27/06/2018 14.45,1155.14,,,1155.14
27/06/2018 15.00,1149.06,,,1149.06
27/06/2018 15.15,1131.41,,,1131.41
27/06/2018 15.30,1106.12,,,1106.12
27/06/2018 15.45,1082.64,,,1082.64
27/06/2018 16.00,1048.47,,,1048.47
27/06/2018 16.15,987.02,,,987.02
27/06/2018 16.30,949.63,,,949.63
27/06/2018 16.45,884.36,,,884.36
27/06/2018 17.00,840.16,,,840.16
27/06/2018 17.15,829.33,,,829.33
27/06/2018 17.30,808.71,,,808.71
27/06/2018 17.45,782.43,,,782.43
27/06/2018 18.00,777.87,,,777.87
27/06/2018 18.15,771.39,,,771.39
27/06/2018 18.30,745.86,,,745.86
27/06/2018 18.45,745.48,,,745.48
27/06/2018 19.00,715.68,,,715.68
27/06/2018 19.15,682.04,,,682.04
27/06/2018 19.30,663.31,,,663.31
27/06/2018 19.45,635.93,,,635.93
27/06/2018 20.00,624.06,,,624.06
27/06/2018 20.15,579.01,,,579.01
27/06/2018 20.30,569.88,,,569.88
27/06/2018 20.45,559.27,,,559.27
27/06/2018 21.00,559.66,,,559.66
27/06/2018 21.15,550.96,,,550.96
27/06/2018 21.30,542.55,,,542.55
27/06/2018 21.45,543.17,,,543.17
27/06/2018 22.00,545.71,,,545.71
27/06/2018 22.15,,552.3,,552.3
27/06/2018 22.30,,548.01,,548.01
27/06/2018 22.45,,543.4,,543.4
27/06/2018 23.00,,543.05,,543.05
27/06/2018 23.15,,537.37,,537.37
27/06/2018 23.30,,535.64,,535.64
27/06/2018 23.45,,532.9,,532.9
27/06/2018 24.00,,532.05,,532.05
28/06/2018 00.15,,527.06,,527.06
28/06/2018 00.30,,532.14,,532.14
28/06/2018 00.45,,527.05,,527.05
28/06/2018 01.00,,522.5,,522.5
28/06/2018 01.15,,516.95,,516.95
28/06/2018 01.30,,511.18,,511.18
28/06/2018 01.45,,508.84,,508.84
28/06/2018 02.00,,504.68,,504.68
28/06/2018 02.15,,508.47,,508.47
28/06/2018 02.30,,505.48,,505.48
28/06/2018 02.45,,498.97,,498.97
28/06/2018 03.00,,495.44,,495.44
28/06/2018 03.15,,497.66,,497.66
28/06/2018 03.30,,497.4,,497.4
28/06/2018 03.45,,495.1,,495.1
28/06/2018 04.00,,493.37,,493.37
28/06/2018 04.15,,489,,489
28/06/2018 04.30,,481.9,,481.9
28/06/2018 04.45,,478.07,,478.07
28/06/2018 05.00,,482.4,,482.4
28/06/2018 05.15,,491.31,,491.31
28/06/2018 05.30,,493.32,,493.32
28/06/2018 05.45,,502.76,,502.76
28/06/2018 06.00,,508.6,,508.6
28/06/2018 06.15,,522.55,,522.55
28/06/2018 06.30,,544.76,,544.76
28/06/2018 06.45,,581.11,,581.11
28/06/2018 07.00,,615.19,,615.19
28/06/2018 07.15,,691.1,,691.1
28/06/2018 07.30,,709.63,,709.63
28/06/2018 07.45,,794.55,,794.55
28/06/2018 08.00,,867.78,,867.78
28/06/2018 08.15,,932.76,,932.76
28/06/2018 08.30,,982.6,,982.6
28/06/2018 08.45,,1033.84,,1033.84
28/06/2018 09.00,,1058.27,,1058.27
28/06/2018 09.15,1063.04,,,1063.04
28/06/2018 09.30,1109.07,,,1109.07
28/06/2018 09.45,1126.73,,,1126.73
28/06/2018 10.00,1081.62,,,1081.62
28/06/2018 10.15,1087.11,,,1087.11
28/06/2018 10.30,1083.53,,,1083.53
28/06/2018 10.45,1062.93,,,1062.93
28/06/2018 11.00,1056.22,,,1056.22
28/06/2018 11.15,1100.33,,,1100.33
28/06/2018 11.30,1081.96,,,1081.96
28/06/2018 11.45,1083.91,,,1083.91
28/06/2018 12.00,1061.32,,,1061.32
28/06/2018 12.15,1042.84,,,1042.84
28/06/2018 12.30,1034.19,,,1034.19
28/06/2018 12.45,1055.21,,,1055.21
28/06/2018 13.00,1126.62,,,1126.62
28/06/2018 13.15,1171.93,,,1171.93
28/06/2018 13.30,1175.88,,,1175.88
28/06/2018 13.45,1157.17,,,1157.17
28/06/2018 14.00,1128.48,,,1128.48
28/06/2018 14.15,1102.88,,,1102.88
28/06/2018 14.30,1074.46,,,1074.46
28/06/2018 14.45,1063.67,,,1063.67
28/06/2018 15.00,1043.42,,,1043.42
28/06/2018 15.15,1030.85,,,1030.85
28/06/2018 15.30,1003.45,,,1003.45
28/06/2018 15.45,997.82,,,997.82
28/06/2018 16.00,977.42,,,977.42
28/06/2018 16.15,933.89,,,933.89
28/06/2018 16.30,903.09,,,903.09
28/06/2018 16.45,866.61,,,866.61
28/06/2018 17.00,839.82,,,839.82
28/06/2018 17.15,822.17,,,822.17
28/06/2018 17.30,816.38,,,816.38
28/06/2018 17.45,806.42,,,806.42
28/06/2018 18.00,786.93,,,786.93
28/06/2018 18.15,784.43,,,784.43
28/06/2018 18.30,777.61,,,777.61
28/06/2018 18.45,769.48,,,769.48
28/06/2018 19.00,733.61,,,733.61
28/06/2018 19.15,712.41,,,712.41
28/06/2018 19.30,686.25,,,686.25
28/06/2018 19.45,659.62,,,659.62
28/06/2018 20.00,614.53,,,614.53
28/06/2018 20.15,596.28,,,596.28
28/06/2018 20.30,580.64,,,580.64
28/06/2018 20.45,555.96,,,555.96
28/06/2018 21.00,556.5,,,556.5
28/06/2018 21.15,550.84,,,550.84
28/06/2018 21.30,553.88,,,553.88
28/06/2018 21.45,550.59,,,550.59
28/06/2018 22.00,548.72,,,548.72
28/06/2018 22.15,,534.9,,534.9
28/06/2018 22.30,,534.39,,534.39
28/06/2018 22.45,,531.29,,531.29
28/06/2018 23.00,,527.55,,527.55
28/06/2018 23.15,,523.29,,523.29
28/06/2018 23.30,,523.05,,523.05
28/06/2018 23.45,,513.23,,513.23
28/06/2018 24.00,,512.66,,512.66
29/06/2018 00.15,,508.6,,508.6
29/06/2018 00.30,,515.55,,515.55
29/06/2018 00.45,,509.97,,509.97
29/06/2018 01.00,,501.08,,501.08
29/06/2018 01.15,,498.89,,498.89
29/06/2018 01.30,,490.48,,490.48
29/06/2018 01.45,,486.32,,486.32
29/06/2018 02.00,,483.86,,483.86
29/06/2018 02.15,,488.19,,488.19
29/06/2018 02.30,,483.36,,483.36
29/06/2018 02.45,,477.08,,477.08
29/06/2018 03.00,,475.49,,475.49
29/06/2018 03.15,,473.28,,473.28
29/06/2018 03.30,,473.23,,473.23
29/06/2018 03.45,,467.62,,467.62
29/06/2018 04.00,,471.7,,471.7
29/06/2018 04.15,,466.47,,466.47
29/06/2018 04.30,,464.1,,464.1
29/06/2018 04.45,,461.62,,461.62
29/06/2018 05.00,,467.97,,467.97
29/06/2018 05.15,,473.55,,473.55
29/06/2018 05.30,,477.89,,477.89
29/06/2018 05.45,,486.37,,486.37
29/06/2018 06.00,,486.36,,486.36
29/06/2018 06.15,,494.57,,494.57
29/06/2018 06.30,,547.32,,547.32
29/06/2018 06.45,,553.96,,553.96
29/06/2018 07.00,,580.37,,580.37
29/06/2018 07.15,,611.85,,611.85
29/06/2018 07.30,,651.01,,651.01
29/06/2018 07.45,,742.4,,742.4
29/06/2018 08.00,,802.29,,802.29
29/06/2018 08.15,,859.28,,859.28
29/06/2018 08.30,,920.04,,920.04
29/06/2018 08.45,,977.32,,977.32
29/06/2018 09.00,,1011.44,,1011.44
29/06/2018 09.15,1049.42,,,1049.42
29/06/2018 09.30,996,,,996
29/06/2018 09.45,1012.11,,,1012.11
29/06/2018 10.00,1059.22,,,1059.22
29/06/2018 10.15,1039.97,,,1039.97
29/06/2018 10.30,1030.08,,,1030.08
29/06/2018 10.45,1044.22,,,1044.22
29/06/2018 11.00,1037.92,,,1037.92
29/06/2018 11.15,1059.55,,,1059.55
29/06/2018 11.30,1011.66,,,1011.66
29/06/2018 11.45,998.45,,,998.45
29/06/2018 12.00,959.21,,,959.21
29/06/2018 12.15,941.42,,,941.42
29/06/2018 12.30,941.34,,,941.34
29/06/2018 12.45,924.3,,,924.3
29/06/2018 13.00,933.84,,,933.84
29/06/2018 13.15,955.6,,,955.6
29/06/2018 13.30,949.33,,,949.33
29/06/2018 13.45,968.95,,,968.95
29/06/2018 14.00,962.7,,,962.7
29/06/2018 14.15,994.63,,,994.63
29/06/2018 14.30,1017.6,,,1017.6
29/06/2018 14.45,959.52,,,959.52
29/06/2018 15.00,965.33,,,965.33
29/06/2018 15.15,983.63,,,983.63
29/06/2018 15.30,963.83,,,963.83
29/06/2018 15.45,943.86,,,943.86
29/06/2018 16.00,916.86,,,916.86
29/06/2018 16.15,884.48,,,884.48
29/06/2018 16.30,860.46,,,860.46
29/06/2018 16.45,810.16,,,810.16
29/06/2018 17.00,773.81,,,773.81
29/06/2018 17.15,770.22,,,770.22
29/06/2018 17.30,755.53,,,755.53
29/06/2018 17.45,721.1,,,721.1
29/06/2018 18.00,716.45,,,716.45
29/06/2018 18.15,720.32,,,720.32
29/06/2018 18.30,699.57,,,699.57
29/06/2018 18.45,683.04,,,683.04
29/06/2018 19.00,655.26,,,655.26
29/06/2018 19.15,629.64,,,629.64
29/06/2018 19.30,608.35,,,608.35
29/06/2018 19.45,613.4,,,613.4
29/06/2018 20.00,609.36,,,609.36
29/06/2018 20.15,596.41,,,596.41
29/06/2018 20.30,570.11,,,570.11
29/06/2018 20.45,564.13,,,564.13
29/06/2018 21.00,540.09,,,540.09
29/06/2018 21.15,542.43,,,542.43
29/06/2018 21.30,536.3,,,536.3
29/06/2018 21.45,531.98,,,531.98
29/06/2018 22.00,479.61,,,479.61
29/06/2018 22.15,,470.29,,470.29
29/06/2018 22.30,,469.05,,469.05
29/06/2018 22.45,,459.63,,459.63
29/06/2018 23.00,,462.37,,462.37
29/06/2018 23.15,,457.2,,457.2
29/06/2018 23.30,,461.18,,461.18
29/06/2018 23.45,,446.6,,446.6
29/06/2018 24.00,,444.57,,444.57
30/06/2018 00.15,,,448.28,448.28
30/06/2018 00.30,,,445.79,445.79
30/06/2018 00.45,,,434.67,434.67
30/06/2018 01.00,,,445.41,445.41
30/06/2018 01.15,,,461.63,461.63
30/06/2018 01.30,,,498.21,498.21
30/06/2018 01.45,,,500.5,500.5
30/06/2018 02.00,,,488.76,488.76
30/06/2018 02.15,,,487.11,487.11
30/06/2018 02.30,,,492.74,492.74
30/06/2018 02.45,,,445.02,445.02
30/06/2018 03.00,,,427.67,427.67
30/06/2018 03.15,,,465.55,465.55
30/06/2018 03.30,,,475.44,475.44
30/06/2018 03.45,,,477.29,477.29
30/06/2018 04.00,,,472.07,472.07
30/06/2018 04.15,,,462.29,462.29
30/06/2018 04.30,,,458.74,458.74
30/06/2018 04.45,,,456.99,456.99
30/06/2018 05.00,,,452.94,452.94
30/06/2018 05.15,,,452.28,452.28
30/06/2018 05.30,,,463.92,463.92
30/06/2018 05.45,,,472.2,472.2
30/06/2018 06.00,,,471.73,471.73
30/06/2018 06.15,,,459.37,459.37
30/06/2018 06.30,,,461.58,461.58
30/06/2018 06.45,,,499.13,499.13
30/06/2018 07.00,,,490.76,490.76
30/06/2018 07.15,,,503.65,503.65
30/06/2018 07.30,,,504.11,504.11
30/06/2018 07.45,,,528.58,528.58
30/06/2018 08.00,,,561.63,561.63
30/06/2018 08.15,,,583.22,583.22
30/06/2018 08.30,,,604.65,604.65
30/06/2018 08.45,,,621.38,621.38
30/06/2018 09.00,,,625.56,625.56
30/06/2018 09.15,,,622.12,622.12
30/06/2018 09.30,,,644.3,644.3
30/06/2018 09.45,,,662.01,662.01
30/06/2018 10.00,,,638.48,638.48
30/06/2018 10.15,,,647.41,647.41
30/06/2018 10.30,,,676.23,676.23
30/06/2018 10.45,,,708.83,708.83
30/06/2018 11.00,,,641.06,641.06
30/06/2018 11.15,,,656.38,656.38
30/06/2018 11.30,,,683.55,683.55
30/06/2018 11.45,,,669.73,669.73
30/06/2018 12.00,,,669.75,669.75
30/06/2018 12.15,,,637.56,637.56
30/06/2018 12.30,,,660.07,660.07
30/06/2018 12.45,,,656.96,656.96
30/06/2018 13.00,,,607.86,607.86
30/06/2018 13.15,,,672.15,672.15
30/06/2018 13.30,,,649.72,649.72
30/06/2018 13.45,,,642.27,642.27
30/06/2018 14.00,,,662.76,662.76
30/06/2018 14.15,,,693.75,693.75
30/06/2018 14.30,,,717.47,717.47
30/06/2018 14.45,,,697.1,697.1
30/06/2018 15.00,,,644.6,644.6
30/06/2018 15.15,,,675.51,675.51
30/06/2018 15.30,,,708.6,708.6
30/06/2018 15.45,,,698.58,698.58
30/06/2018 16.00,,,673.52,673.52
30/06/2018 16.15,,,627.7,627.7
30/06/2018 16.30,,,622.75,622.75
30/06/2018 16.45,,,611.75,611.75
30/06/2018 17.00,,,605.75,605.75
30/06/2018 17.15,,,573.01,573.01
30/06/2018 17.30,,,585.25,585.25
30/06/2018 17.45,,,583.03,583.03
30/06/2018 18.00,,,577.9,577.9
30/06/2018 18.15,,,564.79,564.79
30/06/2018 18.30,,,544.82,544.82
30/06/2018 18.45,,,553.45,553.45
30/06/2018 19.00,,,552.5,552.5
30/06/2018 19.15,,,556.82,556.82
30/06/2018 19.30,,,548.03,548.03
30/06/2018 19.45,,,534.66,534.66
30/06/2018 20.00,,,518.16,518.16
30/06/2018 20.15,,,506,506
30/06/2018 20.30,,,504.1,504.1
30/06/2018 20.45,,,502.82,502.82
30/06/2018 21.00,,,499.34,499.34
30/06/2018 21.15,,,492.1,492.1
30/06/2018 21.30,,,496.24,496.24
30/06/2018 21.45,,,496.84,496.84
30/06/2018 22.00,,,494.08,494.08
30/06/2018 22.15,,,493.19,493.19
30/06/2018 22.30,,,486.02,486.02
30/06/2018 22.45,,,486.1,486.1
30/06/2018 23.00,,,481.7,481.7
30/06/2018 23.15,,,482.66,482.66
30/06/2018 23.30,,,483.79,483.79
30/06/2018 23.45,,,483.58,483.58
30/06/2018 24.00,,,483.58,483.58
