2018-06-01 00:15,0.00,143.78
2018-06-01 00:30,0.00,149.23
2018-06-01 00:45,0.00,152.65
2018-06-01 01:00,0.00,150.55
2018-06-01 01:15,0.00,152.68
2018-06-01 01:30,0.00,150.18
2018-06-01 01:45,0.00,151.57
2018-06-01 02:00,0.00,148.33
2018-06-01 02:15,0.00,148.52
2018-06-01 02:30,0.00,147.52
2018-06-01 02:45,0.00,141.6
2018-06-01 03:00,0.00,141.09
2018-06-01 03:15,0.00,138.23
2018-06-01 03:30,0.00,138.51
2018-06-01 03:45,0.00,135.41
2018-06-01 04:00,0.00,135.62
2018-06-01 04:15,0.00,131.96
2018-06-01 04:30,0.00,129.17
2018-06-01 04:45,0.00,127.59
2018-06-01 05:00,0.00,128.99
2018-06-01 05:15,0.00,130.83
2018-06-01 05:30,0.00,131.14
2018-06-01 05:45,0.00,129.2
2018-06-01 06:00,0.29,125.1
2018-06-01 06:15,0.59,122.64
2018-06-01 06:30,0.70,120.56
2018-06-01 06:45,0.88,117.65
2018-06-01 07:00,1.38,117.15
2018-06-01 07:15,1.86,116.06
2018-06-01 07:30,2.54,115.15
2018-06-01 07:45,3.54,111.61
2018-06-01 08:00,4.14,108.3
2018-06-01 08:15,5.49,106.96
2018-06-01 08:30,5.46,104.35
2018-06-01 08:45,6.90,100.19
2018-06-01 09:00,8.40,95.41
2018-06-01 09:15,8.53,92.3
2018-06-01 09:30,9.31,93.67
2018-06-01 09:45,9.52,88.91
2018-06-01 10:00,9.74,87.9
2018-06-01 10:15,10.02,87.32
2018-06-01 10:30,10.02,89.16
2018-06-01 10:45,9.87,87.7
2018-06-01 11:00,11.33,85.14
2018-06-01 11:15,14.96,82.37
2018-06-01 11:30,17.41,84.17
2018-06-01 11:45,18.19,81.12
2018-06-01 12:00,18.05,77.88
2018-06-01 12:15,19.42,78.49
2018-06-01 12:30,12.56,79.74
2018-06-01 12:45,15.01,85.46
2018-06-01 13:00,17.90,77.61
2018-06-01 13:15,17.31,76.03
2018-06-01 13:30,13.60,79.19
2018-06-01 13:45,18.94,77.85
2018-06-01 14:00,16.99,76.04
2018-06-01 14:15,15.62,80.67
2018-06-01 14:30,12.83,84.48
2018-06-01 14:45,12.30,82.14
2018-06-01 15:00,10.69,82.58
2018-06-01 15:15,9.12,79.85
2018-06-01 15:30,7.41,82.41
2018-06-01 15:45,4.45,88.12
2018-06-01 16:00,2.82,88.3
2018-06-01 16:15,2.69,86.54
2018-06-01 16:30,2.14,89.53
2018-06-01 16:45,1.20,93.61
2018-06-01 17:00,0.78,90.03
2018-06-01 17:15,0.67,93.11
2018-06-01 17:30,0.62,91.46
2018-06-01 17:45,0.51,91.96
2018-06-01 18:00,0.50,91.98
2018-06-01 18:15,0.21,86.48
2018-06-01 18:30,0.00,89.48
2018-06-01 18:45,0.00,90.43
2018-06-01 19:00,0.00,90.32
2018-06-01 19:15,0.00,88.77
2018-06-01 19:30,0.00,91.72
2018-06-01 19:45,0.00,92.96
2018-06-01 20:00,0.00,94.06
2018-06-01 20:15,0.00,93.48
2018-06-01 20:30,0.00,95.62
2018-06-01 20:45,0.00,99.41
2018-06-01 21:00,0.00,102.04
2018-06-01 21:15,0.00,104.12
2018-06-01 21:30,0.00,108.12
2018-06-01 21:45,0.00,109.11
2018-06-01 22:00,0.00,110.93
2018-06-01 22:15,0.00,115.23
2018-06-01 22:30,0.00,119.61
2018-06-01 22:45,0.00,119.64
2018-06-01 23:00,0.00,118.93
2018-06-01 23:15,0.00,121.78
2018-06-01 23:30,0.00,131.12
2018-06-01 23:45,0.00,133.33
2018-06-02 00:00,0.00,138.31
2018-06-02 00:15,0.00,137.14
2018-06-02 00:30,0.00,145.01
2018-06-02 00:45,0.00,147.23
2018-06-02 01:00,0.00,149.85
2018-06-02 01:15,0.00,152.23
2018-06-02 01:30,0.00,155.33
2018-06-02 01:45,0.00,151.43
2018-06-02 02:00,0.00,148.3
2018-06-02 02:15,0.00,148.2
2018-06-02 02:30,0.00,145.28
2018-06-02 02:45,0.00,141.27
2018-06-02 03:00,0.00,142.44
2018-06-02 03:15,0.00,137.89
2018-06-02 03:30,0.00,136.43
2018-06-02 03:45,0.00,132.19
2018-06-02 04:00,0.00,132.28
2018-06-02 04:15,0.00,128.94
2018-06-02 04:30,0.00,128.59
2018-06-02 04:45,0.00,124.73
2018-06-02 05:00,0.00,127.72
2018-06-02 05:15,0.00,128.22
2018-06-02 05:30,0.00,126.65
2018-06-02 05:45,0.00,123.96
2018-06-02 06:00,0.24,120.12
2018-06-02 06:15,0.61,116.09
2018-06-02 06:30,0.91,116.44
2018-06-02 06:45,1.30,115.46
2018-06-02 07:00,2.29,113.73
2018-06-02 07:15,3.30,114.41
2018-06-02 07:30,4.35,116.3
2018-06-02 07:45,6.10,111.78
2018-06-02 08:00,7.95,106.82
2018-06-02 08:15,9.04,103.72
2018-06-02 08:30,10.06,98.9
2018-06-02 08:45,11.12,95.43
2018-06-02 09:00,12.40,91.27
2018-06-02 09:15,13.60,87.43
2018-06-02 09:30,14.40,87.61
2018-06-02 09:45,15.18,83.38
2018-06-02 10:00,15.87,82.12
2018-06-02 10:15,16.50,80.66
2018-06-02 10:30,16.69,78.91
2018-06-02 10:45,17.60,78.48
2018-06-02 11:00,17.04,80.16
2018-06-02 11:15,18.35,78.64
2018-06-02 11:30,18.21,83.24
2018-06-02 11:45,17.52,81.66
2018-06-02 12:00,18.13,79.16
2018-06-02 12:15,19.41,79.59
2018-06-02 12:30,18.88,77.54
2018-06-02 12:45,19.33,75.29
2018-06-02 13:00,17.41,73.96
2018-06-02 13:15,18.62,74.93
2018-06-02 13:30,18.14,74.46
2018-06-02 13:45,16.46,75.62
2018-06-02 14:00,16.85,77.66
2018-06-02 14:15,16.51,79.29
2018-06-02 14:30,16.08,78.45
2018-06-02 14:45,14.75,77.27
2018-06-02 15:00,13.76,82.93
2018-06-02 15:15,12.94,80.53
2018-06-02 15:30,12.19,81.96
2018-06-02 15:45,8.64,82.48
2018-06-02 16:00,9.66,89.19
2018-06-02 16:15,6.26,87.19
2018-06-02 16:30,3.90,89.95
2018-06-02 16:45,3.33,92.35
2018-06-02 17:00,2.62,95.49
2018-06-02 17:15,2.19,92.33
2018-06-02 17:30,1.74,91.51
2018-06-02 17:45,1.12,92.2
2018-06-02 18:00,0.69,91.17
2018-06-02 18:15,0.34,90.98
2018-06-02 18:30,0.03,90.04
2018-06-02 18:45,0.00,90.62
2018-06-02 19:00,0.00,90.59
2018-06-02 19:15,0.00,91.99
2018-06-02 19:30,0.00,93.45
2018-06-02 19:45,0.00,95.85
2018-06-02 20:00,0.00,96.12
2018-06-02 20:15,0.00,92.74
2018-06-02 20:30,0.00,90.66
2018-06-02 20:45,0.00,94.82
2018-06-02 21:00,0.00,97.24
2018-06-02 21:15,0.00,100.45
2018-06-02 21:30,0.00,100.95
2018-06-02 21:45,0.00,105.82
2018-06-02 22:00,0.00,104.24
2018-06-02 22:15,0.00,108.32
2018-06-02 22:30,0.00,110.04
2018-06-02 22:45,0.00,112.75
2018-06-02 23:00,0.00,114.99
2018-06-02 23:15,0.00,114.88
2018-06-02 23:30,0.00,118.54
2018-06-02 23:45,0.00,122.94
2018-06-03 00:00,0.00,126.07
2018-06-03 00:15,0.00,133.09
2018-06-03 00:30,0.00,137.73
2018-06-03 00:45,0.00,139.04
2018-06-03 01:00,0.00,140.62
2018-06-03 01:15,0.00,143.01
2018-06-03 01:30,0.00,147.59
2018-06-03 01:45,0.00,144.22
2018-06-03 02:00,0.00,145.06
2018-06-03 02:15,0.00,142.33
2018-06-03 02:30,0.00,138.07
2018-06-03 02:45,0.00,136.41
2018-06-03 03:00,0.00,135.62
2018-06-03 03:15,0.00,133.35
2018-06-03 03:30,0.00,130.81
2018-06-03 03:45,0.00,127.3
2018-06-03 04:00,0.00,126.41
2018-06-03 04:15,0.00,123.19
2018-06-03 04:30,0.00,123.14
2018-06-03 04:45,0.00,122.46
2018-06-03 05:00,0.00,122.31
2018-06-03 05:15,0.00,121.64
2018-06-03 05:30,0.00,120.81
2018-06-03 05:45,0.02,118.57
2018-06-03 06:00,0.30,117.9
2018-06-03 06:15,0.77,111.03
2018-06-03 06:30,1.36,110.46
2018-06-03 06:45,2.00,109.72
2018-06-03 07:00,2.66,109.01
2018-06-03 07:15,2.80,108.4
2018-06-03 07:30,3.09,104.88
2018-06-03 07:45,4.26,103.25
2018-06-03 08:00,5.30,100.03
2018-06-03 08:15,7.44,99.59
2018-06-03 08:30,9.14,96.2
2018-06-03 08:45,11.95,94.8
2018-06-03 09:00,13.47,93.4
2018-06-03 09:15,12.83,91.01
2018-06-03 09:30,14.77,93.2
2018-06-03 09:45,15.14,86.77
2018-06-03 10:00,15.78,83.96
2018-06-03 10:15,16.53,84.37
2018-06-03 10:30,17.10,81.62
2018-06-03 10:45,17.55,76.98
2018-06-03 11:00,17.66,77.45
2018-06-03 11:15,18.06,80.54
2018-06-03 11:30,18.37,73.59
2018-06-03 11:45,19.09,71
2018-06-03 12:00,17.97,70
2018-06-03 12:15,18.24,69.93
2018-06-03 12:30,16.48,68.5
2018-06-03 12:45,19.18,64.24
2018-06-03 13:00,18.83,60.95
2018-06-03 13:15,17.39,60.22
2018-06-03 13:30,17.71,60.66
2018-06-03 13:45,18.22,58.67
2018-06-03 14:00,11.41,61
2018-06-03 14:15,16.94,68.64
2018-06-03 14:30,13.71,61.95
2018-06-03 14:45,10.91,66.45
2018-06-03 15:00,8.34,73.12
2018-06-03 15:15,9.63,74.58
2018-06-03 15:30,12.13,72.72
2018-06-03 15:45,12.37,71.16
2018-06-03 16:00,11.02,72.69
2018-06-03 16:15,9.54,72.98
2018-06-03 16:30,8.10,74.27
2018-06-03 16:45,6.42,76.19
2018-06-03 17:00,5.23,78.09
2018-06-03 17:15,3.10,82.75
2018-06-03 17:30,1.82,85.59
2018-06-03 17:45,1.01,86.85
2018-06-03 18:00,0.66,80.8
2018-06-03 18:15,0.32,81.04
2018-06-03 18:30,0.05,84.09
2018-06-03 18:45,0.00,86.98
2018-06-03 19:00,0.00,85.51
2018-06-03 19:15,0.00,83.88
2018-06-03 19:30,0.00,83.03
2018-06-03 19:45,0.00,84.67
2018-06-03 20:00,0.00,90.53
2018-06-03 20:15,0.00,91.95
2018-06-03 20:30,0.00,92.61
2018-06-03 20:45,0.00,95.25
2018-06-03 21:00,0.00,96.46
2018-06-03 21:15,0.00,98.77
2018-06-03 21:30,0.00,99.83
2018-06-03 21:45,0.00,106.01
2018-06-03 22:00,0.00,110.8
2018-06-03 22:15,0.00,115.52
2018-06-03 22:30,0.00,121.27
2018-06-03 22:45,0.00,124.22
2018-06-03 23:00,0.00,125.15
2018-06-03 23:15,0.00,126.49
2018-06-03 23:30,0.00,132.54
2018-06-03 23:45,0.00,136.06
2018-06-04 00:00,0.00,134.52
2018-06-04 00:15,0.00,140.27
2018-06-04 00:30,0.00,139.99
2018-06-04 00:45,0.00,141.09
2018-06-04 01:00,0.00,141.1
2018-06-04 01:15,0.00,142.89
2018-06-04 01:30,0.00,141.52
2018-06-04 01:45,0.00,139.93
2018-06-04 02:00,0.00,138.97
2018-06-04 02:15,0.00,139.59
2018-06-04 02:30,0.00,138.51
2018-06-04 02:45,0.00,135.57
2018-06-04 03:00,0.00,130.94
2018-06-04 03:15,0.00,130.27
2018-06-04 03:30,0.00,128.48
2018-06-04 03:45,0.00,129.57
2018-06-04 04:00,0.00,126.83
2018-06-04 04:15,0.00,124.86
2018-06-04 04:30,0.00,128.7
2018-06-04 04:45,0.00,122.23
2018-06-04 05:00,0.00,121.36
2018-06-04 05:15,0.00,120.98
2018-06-04 05:30,0.00,121.64
2018-06-04 05:45,0.00,119.81
2018-06-04 06:00,0.29,118.67
2018-06-04 06:15,0.72,115.32
2018-06-04 06:30,1.25,112.28
2018-06-04 06:45,1.82,110.78
2018-06-04 07:00,2.61,108.65
2018-06-04 07:15,3.86,107.91
2018-06-04 07:30,5.30,106.85
2018-06-04 07:45,6.22,102.49
2018-06-04 08:00,8.02,100.67
2018-06-04 08:15,9.74,97.66
2018-06-04 08:30,9.41,95.93
2018-06-04 08:45,12.18,93.16
2018-06-04 09:00,9.94,92.49
2018-06-04 09:15,8.82,91.01
2018-06-04 09:30,10.61,92.91
2018-06-04 09:45,8.90,92.98
2018-06-04 10:00,9.70,94.88
2018-06-04 10:15,13.02,89.82
2018-06-04 10:30,18.00,85.91
2018-06-04 10:45,18.38,78.74
2018-06-04 11:00,18.50,78.37
2018-06-04 11:15,19.01,77.25
2018-06-04 11:30,18.62,80.77
2018-06-04 11:45,17.18,80.19
2018-06-04 12:00,19.07,79.43
2018-06-04 12:15,19.14,78.83
2018-06-04 12:30,16.51,73.14
2018-06-04 12:45,16.61,77.2
2018-06-04 13:00,16.99,76.09
2018-06-04 13:15,17.22,72.35
2018-06-04 13:30,17.60,71.83
2018-06-04 13:45,16.11,70.38
2018-06-04 14:00,16.83,73.62
2018-06-04 14:15,14.43,73.67
2018-06-04 14:30,15.38,74.08
2018-06-04 14:45,14.94,77.4
2018-06-04 15:00,13.55,79.04
2018-06-04 15:15,12.64,81.11
2018-06-04 15:30,8.88,83.16
2018-06-04 15:45,10.02,86.51
2018-06-04 16:00,9.34,87.7
2018-06-04 16:15,7.60,84.87
2018-06-04 16:30,5.92,82.99
2018-06-04 16:45,5.15,87.83
2018-06-04 17:00,2.75,87.59
2018-06-04 17:15,1.46,96.03
2018-06-04 17:30,0.93,92.4
2018-06-04 17:45,0.59,88.08
2018-06-04 18:00,0.38,89.72
2018-06-04 18:15,0.21,90.8
2018-06-04 18:30,0.02,92.77
2018-06-04 18:45,0.00,92.11
2018-06-04 19:00,0.00,94.16
2018-06-04 19:15,0.00,94.56
2018-06-04 19:30,0.00,97.66
2018-06-04 19:45,0.00,97.67
2018-06-04 20:00,0.00,97.93
2018-06-04 20:15,0.00,97.45
2018-06-04 20:30,0.00,95.82
2018-06-04 20:45,0.00,99.09
2018-06-04 21:00,0.00,98.72
2018-06-04 21:15,0.00,98.99
2018-06-04 21:30,0.00,103.67
2018-06-04 21:45,0.00,106.33
2018-06-04 22:00,0.00,106.57
2018-06-04 22:15,0.00,108.03
2018-06-04 22:30,0.00,108.94
2018-06-04 22:45,0.00,111.48
2018-06-04 23:00,0.00,112.43
2018-06-04 23:15,0.00,114.35
2018-06-04 23:30,0.00,116.9
2018-06-04 23:45,0.00,120.96
2018-06-05 00:00,0.00,122.99
2018-06-05 00:15,0.00,126.88
2018-06-05 00:30,0.00,129.01
2018-06-05 00:45,0.00,130.93
2018-06-05 01:00,0.00,131.89
2018-06-05 01:15,0.00,131.7
2018-06-05 01:30,0.00,132.51
2018-06-05 01:45,0.00,132.09
2018-06-05 02:00,0.00,132.89
2018-06-05 02:15,0.00,129.75
2018-06-05 02:30,0.00,130.65
2018-06-05 02:45,0.00,128.56
2018-06-05 03:00,0.00,125.9
2018-06-05 03:15,0.00,120.78
2018-06-05 03:30,0.00,121.14
2018-06-05 03:45,0.00,121.9
2018-06-05 04:00,0.00,116.99
2018-06-05 04:15,0.00,115.8
2018-06-05 04:30,0.00,115.19
2018-06-05 04:45,0.00,113.43
2018-06-05 05:00,0.00,114.11
2018-06-05 05:15,0.00,115.62
2018-06-05 05:30,0.00,114.73
2018-06-05 05:45,0.00,114.32
2018-06-05 06:00,0.18,113.4
2018-06-05 06:15,0.66,109.19
2018-06-05 06:30,1.26,108.19
2018-06-05 06:45,1.87,104.9
2018-06-05 07:00,2.51,101.24
2018-06-05 07:15,3.15,98.54
2018-06-05 07:30,3.73,99.38
2018-06-05 07:45,3.76,99.93
2018-06-05 08:00,3.81,96.38
2018-06-05 08:15,3.86,93.33
2018-06-05 08:30,6.16,91.32
2018-06-05 08:45,11.74,86.8
2018-06-05 09:00,12.48,79.41
2018-06-05 09:15,13.39,80.43
2018-06-05 09:30,14.43,81.3
2018-06-05 09:45,15.23,77.09
2018-06-05 10:00,15.97,77.85
2018-06-05 10:15,16.74,77.96
2018-06-05 10:30,17.39,77.77
2018-06-05 10:45,16.90,76.7
2018-06-05 11:00,17.58,77.83
2018-06-05 11:15,17.42,79.74
2018-06-05 11:30,18.53,82.54
2018-06-05 11:45,17.95,73.61
2018-06-05 12:00,18.45,69.21
2018-06-05 12:15,18.90,69.19
2018-06-05 12:30,17.44,67.93
2018-06-05 12:45,17.34,70.3
2018-06-05 13:00,18.59,68.66
2018-06-05 13:15,12.96,68.54
2018-06-05 13:30,17.94,75.29
2018-06-05 13:45,18.19,70.71
2018-06-05 14:00,7.57,73.93
2018-06-05 14:15,15.23,81.22
2018-06-05 14:30,13.28,71.04
2018-06-05 14:45,4.58,77.09
2018-06-05 15:00,1.54,83.75
2018-06-05 15:15,0.58,82.7
2018-06-05 15:30,0.37,79.37
2018-06-05 15:45,0.83,74.32
2018-06-05 16:00,1.44,71.58
2018-06-05 16:15,1.62,70.11
2018-06-05 16:30,1.98,69.24
2018-06-05 16:45,2.61,67.75
2018-06-05 17:00,3.33,70.62
2018-06-05 17:15,3.02,74.01
2018-06-05 17:30,2.06,74.79
2018-06-05 17:45,1.65,78.35
2018-06-05 18:00,0.98,79.61
2018-06-05 18:15,0.29,77.43
2018-06-05 18:30,0.00,79.03
2018-06-05 18:45,0.00,81.91
2018-06-05 19:00,0.00,81.14
2018-06-05 19:15,0.00,80.74
2018-06-05 19:30,0.00,81.25
2018-06-05 19:45,0.00,81.62
2018-06-05 20:00,0.00,83.53
2018-06-05 20:15,0.00,84.56
2018-06-05 20:30,0.00,83.14
2018-06-05 20:45,0.00,85.32
2018-06-05 21:00,0.00,84.72
2018-06-05 21:15,0.00,85.38
2018-06-05 21:30,0.00,86.58
2018-06-05 21:45,0.00,89.95
2018-06-05 22:00,0.00,91.35
2018-06-05 22:15,0.00,92.8
2018-06-05 22:30,0.00,95.32
2018-06-05 22:45,0.00,93.24
2018-06-05 23:00,0.00,95.83
2018-06-05 23:15,0.00,98.54
2018-06-05 23:30,0.00,97.2
2018-06-05 23:45,0.00,99.45
2018-06-06 00:00,0.00,103.9
2018-06-06 00:15,0.00,103.07
2018-06-06 00:30,0.00,102.98
2018-06-06 00:45,0.00,102.83
2018-06-06 01:00,0.00,103.75
2018-06-06 01:15,0.00,105.33
2018-06-06 01:30,0.00,103.93
2018-06-06 01:45,0.00,106.32
2018-06-06 02:00,0.00,105.65
2018-06-06 02:15,0.00,106.09
2018-06-06 02:30,0.00,105.44
2018-06-06 02:45,0.00,103.27
2018-06-06 03:00,0.00,103.25
2018-06-06 03:15,0.00,100.36
2018-06-06 03:30,0.00,101.77
2018-06-06 03:45,0.00,100.51
2018-06-06 04:00,0.00,98.36
2018-06-06 04:15,0.00,96.46
2018-06-06 04:30,0.00,94.01
2018-06-06 04:45,0.00,93.57
2018-06-06 05:00,0.00,95.4
2018-06-06 05:15,0.00,94.83
2018-06-06 05:30,0.00,96.27
2018-06-06 05:45,0.02,93.54
2018-06-06 06:00,0.30,89.38
2018-06-06 06:15,0.74,85.53
2018-06-06 06:30,1.36,85.85
2018-06-06 06:45,2.18,84.4
2018-06-06 07:00,3.07,84.69
2018-06-06 07:15,3.54,83.2
2018-06-06 07:30,4.56,82.53
2018-06-06 07:45,5.90,82.14
2018-06-06 08:00,7.68,78.51
2018-06-06 08:15,9.42,78.49
2018-06-06 08:30,10.85,72.75
2018-06-06 08:45,9.42,76.53
2018-06-06 09:00,8.43,75.04
2018-06-06 09:15,13.55,71.48
2018-06-06 09:30,15.95,67.66
2018-06-06 09:45,15.20,68.12
2018-06-06 10:00,15.55,66.17
2018-06-06 10:15,16.16,63
2018-06-06 10:30,16.66,61.53
2018-06-06 10:45,18.00,67.54
2018-06-06 11:00,17.87,67.16
2018-06-06 11:15,18.22,70.12
2018-06-06 11:30,18.70,67.71
2018-06-06 11:45,18.58,67.16
2018-06-06 12:00,18.83,61.88
2018-06-06 12:15,18.90,59.4
2018-06-06 12:30,16.82,62.87
2018-06-06 12:45,9.10,67.3
2018-06-06 13:00,11.46,75.7
2018-06-06 13:15,11.26,70.53
2018-06-06 13:30,14.59,72.98
2018-06-06 13:45,13.55,65.16
2018-06-06 14:00,12.24,69.19
2018-06-06 14:15,16.03,73.66
2018-06-06 14:30,11.33,66.92
2018-06-06 14:45,13.47,69.43
2018-06-06 15:00,9.28,67.79
2018-06-06 15:15,13.47,72.51
2018-06-06 15:30,7.01,68.22
2018-06-06 15:45,9.22,76.69
2018-06-06 16:00,9.95,73.41
2018-06-06 16:15,4.82,71.29
2018-06-06 16:30,3.34,69.45
2018-06-06 16:45,3.78,70.48
2018-06-06 17:00,3.71,68.4
2018-06-06 17:15,2.62,67
2018-06-06 17:30,1.98,66.09
2018-06-06 17:45,1.89,65.71
2018-06-06 18:00,1.15,66.69
2018-06-06 18:15,0.67,65.64
2018-06-06 18:30,0.19,67.04
2018-06-06 18:45,0.00,67.45
2018-06-06 19:00,0.00,72.43
2018-06-06 19:15,0.00,72.45
2018-06-06 19:30,0.00,71.03
2018-06-06 19:45,0.00,66.85
2018-06-06 20:00,0.00,67.9
2018-06-06 20:15,0.00,66.75
2018-06-06 20:30,0.00,66.21
2018-06-06 20:45,0.00,71.53
2018-06-06 21:00,0.00,71.67
2018-06-06 21:15,0.00,73.8
2018-06-06 21:30,0.00,74.24
2018-06-06 21:45,0.00,75.46
2018-06-06 22:00,0.00,75.24
2018-06-06 22:15,0.00,76.54
2018-06-06 22:30,0.00,76.54
2018-06-06 22:45,0.00,77.58
2018-06-06 23:00,0.00,79.24
2018-06-06 23:15,0.00,80.82
2018-06-06 23:30,0.00,82.46
2018-06-06 23:45,0.00,81.64
2018-06-07 00:00,0.00,82.88
2018-06-07 00:15,0.00,83.54
2018-06-07 00:30,0.00,84.43
2018-06-07 00:45,0.00,86.12
2018-06-07 01:00,0.00,86.87
2018-06-07 01:15,0.00,85.48
2018-06-07 01:30,0.00,83.12
2018-06-07 01:45,0.00,85.38
2018-06-07 02:00,0.00,82.48
2018-06-07 02:15,0.00,84.06
2018-06-07 02:30,0.00,84.22
2018-06-07 02:45,0.00,85.54
2018-06-07 03:00,0.00,83.88
2018-06-07 03:15,0.00,83.45
2018-06-07 03:30,0.00,83.14
2018-06-07 03:45,0.00,82.11
2018-06-07 04:00,0.00,79.87
2018-06-07 04:15,0.00,78.43
2018-06-07 04:30,0.00,81.27
2018-06-07 04:45,0.00,82.7
2018-06-07 05:00,0.00,80.74
2018-06-07 05:15,0.00,82.93
2018-06-07 05:30,0.00,80.16
2018-06-07 05:45,0.00,78.53
2018-06-07 06:00,0.24,79.58
2018-06-07 06:15,0.58,75.41
2018-06-07 06:30,0.82,74.09
2018-06-07 06:45,1.15,75.74
2018-06-07 07:00,2.27,72.3
2018-06-07 07:15,3.62,71.95
2018-06-07 07:30,5.66,71.43
2018-06-07 07:45,5.87,73.8
2018-06-07 08:00,5.98,73.79
2018-06-07 08:15,10.05,71.72
2018-06-07 08:30,5.38,66.66
2018-06-07 08:45,4.86,74.12
2018-06-07 09:00,4.82,69.16
2018-06-07 09:15,3.31,67.95
2018-06-07 09:30,3.31,69.59
2018-06-07 09:45,5.01,66.95
2018-06-07 10:00,5.62,60.24
2018-06-07 10:15,6.82,61.19
2018-06-07 10:30,6.29,64.8
2018-06-07 10:45,5.22,68.61
2018-06-07 11:00,5.65,64.4
2018-06-07 11:15,9.14,62.96
2018-06-07 11:30,9.15,59.5
2018-06-07 11:45,7.57,56.08
2018-06-07 12:00,9.63,56.5
2018-06-07 12:15,9.87,53.04
2018-06-07 12:30,11.50,54.04
2018-06-07 12:45,13.57,53.11
2018-06-07 13:00,12.59,52.96
2018-06-07 13:15,15.28,52.37
2018-06-07 13:30,19.49,51.4
2018-06-07 13:45,11.44,49.38
2018-06-07 14:00,10.80,55.61
2018-06-07 14:15,13.26,54.88
2018-06-07 14:30,8.78,56.45
2018-06-07 14:45,13.20,59.63
2018-06-07 15:00,15.49,56.11
2018-06-07 15:15,13.84,54.93
2018-06-07 15:30,7.38,57.59
2018-06-07 15:45,8.37,62.38
2018-06-07 16:00,9.49,64.85
2018-06-07 16:15,7.33,62.32
2018-06-07 16:30,7.17,60.77
2018-06-07 16:45,5.04,64.95
2018-06-07 17:00,3.38,68.21
2018-06-07 17:15,2.30,70.51
2018-06-07 17:30,1.06,71
2018-06-07 17:45,0.77,68.59
2018-06-07 18:00,0.74,68.27
2018-06-07 18:15,0.43,69.06
2018-06-07 18:30,0.06,66.71
2018-06-07 18:45,0.00,68.48
2018-06-07 19:00,0.00,71.54
2018-06-07 19:15,0.00,71.11
2018-06-07 19:30,0.00,70.54
2018-06-07 19:45,0.00,66.59
2018-06-07 20:00,0.00,67.74
2018-06-07 20:15,0.00,69.04
2018-06-07 20:30,0.00,68.58
2018-06-07 20:45,0.00,69.66
2018-06-07 21:00,0.00,70.11
2018-06-07 21:15,0.00,71.74
2018-06-07 21:30,0.00,71.11
2018-06-07 21:45,0.00,74.14
2018-06-07 22:00,0.00,72.66
2018-06-07 22:15,0.00,69.79
2018-06-07 22:30,0.00,69.72
2018-06-07 22:45,0.00,71.91
2018-06-07 23:00,0.00,74.53
2018-06-07 23:15,0.00,73.93
2018-06-07 23:30,0.00,77.4
2018-06-07 23:45,0.00,77.4
2018-06-08 00:00,0.00,78.29
2018-06-08 00:15,0.00,79.38
2018-06-08 00:30,0.00,78.74
2018-06-08 00:45,0.00,79.87
2018-06-08 01:00,0.00,79.08
2018-06-08 01:15,0.00,77.54
2018-06-08 01:30,0.00,77.17
2018-06-08 01:45,0.00,75.9
2018-06-08 02:00,0.00,76.32
2018-06-08 02:15,0.00,76.7
2018-06-08 02:30,0.00,74.41
2018-06-08 02:45,0.00,73.88
2018-06-08 03:00,0.00,72.19
2018-06-08 03:15,0.00,71.54
2018-06-08 03:30,0.00,72.71
2018-06-08 03:45,0.00,72.38
2018-06-08 04:00,0.00,72.09
2018-06-08 04:15,0.00,70.91
2018-06-08 04:30,0.00,69.91
2018-06-08 04:45,0.00,71.08
2018-06-08 05:00,0.00,71.16
2018-06-08 05:15,0.00,75.69
2018-06-08 05:30,0.00,74.85
2018-06-08 05:45,0.05,72.29
2018-06-08 06:00,0.53,69.79
2018-06-08 06:15,0.82,65.64
2018-06-08 06:30,1.26,63.43
2018-06-08 06:45,1.63,62.93
2018-06-08 07:00,2.08,64.04
2018-06-08 07:15,2.37,60.08
2018-06-08 07:30,3.70,61.63
2018-06-08 07:45,4.69,62.01
2018-06-08 08:00,4.50,61.27
2018-06-08 08:15,3.23,60.85
2018-06-08 08:30,3.42,61.08
2018-06-08 08:45,7.57,59.43
2018-06-08 09:00,8.05,56.92
2018-06-08 09:15,5.22,57.8
2018-06-08 09:30,8.26,61.29
2018-06-08 09:45,8.78,56.35
2018-06-08 10:00,6.70,57.24
2018-06-08 10:15,4.91,55.56
2018-06-08 10:30,10.77,53.43
2018-06-08 10:45,6.48,50.09
2018-06-08 11:00,12.98,56.08
2018-06-08 11:15,16.80,51.13
2018-06-08 11:30,16.38,47.84
2018-06-08 11:45,15.31,47.96
2018-06-08 12:00,16.13,46.92
2018-06-08 12:15,15.33,48.72
2018-06-08 12:30,14.18,49.75
2018-06-08 12:45,10.83,51.38
2018-06-08 13:00,14.26,52.82
2018-06-08 13:15,17.14,48.43
2018-06-08 13:30,16.46,45.46
2018-06-08 13:45,15.39,47.53
2018-06-08 14:00,15.81,48.38
2018-06-08 14:15,12.74,47.74
2018-06-08 14:30,11.07,51.51
2018-06-08 14:45,10.35,50.87
2018-06-08 15:00,9.84,51.75
2018-06-08 15:15,9.01,53.03
2018-06-08 15:30,9.66,50.98
2018-06-08 15:45,6.32,50.13
2018-06-08 16:00,6.26,58.38
2018-06-08 16:15,6.74,58.22
2018-06-08 16:30,9.39,52.63
2018-06-08 16:45,5.68,53.74
2018-06-08 17:00,4.86,57.67
2018-06-08 17:15,2.96,56.25
2018-06-08 17:30,1.57,55.79
2018-06-08 17:45,1.20,56.37
2018-06-08 18:00,0.85,56.87
2018-06-08 18:15,0.30,57.54
2018-06-08 18:30,0.00,59.33
2018-06-08 18:45,0.00,60.87
2018-06-08 19:00,0.00,59.74
2018-06-08 19:15,0.00,59.45
2018-06-08 19:30,0.00,57.34
2018-06-08 19:45,0.00,56.03
2018-06-08 20:00,0.00,57.25
2018-06-08 20:15,0.00,57.56
2018-06-08 20:30,0.00,57.96
2018-06-08 20:45,0.00,57.35
2018-06-08 21:00,0.00,57.03
2018-06-08 21:15,0.00,55.8
2018-06-08 21:30,0.00,56.25
2018-06-08 21:45,0.00,59.85
2018-06-08 22:00,0.00,60.19
2018-06-08 22:15,0.00,60.92
2018-06-08 22:30,0.00,65.69
2018-06-08 22:45,0.00,62.8
2018-06-08 23:00,0.00,61.33
2018-06-08 23:15,0.00,60.63
2018-06-08 23:30,0.00,62.43
2018-06-08 23:45,0.00,65.58
2018-06-09 00:00,0.00,65.58
2018-06-09 00:15,0.00,65.72
2018-06-09 00:30,0.00,66.88
2018-06-09 00:45,0.00,67.16
2018-06-09 01:00,0.00,66.22
2018-06-09 01:15,0.00,66.4
2018-06-09 01:30,0.00,67.85
2018-06-09 01:45,0.00,66.9
2018-06-09 02:00,0.00,67.25
2018-06-09 02:15,0.00,65.09
2018-06-09 02:30,0.00,64.4
2018-06-09 02:45,0.00,65.32
2018-06-09 03:00,0.00,64.98
2018-06-09 03:15,0.00,65.04
2018-06-09 03:30,0.00,66.93
2018-06-09 03:45,0.00,67.27
2018-06-09 04:00,0.00,66.98
2018-06-09 04:15,0.00,64.45
2018-06-09 04:30,0.00,64.71
2018-06-09 04:45,0.00,64.5
2018-06-09 05:00,0.00,64.96
2018-06-09 05:15,0.00,67.74
2018-06-09 05:30,0.00,67.74
2018-06-09 05:45,0.00,66.59
2018-06-09 06:00,0.11,64.16
2018-06-09 06:15,0.24,65.4
2018-06-09 06:30,0.50,63.64
2018-06-09 06:45,0.75,61.88
2018-06-09 07:00,1.23,60.01
2018-06-09 07:15,1.42,58.82
2018-06-09 07:30,2.29,59.27
2018-06-09 07:45,3.36,55.71
2018-06-09 08:00,4.38,54.77
2018-06-09 08:15,6.24,52.27
2018-06-09 08:30,5.76,52.53
2018-06-09 08:45,4.85,54.93
2018-06-09 09:00,7.52,54.63
2018-06-09 09:15,7.60,50.06
2018-06-09 09:30,2.46,49.77
2018-06-09 09:45,5.50,47.09
2018-06-09 10:00,5.07,41.8
2018-06-09 10:15,4.69,44.37
2018-06-09 10:30,4.62,43.93
2018-06-09 10:45,4.86,39.95
2018-06-09 11:00,4.19,41.67
2018-06-09 11:15,3.94,44.21
2018-06-09 11:30,4.21,48.21
2018-06-09 11:45,4.13,46.59
2018-06-09 12:00,4.30,45.95
2018-06-09 12:15,5.20,44.46
2018-06-09 12:30,7.30,42.93
2018-06-09 12:45,9.63,41.13
2018-06-09 13:00,13.23,40.43
2018-06-09 13:15,11.14,36.72
2018-06-09 13:30,9.70,38.71
2018-06-09 13:45,10.80,40.06
2018-06-09 14:00,10.08,39.3
2018-06-09 14:15,8.40,38.13
2018-06-09 14:30,7.15,39.79
2018-06-09 14:45,6.66,38.66
2018-06-09 15:00,5.14,40.71
2018-06-09 15:15,4.45,40.63
2018-06-09 15:30,4.61,39.19
2018-06-09 15:45,4.69,38.97
2018-06-09 16:00,3.42,40.97
2018-06-09 16:15,2.03,40.9
2018-06-09 16:30,2.48,42.14
2018-06-09 16:45,2.66,42.05
2018-06-09 17:00,2.72,44.22
2018-06-09 17:15,1.98,44.82
2018-06-09 17:30,1.62,45.93
2018-06-09 17:45,1.34,49.79
2018-06-09 18:00,0.75,47.11
2018-06-09 18:15,0.32,48.5
2018-06-09 18:30,0.00,50.06
2018-06-09 18:45,0.00,53.43
2018-06-09 19:00,0.00,53.35
2018-06-09 19:15,0.00,53.34
2018-06-09 19:30,0.00,51.09
2018-06-09 19:45,0.00,49.17
2018-06-09 20:00,0.00,50.25
2018-06-09 20:15,0.00,51
2018-06-09 20:30,0.00,49.85
2018-06-09 20:45,0.00,52.95
2018-06-09 21:00,0.00,52.13
2018-06-09 21:15,0.00,52.42
2018-06-09 21:30,0.00,53.19
2018-06-09 21:45,0.00,53.27
2018-06-09 22:00,0.00,55.5
2018-06-09 22:15,0.00,54.34
2018-06-09 22:30,0.00,53.4
2018-06-09 22:45,0.00,52.98
2018-06-09 23:00,0.00,54.21
2018-06-09 23:15,0.00,53.3
2018-06-09 23:30,0.00,54.17
2018-06-09 23:45,0.00,56.08
2018-06-10 00:00,0.00,59.71
2018-06-10 00:15,0.00,58.04
2018-06-10 00:30,0.00,60.59
2018-06-10 00:45,0.00,63.06
2018-06-10 01:00,0.00,61.61
2018-06-10 01:15,0.00,62.92
2018-06-10 01:30,0.00,59.64
2018-06-10 01:45,0.00,57.93
2018-06-10 02:00,0.00,58.75
2018-06-10 02:15,0.00,59.3
2018-06-10 02:30,0.00,60.03
2018-06-10 02:45,0.00,59.13
2018-06-10 03:00,0.00,59.35
2018-06-10 03:15,0.00,58
2018-06-10 03:30,0.00,59.04
2018-06-10 03:45,0.00,58.42
2018-06-10 04:00,0.00,57.32
2018-06-10 04:15,0.00,54.71
2018-06-10 04:30,0.00,56.75
2018-06-10 04:45,0.00,56.92
2018-06-10 05:00,0.00,57.75
2018-06-10 05:15,0.00,56.88
2018-06-10 05:30,0.00,59.32
2018-06-10 05:45,0.00,58.45
2018-06-10 06:00,0.30,55.27
2018-06-10 06:15,0.72,52.51
2018-06-10 06:30,1.17,50.69
2018-06-10 06:45,1.54,49.24
2018-06-10 07:00,2.51,46.93
2018-06-10 07:15,2.85,45.4
2018-06-10 07:30,3.09,46.42
2018-06-10 07:45,3.82,44.26
2018-06-10 08:00,5.84,41.55
2018-06-10 08:15,8.06,41.11
2018-06-10 08:30,6.10,42.3
2018-06-10 08:45,5.30,41.69
2018-06-10 09:00,4.74,41.79
2018-06-10 09:15,5.81,40.17
2018-06-10 09:30,5.98,39.27
2018-06-10 09:45,7.52,37.68
2018-06-10 10:00,6.53,32.93
2018-06-10 10:15,6.11,34.06
2018-06-10 10:30,5.66,34.05
2018-06-10 10:45,5.90,35.95
2018-06-10 11:00,7.36,38.56
2018-06-10 11:15,14.21,33.56
2018-06-10 11:30,18.24,28.69
2018-06-10 11:45,21.26,25.29
2018-06-10 12:00,17.73,24.55
2018-06-10 12:15,13.95,28.42
2018-06-10 12:30,10.27,32.11
2018-06-10 12:45,10.77,36.85
2018-06-10 13:00,17.12,34.72
2018-06-10 13:15,10.22,30.64
2018-06-10 13:30,6.18,36.55
2018-06-10 13:45,13.06,40.38
2018-06-10 14:00,10.30,33.85
2018-06-10 14:15,10.05,38.4
2018-06-10 14:30,2.42,37.79
2018-06-10 14:45,2.40,45.56
2018-06-10 15:00,6.03,40.74
2018-06-10 15:15,9.20,35.8
2018-06-10 15:30,4.21,33.82
2018-06-10 15:45,3.50,37.19
2018-06-10 16:00,3.06,36.34
2018-06-10 16:15,3.18,33.37
2018-06-10 16:30,1.78,35.3
2018-06-10 16:45,0.75,41.3
2018-06-10 17:00,0.48,41
2018-06-10 17:15,0.38,46.92
2018-06-10 17:30,0.30,42.47
2018-06-10 17:45,0.29,44.74
2018-06-10 18:00,0.19,43.76
2018-06-10 18:15,0.00,46.46
2018-06-10 18:30,0.00,46.22
2018-06-10 18:45,0.00,49.14
2018-06-10 19:00,0.00,49.59
2018-06-10 19:15,0.00,45.76
2018-06-10 19:30,0.00,45.96
2018-06-10 19:45,0.00,43.72
2018-06-10 20:00,0.00,46.13
2018-06-10 20:15,0.00,47.76
2018-06-10 20:30,0.00,49.96
2018-06-10 20:45,0.00,49.5
2018-06-10 21:00,0.00,50.27
2018-06-10 21:15,0.00,52.84
2018-06-10 21:30,0.00,51.87
2018-06-10 21:45,0.00,51.24
2018-06-10 22:00,0.00,52.08
2018-06-10 22:15,0.00,56.34
2018-06-10 22:30,0.00,54.13
2018-06-10 22:45,0.00,54.01
2018-06-10 23:00,0.00,55.45
2018-06-10 23:15,0.00,54.17
2018-06-10 23:30,0.00,55.38
2018-06-10 23:45,0.00,55.93
2018-06-11 00:00,0.00,57.98
2018-06-11 00:15,0.00,56.88
2018-06-11 00:30,0.00,59.33
2018-06-11 00:45,0.00,60.45
2018-06-11 01:00,0.00,60.22
2018-06-11 01:15,0.00,62.17
2018-06-11 01:30,0.00,57.54
2018-06-11 01:45,0.00,58.3
2018-06-11 02:00,0.00,56.87
2018-06-11 02:15,0.00,56.11
2018-06-11 02:30,0.00,57.24
2018-06-11 02:45,0.00,55.34
2018-06-11 03:00,0.00,55.11
2018-06-11 03:15,0.00,53.96
2018-06-11 03:30,0.00,55.77
2018-06-11 03:45,0.00,57.01
2018-06-11 04:00,0.00,54.4
2018-06-11 04:15,0.00,54.4
2018-06-11 04:30,0.00,55.03
2018-06-11 04:45,0.00,53.48
2018-06-11 05:00,0.00,53.72
2018-06-11 05:15,0.00,54.08
2018-06-11 05:30,0.00,58.59
2018-06-11 05:45,0.00,56.96
2018-06-11 06:00,0.27,53.72
2018-06-11 06:15,0.75,51.46
2018-06-11 06:30,1.22,49.29
2018-06-11 06:45,0.93,49.25
2018-06-11 07:00,1.89,52.46
2018-06-11 07:15,1.57,51.13
2018-06-11 07:30,2.67,50.63
2018-06-11 07:45,3.87,48.34
2018-06-11 08:00,4.72,51.11
2018-06-11 08:15,5.54,49.43
2018-06-11 08:30,10.22,51.38
2018-06-11 08:45,9.23,51.95
2018-06-11 09:00,7.73,53.64
2018-06-11 09:15,5.63,51.95
2018-06-11 09:30,6.50,51.11
2018-06-11 09:45,7.70,50.3
2018-06-11 10:00,8.30,48.9
2018-06-11 10:15,11.12,47.13
2018-06-11 10:30,14.51,44.29
2018-06-11 10:45,16.64,42.82
2018-06-11 11:00,13.09,43.95
2018-06-11 11:15,13.12,50.82
2018-06-11 11:30,13.39,46.11
2018-06-11 11:45,11.36,47.17
2018-06-11 12:00,12.66,48.48
2018-06-11 12:15,10.70,47.4
2018-06-11 12:30,12.91,49.92
2018-06-11 12:45,8.51,48.14
2018-06-11 13:00,12.05,49.95
2018-06-11 13:15,13.66,52.25
2018-06-11 13:30,16.29,48.88
2018-06-11 13:45,13.95,46.53
2018-06-11 14:00,6.24,52.37
2018-06-11 14:15,6.96,58.98
2018-06-11 14:30,4.90,59.46
2018-06-11 14:45,3.38,61.13
2018-06-11 15:00,2.42,62.25
2018-06-11 15:15,2.22,61.38
2018-06-11 15:30,4.08,59.48
2018-06-11 15:45,5.01,60.03
2018-06-11 16:00,5.17,58.83
2018-06-11 16:15,4.21,52.98
2018-06-11 16:30,4.00,56.63
2018-06-11 16:45,3.78,54.11
2018-06-11 17:00,3.26,56.04
2018-06-11 17:15,2.66,59.9
2018-06-11 17:30,1.50,56.61
2018-06-11 17:45,0.93,54.69
2018-06-11 18:00,0.58,54.16
2018-06-11 18:15,0.27,54.54
2018-06-11 18:30,0.00,55.51
2018-06-11 18:45,0.00,60.59
2018-06-11 19:00,0.00,62.06
2018-06-11 19:15,0.00,61.03
2018-06-11 19:30,0.00,56.66
2018-06-11 19:45,0.00,55.08
2018-06-11 20:00,0.00,56.37
2018-06-11 20:15,0.00,55.85
2018-06-11 20:30,0.00,55.21
2018-06-11 20:45,0.00,53.29
2018-06-11 21:00,0.00,54.63
2018-06-11 21:15,0.00,54.51
2018-06-11 21:30,0.00,57.53
2018-06-11 21:45,0.00,59.42
2018-06-11 22:00,0.00,59.8
2018-06-11 22:15,0.00,59.37
2018-06-11 22:30,0.00,60.71
2018-06-11 22:45,0.00,59.69
2018-06-11 23:00,0.00,58.38
2018-06-11 23:15,0.00,58.58
2018-06-11 23:30,0.00,58.43
2018-06-11 23:45,0.00,59.37
2018-06-12 00:00,0.00,61.45
2018-06-12 00:15,0.00,62.42
2018-06-12 00:30,0.00,63.95
2018-06-12 00:45,0.00,63.79
2018-06-12 01:00,0.00,64.59
2018-06-12 01:15,0.00,64.14
2018-06-12 01:30,0.00,63.85
2018-06-12 01:45,0.00,64.43
2018-06-12 02:00,0.00,63
2018-06-12 02:15,0.00,62.19
2018-06-12 02:30,0.00,62.17
2018-06-12 02:45,0.00,64.32
2018-06-12 03:00,0.00,63.56
2018-06-12 03:15,0.00,63
2018-06-12 03:30,0.00,61.71
2018-06-12 03:45,0.00,60.75
2018-06-12 04:00,0.00,60.37
2018-06-12 04:15,0.00,59.24
2018-06-12 04:30,0.00,59.95
2018-06-12 04:45,0.00,58.69
2018-06-12 05:00,0.00,59.82
2018-06-12 05:15,0.00,61.75
2018-06-12 05:30,0.00,63.22
2018-06-12 05:45,0.00,63.98
2018-06-12 06:00,0.16,62.83
2018-06-12 06:15,0.62,61.09
2018-06-12 06:30,1.10,59.98
2018-06-12 06:45,1.82,56.95
2018-06-12 07:00,2.62,56.71
2018-06-12 07:15,3.70,56.13
2018-06-12 07:30,4.91,53.54
2018-06-12 07:45,6.27,54.34
2018-06-12 08:00,6.86,54.35
2018-06-12 08:15,7.92,55.51
2018-06-12 08:30,7.41,56.84
2018-06-12 08:45,11.14,59.03
2018-06-12 09:00,11.20,56.38
2018-06-12 09:15,12.53,57.88
2018-06-12 09:30,13.20,56.24
2018-06-12 09:45,13.55,55.79
2018-06-12 10:00,14.42,52.25
2018-06-12 10:15,13.95,54.58
2018-06-12 10:30,17.23,56.27
2018-06-12 10:45,17.02,53.3
2018-06-12 11:00,16.18,59.32
2018-06-12 11:15,18.08,60.66
2018-06-12 11:30,14.30,55.04
2018-06-12 11:45,19.02,58.48
2018-06-12 12:00,13.95,54.35
2018-06-12 12:15,19.01,59.46
2018-06-12 12:30,14.62,55.09
2018-06-12 12:45,12.83,57.06
2018-06-12 13:00,12.93,60.14
2018-06-12 13:15,13.17,60.04
2018-06-12 13:30,14.27,57.84
2018-06-12 13:45,13.38,56.79
2018-06-12 14:00,13.71,58.45
2018-06-12 14:15,11.90,59.48
2018-06-12 14:30,12.06,61.29
2018-06-12 14:45,9.38,64.33
2018-06-12 15:00,8.22,64.16
2018-06-12 15:15,7.81,59.56
2018-06-12 15:30,8.06,61.29
2018-06-12 15:45,7.68,62.79
2018-06-12 16:00,6.99,63.43
2018-06-12 16:15,8.21,62.32
2018-06-12 16:30,7.31,58.98
2018-06-12 16:45,4.69,60.48
2018-06-12 17:00,3.20,61.58
2018-06-12 17:15,2.24,65.08
2018-06-12 17:30,1.62,66.03
2018-06-12 17:45,1.22,66.79
2018-06-12 18:00,0.67,63.72
2018-06-12 18:15,0.27,64.04
2018-06-12 18:30,0.03,63.01
2018-06-12 18:45,0.00,64.17
2018-06-12 19:00,0.00,60.75
2018-06-12 19:15,0.00,58.69
2018-06-12 19:30,0.00,56.34
2018-06-12 19:45,0.00,57.46
2018-06-12 20:00,0.00,55.67
2018-06-12 20:15,0.00,57.09
2018-06-12 20:30,0.00,56.9
2018-06-12 20:45,0.00,57.69
2018-06-12 21:00,0.00,57.75
2018-06-12 21:15,0.00,59.06
2018-06-12 21:30,0.00,58.42
2018-06-12 21:45,0.00,60.08
2018-06-12 22:00,0.00,60.59
2018-06-12 22:15,0.00,59.83
2018-06-12 22:30,0.00,60.14
2018-06-12 22:45,0.00,57.06
2018-06-12 23:00,0.00,57.4
2018-06-12 23:15,0.00,61.22
2018-06-12 23:30,0.00,61.35
2018-06-12 23:45,0.00,61.3
2018-06-13 00:00,0.00,66.51
2018-06-13 00:15,0.00,68.72
2018-06-13 00:30,0.00,69.29
2018-06-13 00:45,0.00,69.41
2018-06-13 01:00,0.00,68.25
2018-06-13 01:15,0.00,69.5
2018-06-13 01:30,0.00,69.93
2018-06-13 01:45,0.00,68.79
2018-06-13 02:00,0.00,68.77
2018-06-13 02:15,0.00,68.72
2018-06-13 02:30,0.00,67.04
2018-06-13 02:45,0.00,66.98
2018-06-13 03:00,0.00,64.14
2018-06-13 03:15,0.00,61.33
2018-06-13 03:30,0.00,61.83
2018-06-13 03:45,0.00,62.53
2018-06-13 04:00,0.00,61.14
2018-06-13 04:15,0.00,60.03
2018-06-13 04:30,0.00,59.87
2018-06-13 04:45,0.00,58.45
2018-06-13 05:00,0.00,58.85
2018-06-13 05:15,0.00,63.79
2018-06-13 05:30,0.00,60.82
2018-06-13 05:45,0.00,61.51
2018-06-13 06:00,0.24,58.37
2018-06-13 06:15,0.53,54.04
2018-06-13 06:30,0.86,54.38
2018-06-13 06:45,1.33,53.06
2018-06-13 07:00,1.78,53.27
2018-06-13 07:15,3.12,54.64
2018-06-13 07:30,4.11,52.25
2018-06-13 07:45,4.98,50.85
2018-06-13 08:00,6.37,51.98
2018-06-13 08:15,8.34,48.69
2018-06-13 08:30,10.59,49.8
2018-06-13 08:45,11.22,51.08
2018-06-13 09:00,12.13,51.35
2018-06-13 09:15,13.55,51.42
2018-06-13 09:30,13.57,48.66
2018-06-13 09:45,15.28,48.06
2018-06-13 10:00,14.19,47.21
2018-06-13 10:15,13.78,60.82
2018-06-13 10:30,12.61,61.56
2018-06-13 10:45,11.65,68.72
2018-06-13 11:00,17.87,65.46
2018-06-13 11:15,19.54,55.43
2018-06-13 11:30,16.66,52.77
2018-06-13 11:45,13.25,49.69
2018-06-13 12:00,12.56,55.16
2018-06-13 12:15,16.53,54.32
2018-06-13 12:30,11.17,50.71
2018-06-13 12:45,10.00,55.85
2018-06-13 13:00,11.42,58.37
2018-06-13 13:15,8.75,56.75
2018-06-13 13:30,5.38,59.63
2018-06-13 13:45,14.30,60
2018-06-13 14:00,9.81,53.64
2018-06-13 14:15,12.32,56.32
2018-06-13 14:30,7.87,57.54
2018-06-13 14:45,17.62,58.19
2018-06-13 15:00,14.35,49.48
2018-06-13 15:15,12.53,51.84
2018-06-13 15:30,11.18,56.19
2018-06-13 15:45,7.86,56.01
2018-06-13 16:00,5.74,58.42
2018-06-13 16:15,8.03,60.08
2018-06-13 16:30,3.31,55.06
2018-06-13 16:45,2.45,62.01
2018-06-13 17:00,2.29,60.8
2018-06-13 17:15,0.93,61.82
2018-06-13 17:30,0.43,63.17
2018-06-13 17:45,1.82,59.16
2018-06-13 18:00,0.83,56.59
2018-06-13 18:15,0.19,57.75
2018-06-13 18:30,0.03,60.64
2018-06-13 18:45,0.00,60.33
2018-06-13 19:00,0.00,62.21
2018-06-13 19:15,0.00,60.53
2018-06-13 19:30,0.00,60.17
2018-06-13 19:45,0.00,61.24
2018-06-13 20:00,0.00,60.98
2018-06-13 20:15,0.00,60.61
2018-06-13 20:30,0.00,59.93
2018-06-13 20:45,0.00,61.25
2018-06-13 21:00,0.00,61.14
2018-06-13 21:15,0.00,60.54
2018-06-13 21:30,0.00,61.8
2018-06-13 21:45,0.00,63.4
2018-06-13 22:00,0.00,65.24
2018-06-13 22:15,0.00,67.06
2018-06-13 22:30,0.00,62.16
2018-06-13 22:45,0.00,61.42
2018-06-13 23:00,0.00,62.75
2018-06-13 23:15,0.00,61.66
2018-06-13 23:30,0.00,65.71
2018-06-13 23:45,0.00,65.25
2018-06-14 00:00,0.00,63.35
2018-06-14 00:15,0.00,64.4
2018-06-14 00:30,0.00,63.77
2018-06-14 00:45,0.00,61.43
2018-06-14 01:00,0.00,62.54
2018-06-14 01:15,0.00,61.46
2018-06-14 01:30,0.00,61.21
2018-06-14 01:45,0.00,63.24
2018-06-14 02:00,0.00,64.32
2018-06-14 02:15,0.00,64.38
2018-06-14 02:30,0.00,64.64
2018-06-14 02:45,0.00,64.25
2018-06-14 03:00,0.00,62.27
2018-06-14 03:15,0.00,58.98
2018-06-14 03:30,0.00,59.14
2018-06-14 03:45,0.00,59.13
2018-06-14 04:00,0.00,59.66
2018-06-14 04:15,0.00,58.85
2018-06-14 04:30,0.00,57.8
2018-06-14 04:45,0.00,57.46
2018-06-14 05:00,0.00,55.61
2018-06-14 05:15,0.00,59.24
2018-06-14 05:30,0.00,58.51
2018-06-14 05:45,0.00,58.63
2018-06-14 06:00,0.14,55.8
2018-06-14 06:15,0.37,55.16
2018-06-14 06:30,0.82,52.35
2018-06-14 06:45,1.17,51.85
2018-06-14 07:00,2.26,49.08
2018-06-14 07:15,3.65,51.16
2018-06-14 07:30,4.85,52.95
2018-06-14 07:45,6.10,54.5
2018-06-14 08:00,7.63,51.42
2018-06-14 08:15,9.15,52.05
2018-06-14 08:30,11.17,53.24
2018-06-14 08:45,11.78,52.14
2018-06-14 09:00,12.37,53.85
2018-06-14 09:15,13.49,52.88
2018-06-14 09:30,14.13,54.46
2018-06-14 09:45,14.54,53.25
2018-06-14 10:00,14.91,49.64
2018-06-14 10:15,13.25,50.66
2018-06-14 10:30,16.29,51.64
2018-06-14 10:45,17.84,49.84
2018-06-14 11:00,16.37,46.82
2018-06-14 11:15,16.85,50.48
2018-06-14 11:30,19.41,49.53
2018-06-14 11:45,16.22,49.5
2018-06-14 12:00,16.29,52.43
2018-06-14 12:15,16.54,47.59
2018-06-14 12:30,15.60,45.88
2018-06-14 12:45,13.71,48.25
2018-06-14 13:00,13.30,53.5
2018-06-14 13:15,17.62,58.46
2018-06-14 13:30,10.64,53.95
2018-06-14 13:45,9.58,62.21
2018-06-14 14:00,5.20,62.11
2018-06-14 14:15,3.78,65.75
2018-06-14 14:30,7.81,62.56
2018-06-14 14:45,8.50,60.61
2018-06-14 15:00,2.70,61.22
2018-06-14 15:15,1.17,64
2018-06-14 15:30,2.64,60.48
2018-06-14 15:45,2.62,51.34
2018-06-14 16:00,2.58,50.9
2018-06-14 16:15,2.94,50.17
2018-06-14 16:30,4.16,48.42
2018-06-14 16:45,5.15,47.16
2018-06-14 17:00,3.92,46.8
2018-06-14 17:15,3.22,52.9
2018-06-14 17:30,2.96,49.69
2018-06-14 17:45,1.81,53
2018-06-14 18:00,1.04,54.71
2018-06-14 18:15,0.42,60.32
2018-06-14 18:30,0.00,61.93
2018-06-14 18:45,0.00,63.14
2018-06-14 19:00,0.00,62.59
2018-06-14 19:15,0.00,61.29
2018-06-14 19:30,0.00,58.9
2018-06-14 19:45,0.00,59.4
2018-06-14 20:00,0.00,59.38
2018-06-14 20:15,0.00,57.17
2018-06-14 20:30,0.00,60.48
2018-06-14 20:45,0.00,58
2018-06-14 21:00,0.00,58.03
2018-06-14 21:15,0.00,55.75
2018-06-14 21:30,0.00,61.96
2018-06-14 21:45,0.00,61.93
2018-06-14 22:00,0.00,59.13
2018-06-14 22:15,0.00,57.71
2018-06-14 22:30,0.00,57.59
2018-06-14 22:45,0.00,57.17
2018-06-14 23:00,0.00,55.84
2018-06-14 23:15,0.00,56.29
2018-06-14 23:30,0.00,54.5
2018-06-14 23:45,0.00,55.64
2018-06-15 00:00,0.00,56.16
2018-06-15 00:15,0.00,57.9
2018-06-15 00:30,0.00,58.5
2018-06-15 00:45,0.00,59.42
2018-06-15 01:00,0.00,57.82
2018-06-15 01:15,0.00,57.43
2018-06-15 01:30,0.00,57.32
2018-06-15 01:45,0.00,58.43
2018-06-15 02:00,0.00,57.96
2018-06-15 02:15,0.00,56.8
2018-06-15 02:30,0.00,57.03
2018-06-15 02:45,0.00,55.69
2018-06-15 03:00,0.00,55.01
2018-06-15 03:15,0.00,53.46
2018-06-15 03:30,0.00,53.77
2018-06-15 03:45,0.00,53.4
2018-06-15 04:00,0.00,53.63
2018-06-15 04:15,0.00,53.93
2018-06-15 04:30,0.00,52.29
2018-06-15 04:45,0.00,53.4
2018-06-15 05:00,0.00,53.4
2018-06-15 05:15,0.00,54.77
2018-06-15 05:30,0.00,53.19
2018-06-15 05:45,0.02,51.63
2018-06-15 06:00,0.30,51.43
2018-06-15 06:15,0.72,49.85
2018-06-15 06:30,1.49,46.58
2018-06-15 06:45,1.82,45.11
2018-06-15 07:00,2.30,46.32
2018-06-15 07:15,3.38,47.9
2018-06-15 07:30,4.58,45.3
2018-06-15 07:45,5.82,44.32
2018-06-15 08:00,7.22,45.92
2018-06-15 08:15,8.40,46.67
2018-06-15 08:30,9.78,45.13
2018-06-15 08:45,10.94,44.17
2018-06-15 09:00,12.02,44.11
2018-06-15 09:15,12.80,44.32
2018-06-15 09:30,11.63,49.01
2018-06-15 09:45,15.14,49.03
2018-06-15 10:00,16.00,41.17
2018-06-15 10:15,16.37,39.58
2018-06-15 10:30,16.16,41.43
2018-06-15 10:45,14.48,44.74
2018-06-15 11:00,15.57,47.19
2018-06-15 11:15,17.17,45.61
2018-06-15 11:30,12.67,42.87
2018-06-15 11:45,17.62,49.79
2018-06-15 12:00,10.94,44.84
2018-06-15 12:15,12.22,48.84
2018-06-15 12:30,15.82,46.5
2018-06-15 12:45,9.49,44.03
2018-06-15 13:00,15.90,52.08
2018-06-15 13:15,15.63,42.21
2018-06-15 13:30,17.58,43.08
2018-06-15 13:45,11.98,44.59
2018-06-15 14:00,16.90,48.46
2018-06-15 14:15,13.31,48.46
2018-06-15 14:30,8.64,55.63
2018-06-15 14:45,8.06,68.59
2018-06-15 15:00,10.70,65.51
2018-06-15 15:15,8.88,64.74
2018-06-15 15:30,4.08,66.38
2018-06-15 15:45,7.38,72.22
2018-06-15 16:00,6.05,66.83
2018-06-15 16:15,3.36,73.25
2018-06-15 16:30,2.05,67.96
2018-06-15 16:45,0.93,58.59
2018-06-15 17:00,1.12,54.13
2018-06-15 17:15,1.04,45.34
2018-06-15 17:30,0.99,45.01
2018-06-15 17:45,0.46,45.03
2018-06-15 18:00,0.22,47.16
2018-06-15 18:15,0.19,49.13
2018-06-15 18:30,0.05,50.16
2018-06-15 18:45,0.00,50.11
2018-06-15 19:00,0.00,52.08
2018-06-15 19:15,0.00,50.25
2018-06-15 19:30,0.00,48.05
2018-06-15 19:45,0.00,46.34
2018-06-15 20:00,0.00,46.34
2018-06-15 20:15,0.00,48.51
2018-06-15 20:30,0.00,47.48
2018-06-15 20:45,0.00,44.96
2018-06-15 21:00,0.00,44.56
2018-06-15 21:15,0.00,45.72
2018-06-15 21:30,0.00,46.22
2018-06-15 21:45,0.00,48.22
2018-06-15 22:00,0.00,48.35
2018-06-15 22:15,0.00,45.96
2018-06-15 22:30,0.00,47.53
2018-06-15 22:45,0.00,46.72
2018-06-15 23:00,0.00,46.21
2018-06-15 23:15,0.00,48.01
2018-06-15 23:30,0.00,49.48
2018-06-15 23:45,0.00,51.51
2018-06-16 00:00,0.00,51.46
2018-06-16 00:15,0.00,51.95
2018-06-16 00:30,0.00,49.77
2018-06-16 00:45,0.00,49.8
2018-06-16 01:00,0.00,49.61
2018-06-16 01:15,0.00,50.24
2018-06-16 01:30,0.00,48.82
2018-06-16 01:45,0.00,47.96
2018-06-16 02:00,0.00,47.87
2018-06-16 02:15,0.00,46.19
2018-06-16 02:30,0.00,45.19
2018-06-16 02:45,0.00,46.24
2018-06-16 03:00,0.00,45.82
2018-06-16 03:15,0.00,46.32
2018-06-16 03:30,0.00,47.56
2018-06-16 03:45,0.00,46.13
2018-06-16 04:00,0.00,47.22
2018-06-16 04:15,0.00,46
2018-06-16 04:30,0.00,44.34
2018-06-16 04:45,0.00,43.93
2018-06-16 05:00,0.00,45
2018-06-16 05:15,0.00,45.8
2018-06-16 05:30,0.00,46.34
2018-06-16 05:45,0.02,45.48
2018-06-16 06:00,0.45,44.56
2018-06-16 06:15,1.07,40.98
2018-06-16 06:30,1.71,41.24
2018-06-16 06:45,1.78,51.71
2018-06-16 07:00,1.54,50.11
2018-06-16 07:15,3.04,51.77
2018-06-16 07:30,4.75,54.46
2018-06-16 07:45,5.87,52.79
2018-06-16 08:00,6.96,53.24
2018-06-16 08:15,5.94,60.64
2018-06-16 08:30,9.02,65.42
2018-06-16 08:45,8.62,62.59
2018-06-16 09:00,12.21,65.54
2018-06-16 09:15,12.99,58.06
2018-06-16 09:30,12.83,58.43
2018-06-16 09:45,13.63,59.82
2018-06-16 10:00,12.37,59.45
2018-06-16 10:15,9.73,64.83
2018-06-16 10:30,14.91,65.71
2018-06-16 10:45,16.53,59.24
2018-06-16 11:00,15.82,59.61
2018-06-16 11:15,9.78,60.22
2018-06-16 11:30,18.32,65.24
2018-06-16 11:45,14.74,57.19
2018-06-16 12:00,9.73,63.88
2018-06-16 12:15,15.78,67.75
2018-06-16 12:30,13.46,67.54
2018-06-16 12:45,17.22,67.9
2018-06-16 13:00,19.70,66.27
2018-06-16 13:15,16.72,68.75
2018-06-16 13:30,16.66,66.66
2018-06-16 13:45,16.86,70.96
2018-06-16 14:00,11.42,72.33
2018-06-16 14:15,8.19,76.53
2018-06-16 14:30,10.30,79.04
2018-06-16 14:45,7.70,74.11
2018-06-16 15:00,5.55,77.96
2018-06-16 15:15,5.12,78.03
2018-06-16 15:30,5.31,74.46
2018-06-16 15:45,2.27,72.27
2018-06-16 16:00,1.82,66.29
2018-06-16 16:15,1.30,62.13
2018-06-16 16:30,1.42,60
2018-06-16 16:45,0.74,55.63
2018-06-16 17:00,0.53,56.42
2018-06-16 17:15,0.46,59.16
2018-06-16 17:30,0.58,56.34
2018-06-16 17:45,0.43,60
2018-06-16 18:00,0.32,55.14
2018-06-16 18:15,0.21,54.11
2018-06-16 18:30,0.02,57.72
2018-06-16 18:45,0.00,58.87
2018-06-16 19:00,0.00,59.37
2018-06-16 19:15,0.00,59.37
2018-06-16 19:30,0.00,58.4
2018-06-16 19:45,0.00,56.3
2018-06-16 20:00,0.00,55.72
2018-06-16 20:15,0.00,57.14
2018-06-16 20:30,0.00,58.22
2018-06-16 20:45,0.00,57.5
2018-06-16 21:00,0.00,57.58
2018-06-16 21:15,0.00,57.35
2018-06-16 21:30,0.00,58.16
2018-06-16 21:45,0.00,57.08
2018-06-16 22:00,0.00,56.09
2018-06-16 22:15,0.00,55.43
2018-06-16 22:30,0.00,51.71
2018-06-16 22:45,0.00,52.87
2018-06-16 23:00,0.00,52.9
2018-06-16 23:15,0.00,53.75
2018-06-16 23:30,0.00,54.01
2018-06-16 23:45,0.00,55.88
2018-06-17 00:00,0.00,57.29
2018-06-17 00:15,0.00,58.77
2018-06-17 00:30,0.00,58.67
2018-06-17 00:45,0.00,57.74
2018-06-17 01:00,0.00,59.67
2018-06-17 01:15,0.00,58.66
2018-06-17 01:30,0.00,58.17
2018-06-17 01:45,0.00,58.88
2018-06-17 02:00,0.00,59.13
2018-06-17 02:15,0.00,58.54
2018-06-17 02:30,0.00,56.84
2018-06-17 02:45,0.00,55.77
2018-06-17 03:00,0.00,56.54
2018-06-17 03:15,0.00,57.98
2018-06-17 03:30,0.00,54.9
2018-06-17 03:45,0.00,52.88
2018-06-17 04:00,0.00,53.29
2018-06-17 04:15,0.00,52.46
2018-06-17 04:30,0.00,50.61
2018-06-17 04:45,0.00,52.05
2018-06-17 05:00,0.00,51.56
2018-06-17 05:15,0.00,52.42
2018-06-17 05:30,0.00,55.11
2018-06-17 05:45,0.00,51.95
2018-06-17 06:00,0.11,52.16
2018-06-17 06:15,0.45,47.46
2018-06-17 06:30,0.93,45.35
2018-06-17 06:45,1.36,43.69
2018-06-17 07:00,2.08,44.84
2018-06-17 07:15,4.13,42.92
2018-06-17 07:30,4.78,40.77
2018-06-17 07:45,5.63,41.82
2018-06-17 08:00,6.34,40.9
2018-06-17 08:15,6.30,40.55
2018-06-17 08:30,9.92,40.64
2018-06-17 08:45,10.05,38.67
2018-06-17 09:00,11.57,38.95
2018-06-17 09:15,10.75,37.21
2018-06-17 09:30,13.47,38.88
2018-06-17 09:45,12.54,35.05
2018-06-17 10:00,12.40,34.74
2018-06-17 10:15,9.54,35.79
2018-06-17 10:30,16.48,37.64
2018-06-17 10:45,18.00,30.74
2018-06-17 11:00,17.22,27.97
2018-06-17 11:15,18.54,29.58
2018-06-17 11:30,17.90,30.08
2018-06-17 11:45,18.00,31.97
2018-06-17 12:00,17.17,29.89
2018-06-17 12:15,21.02,27.22
2018-06-17 12:30,19.89,23.84
2018-06-17 12:45,15.71,26.51
2018-06-17 13:00,15.12,32.45
2018-06-17 13:15,13.94,33.85
2018-06-17 13:30,14.78,34.11
2018-06-17 13:45,16.74,32.82
2018-06-17 14:00,9.78,33.97
2018-06-17 14:15,11.84,38.8
2018-06-17 14:30,10.48,35.42
2018-06-17 14:45,13.90,39.53
2018-06-17 15:00,8.61,36.58
2018-06-17 15:15,7.57,41.09
2018-06-17 15:30,9.22,41.29
2018-06-17 15:45,8.56,39.22
2018-06-17 16:00,8.19,40.24
2018-06-17 16:15,5.07,44.42
2018-06-17 16:30,3.60,40.8
2018-06-17 16:45,2.86,42.72
2018-06-17 17:00,2.72,43.64
2018-06-17 17:15,2.62,46
2018-06-17 17:30,3.17,46.19
2018-06-17 17:45,0.91,47.3
2018-06-17 18:00,0.86,50.53
2018-06-17 18:15,0.37,52.87
2018-06-17 18:30,0.02,54.75
2018-06-17 18:45,0.00,59.92
2018-06-17 19:00,0.00,59
2018-06-17 19:15,0.00,57.95
2018-06-17 19:30,0.00,56.61
2018-06-17 19:45,0.00,55.67
2018-06-17 20:00,0.00,54.48
2018-06-17 20:15,0.00,56.17
2018-06-17 20:30,0.00,56.42
2018-06-17 20:45,0.00,58.87
2018-06-17 21:00,0.00,58.46
2018-06-17 21:15,0.00,61.63
2018-06-17 21:30,0.00,65.27
2018-06-17 21:45,0.00,69.43
2018-06-17 22:00,0.00,71.58
2018-06-17 22:15,0.00,75.4
2018-06-17 22:30,0.00,75.48
2018-06-17 22:45,0.00,73.87
2018-06-17 23:00,0.00,75.04
2018-06-17 23:15,0.00,77.35
2018-06-17 23:30,0.00,81.96
2018-06-17 23:45,0.00,81.72
2018-06-18 00:00,0.00,81.77
2018-06-18 00:15,0.00,83.93
2018-06-18 00:30,0.00,83.62
2018-06-18 00:45,0.00,83.91
2018-06-18 01:00,0.00,83.61
2018-06-18 01:15,0.00,85.35
2018-06-18 01:30,0.00,84.06
2018-06-18 01:45,0.00,79.74
2018-06-18 02:00,0.00,80.38
2018-06-18 02:15,0.00,77.37
2018-06-18 02:30,0.00,77.12
2018-06-18 02:45,0.00,76.3
2018-06-18 03:00,0.00,76.8
2018-06-18 03:15,0.00,76.04
2018-06-18 03:30,0.00,75.91
2018-06-18 03:45,0.00,72.35
2018-06-18 04:00,0.00,73.54
2018-06-18 04:15,0.00,73.24
2018-06-18 04:30,0.00,72.03
2018-06-18 04:45,0.00,71.22
2018-06-18 05:00,0.00,70.79
2018-06-18 05:15,0.00,73.45
2018-06-18 05:30,0.00,73.35
2018-06-18 05:45,0.03,71
2018-06-18 06:00,0.26,69.06
2018-06-18 06:15,0.56,64.37
2018-06-18 06:30,1.26,62.35
2018-06-18 06:45,1.52,60.95
2018-06-18 07:00,1.78,60.29
2018-06-18 07:15,3.92,59.71
2018-06-18 07:30,5.25,59.46
2018-06-18 07:45,6.02,62.71
2018-06-18 08:00,6.74,63.22
2018-06-18 08:15,8.24,63.42
2018-06-18 08:30,8.02,68.88
2018-06-18 08:45,9.92,70.91
2018-06-18 09:00,11.42,66.5
2018-06-18 09:15,13.12,65.03
2018-06-18 09:30,14.03,63.9
2018-06-18 09:45,14.80,59.53
2018-06-18 10:00,15.41,58.43
2018-06-18 10:15,15.79,59.93
2018-06-18 10:30,16.30,57.82
2018-06-18 10:45,18.75,58.06
2018-06-18 11:00,17.76,54.06
2018-06-18 11:15,18.56,55.04
2018-06-18 11:30,18.38,54.77
2018-06-18 11:45,18.50,52.56
2018-06-18 12:00,18.43,54.34
2018-06-18 12:15,19.18,53
2018-06-18 12:30,14.75,52.9
2018-06-18 12:45,17.06,55.32
2018-06-18 13:00,11.92,57.35
2018-06-18 13:15,15.54,64.33
2018-06-18 13:30,14.34,61.71
2018-06-18 13:45,15.60,62.13
2018-06-18 14:00,17.09,59.38
2018-06-18 14:15,13.98,59.75
2018-06-18 14:30,13.44,62.71
2018-06-18 14:45,12.00,57.74
2018-06-18 15:00,10.40,64.06
2018-06-18 15:15,6.61,67.04
2018-06-18 15:30,5.22,63.37
2018-06-18 15:45,5.23,68.61
2018-06-18 16:00,5.47,72.38
2018-06-18 16:15,6.61,71.71
2018-06-18 16:30,5.55,66.45
2018-06-18 16:45,2.96,67.24
2018-06-18 17:00,3.28,70.66
2018-06-18 17:15,2.88,74.69
2018-06-18 17:30,2.51,76.72
2018-06-18 17:45,2.26,73.67
2018-06-18 18:00,1.42,75.12
2018-06-18 18:15,0.56,75
2018-06-18 18:30,0.37,72.24
2018-06-18 18:45,0.00,72.46
2018-06-18 19:00,0.00,73.27
2018-06-18 19:15,0.00,70.51
2018-06-18 19:30,0.00,69.03
2018-06-18 19:45,0.00,70.19
2018-06-18 20:00,0.00,68.04
2018-06-18 20:15,0.00,70.5
2018-06-18 20:30,0.00,68.53
2018-06-18 20:45,0.00,70.96
2018-06-18 21:00,0.00,71.16
2018-06-18 21:15,0.00,74.08
2018-06-18 21:30,0.00,73.95
2018-06-18 21:45,0.00,78.49
2018-06-18 22:00,0.00,83.03
2018-06-18 22:15,0.00,81.01
2018-06-18 22:30,0.00,82.14
2018-06-18 22:45,0.00,84.17
2018-06-18 23:00,0.00,90.56
2018-06-18 23:15,0.00,90.27
2018-06-18 23:30,0.00,89.27
2018-06-18 23:45,0.00,91.41
2018-06-19 00:00,0.00,89.85
2018-06-19 00:15,0.00,91.09
2018-06-19 00:30,0.00,93.59
2018-06-19 00:45,0.00,92.69
2018-06-19 01:00,0.00,92.16
2018-06-19 01:15,0.00,93.96
2018-06-19 01:30,0.00,89.27
2018-06-19 01:45,0.00,89.74
2018-06-19 02:00,0.00,87.37
2018-06-19 02:15,0.00,88.41
2018-06-19 02:30,0.00,86.33
2018-06-19 02:45,0.00,86.82
2018-06-19 03:00,0.00,86.3
2018-06-19 03:15,0.00,85.38
2018-06-19 03:30,0.00,83.43
2018-06-19 03:45,0.00,81.77
2018-06-19 04:00,0.00,82.14
2018-06-19 04:15,0.00,81.64
2018-06-19 04:30,0.00,78.95
2018-06-19 04:45,0.00,78.01
2018-06-19 05:00,0.00,78.66
2018-06-19 05:15,0.00,80.17
2018-06-19 05:30,0.00,79.2
2018-06-19 05:45,0.00,78.49
2018-06-19 06:00,0.08,76.11
2018-06-19 06:15,0.43,73.98
2018-06-19 06:30,1.01,71.04
2018-06-19 06:45,1.84,68.29
2018-06-19 07:00,2.14,67.85
2018-06-19 07:15,3.25,67.5
2018-06-19 07:30,4.16,67.3
2018-06-19 07:45,5.10,66.93
2018-06-19 08:00,6.62,66.19
2018-06-19 08:15,7.38,67.69
2018-06-19 08:30,7.09,68.06
2018-06-19 08:45,9.52,64.3
2018-06-19 09:00,13.18,59.88
2018-06-19 09:15,13.12,55.71
2018-06-19 09:30,14.66,55.82
2018-06-19 09:45,14.78,53.82
2018-06-19 10:00,14.45,59.48
2018-06-19 10:15,13.58,63.17
2018-06-19 10:30,17.47,61.37
2018-06-19 10:45,14.88,56.66
2018-06-19 11:00,11.82,57.69
2018-06-19 11:15,11.73,57.25
2018-06-19 11:30,11.46,55.88
2018-06-19 11:45,17.06,56.27
2018-06-19 12:00,18.77,55.77
2018-06-19 12:15,18.37,51.03
2018-06-19 12:30,18.13,53.16
2018-06-19 12:45,19.17,52.55
2018-06-19 13:00,18.58,52.38
2018-06-19 13:15,18.91,55.59
2018-06-19 13:30,18.40,56.08
2018-06-19 13:45,16.11,59.63
2018-06-19 14:00,9.71,56.45
2018-06-19 14:15,12.66,61.04
2018-06-19 14:30,10.10,58.72
2018-06-19 14:45,14.37,61.01
2018-06-19 15:00,12.66,57.71
2018-06-19 15:15,5.78,56.77
2018-06-19 15:30,11.33,63.32
2018-06-19 15:45,9.84,60.13
2018-06-19 16:00,8.42,64.93
2018-06-19 16:15,4.94,66.48
2018-06-19 16:30,4.67,68.91
2018-06-19 16:45,3.39,67.61
2018-06-19 17:00,2.77,72.45
2018-06-19 17:15,2.26,74.64
2018-06-19 17:30,1.71,71.82
2018-06-19 17:45,1.30,73.64
2018-06-19 18:00,1.09,71.22
2018-06-19 18:15,0.74,70.46
2018-06-19 18:30,0.21,71.25
2018-06-19 18:45,0.00,72.38
2018-06-19 19:00,0.00,72.11
2018-06-19 19:15,0.00,73.48
2018-06-19 19:30,0.00,71.79
2018-06-19 19:45,0.00,72.33
2018-06-19 20:00,0.00,75.72
2018-06-19 20:15,0.00,73.37
2018-06-19 20:30,0.00,74.22
2018-06-19 20:45,0.00,73.58
2018-06-19 21:00,0.00,73.74
2018-06-19 21:15,0.00,76.35
2018-06-19 21:30,0.00,79.43
2018-06-19 21:45,0.00,83.85
2018-06-19 22:00,0.00,87.61
2018-06-19 22:15,0.00,87.58
2018-06-19 22:30,0.00,88.8
2018-06-19 22:45,0.00,84.38
2018-06-19 23:00,0.00,82.93
2018-06-19 23:15,0.00,85.9
2018-06-19 23:30,0.00,92.25
2018-06-19 23:45,0.00,97.56
2018-06-20 00:00,0.00,98.72
2018-06-20 00:15,0.00,99.24
2018-06-20 00:30,0.00,100.38
2018-06-20 00:45,0.00,100.56
2018-06-20 01:00,0.00,99.07
2018-06-20 01:15,0.00,100.36
2018-06-20 01:30,0.00,96.66
2018-06-20 01:45,0.00,96.04
2018-06-20 02:00,0.00,95.54
2018-06-20 02:15,0.00,94.82
2018-06-20 02:30,0.00,94.66
2018-06-20 02:45,0.00,91.9
2018-06-20 03:00,0.00,87.27
2018-06-20 03:15,0.00,88.7
2018-06-20 03:30,0.00,86.7
2018-06-20 03:45,0.00,87.83
2018-06-20 04:00,0.00,85.75
2018-06-20 04:15,0.00,85.16
2018-06-20 04:30,0.00,83.16
2018-06-20 04:45,0.00,85.09
2018-06-20 05:00,0.00,82.59
2018-06-20 05:15,0.00,84.54
2018-06-20 05:30,0.00,82.95
2018-06-20 05:45,0.03,82.77
2018-06-20 06:00,0.32,80.46
2018-06-20 06:15,0.66,78.72
2018-06-20 06:30,1.12,77.27
2018-06-20 06:45,1.63,76.61
2018-06-20 07:00,2.48,76.35
2018-06-20 07:15,3.65,76.04
2018-06-20 07:30,4.56,75.19
2018-06-20 07:45,5.84,74.11
2018-06-20 08:00,6.05,71.11
2018-06-20 08:15,7.10,75.74
2018-06-20 08:30,10.10,71.87
2018-06-20 08:45,11.14,66.38
2018-06-20 09:00,11.90,63.4
2018-06-20 09:15,10.46,60.04
2018-06-20 09:30,8.72,60.72
2018-06-20 09:45,11.71,62.4
2018-06-20 10:00,9.49,57.24
2018-06-20 10:15,13.14,60.72
2018-06-20 10:30,8.27,58.16
2018-06-20 10:45,3.81,65.43
2018-06-20 11:00,6.72,61.53
2018-06-20 11:15,7.33,55.8
2018-06-20 11:30,7.71,57.88
2018-06-20 11:45,8.10,56.5
2018-06-20 12:00,6.16,62.04
2018-06-20 12:15,6.61,57.08
2018-06-20 12:30,13.17,55.34
2018-06-20 12:45,6.62,46.88
2018-06-20 13:00,6.94,56.27
2018-06-20 13:15,6.83,60.69
2018-06-20 13:30,7.81,54.93
2018-06-20 13:45,5.54,50.66
2018-06-20 14:00,4.48,51.56
2018-06-20 14:15,4.51,52.59
2018-06-20 14:30,5.23,51.27
2018-06-20 14:45,6.35,52.21
2018-06-20 15:00,4.38,50.85
2018-06-20 15:15,3.63,54.43
2018-06-20 15:30,3.04,54.84
2018-06-20 15:45,2.24,55.75
2018-06-20 16:00,1.38,53.8
2018-06-20 16:15,2.19,53.61
2018-06-20 16:30,1.30,51.24
2018-06-20 16:45,0.94,52.19
2018-06-20 17:00,0.82,53.43
2018-06-20 17:15,0.67,58.51
2018-06-20 17:30,0.53,57.8
2018-06-20 17:45,0.40,56.17
2018-06-20 18:00,0.27,53.82
2018-06-20 18:15,0.19,56.16
2018-06-20 18:30,0.03,55.74
2018-06-20 18:45,0.00,57.77
2018-06-20 19:00,0.00,59.48
2018-06-20 19:15,0.00,58.35
2018-06-20 19:30,0.00,58.93
2018-06-20 19:45,0.00,63.29
2018-06-20 20:00,0.00,66.59
2018-06-20 20:15,0.00,66.3
2018-06-20 20:30,0.00,66.61
2018-06-20 20:45,0.00,67.03
2018-06-20 21:00,0.00,71.19
2018-06-20 21:15,0.00,72.71
2018-06-20 21:30,0.00,75.64
2018-06-20 21:45,0.00,75.46
2018-06-20 22:00,0.00,75.06
2018-06-20 22:15,0.00,74.54
2018-06-20 22:30,0.00,75.27
2018-06-20 22:45,0.00,77.41
2018-06-20 23:00,0.00,78.25
2018-06-20 23:15,0.00,79.2
2018-06-20 23:30,0.00,79.75
2018-06-20 23:45,0.00,81.56
2018-06-21 00:00,0.00,82.59
2018-06-21 00:15,0.00,80.9
2018-06-21 00:30,0.00,82.85
2018-06-21 00:45,0.00,82.82
2018-06-21 01:00,0.00,82.56
2018-06-21 01:15,0.00,80.19
2018-06-21 01:30,0.00,81.41
2018-06-21 01:45,0.00,79.56
2018-06-21 02:00,0.00,78.29
2018-06-21 02:15,0.00,78.37
2018-06-21 02:30,0.00,75.29
2018-06-21 02:45,0.00,74.8
2018-06-21 03:00,0.00,73.48
2018-06-21 03:15,0.00,73.9
2018-06-21 03:30,0.00,74.33
2018-06-21 03:45,0.00,73.67
2018-06-21 04:00,0.00,73.51
2018-06-21 04:15,0.00,72.61
2018-06-21 04:30,0.00,70.53
2018-06-21 04:45,0.00,71.06
2018-06-21 05:00,0.00,69.14
2018-06-21 05:15,0.00,71.64
2018-06-21 05:30,0.00,71.03
2018-06-21 05:45,0.02,70.91
2018-06-21 06:00,0.42,68.51
2018-06-21 06:15,0.98,67.35
2018-06-21 06:30,1.47,65.42
2018-06-21 06:45,1.74,64.87
2018-06-21 07:00,1.86,68.79
2018-06-21 07:15,2.05,67.88
2018-06-21 07:30,2.66,63.4
2018-06-21 07:45,3.46,61.85
2018-06-21 08:00,5.89,59.87
2018-06-21 08:15,8.40,57.82
2018-06-21 08:30,10.16,56.22
2018-06-21 08:45,10.75,54.27
2018-06-21 09:00,12.40,57.93
2018-06-21 09:15,13.30,58.66
2018-06-21 09:30,14.21,56.46
2018-06-21 09:45,12.77,57.82
2018-06-21 10:00,13.68,56.82
2018-06-21 10:15,15.02,54.21
2018-06-21 10:30,15.92,54.21
2018-06-21 10:45,8.42,55.63
2018-06-21 11:00,10.11,57.85
2018-06-21 11:15,3.44,61.3
2018-06-21 11:30,5.34,64.33
2018-06-21 11:45,8.93,57.64
2018-06-21 12:00,7.70,50.85
2018-06-21 12:15,4.46,51.55
2018-06-21 12:30,6.98,51.42
2018-06-21 12:45,10.08,47.35
2018-06-21 13:00,5.22,45.34
2018-06-21 13:15,3.89,52.09
2018-06-21 13:30,3.14,52.06
2018-06-21 13:45,2.46,54.66
2018-06-21 14:00,2.30,51.92
2018-06-21 14:15,2.26,53.43
2018-06-21 14:30,2.22,52.72
2018-06-21 14:45,2.22,55.03
2018-06-21 15:00,2.29,55.14
2018-06-21 15:15,2.53,53.3
2018-06-21 15:30,3.09,55.22
2018-06-21 15:45,3.63,54.75
2018-06-21 16:00,4.30,56.45
2018-06-21 16:15,4.43,54.42
2018-06-21 16:30,4.45,52.37
2018-06-21 16:45,3.74,54.16
2018-06-21 17:00,3.36,58.06
2018-06-21 17:15,3.47,60.01
2018-06-21 17:30,2.90,59.46
2018-06-21 17:45,2.00,61.43
2018-06-21 18:00,1.36,64.33
2018-06-21 18:15,0.70,64.3
2018-06-21 18:30,0.19,66.5
2018-06-21 18:45,0.00,65.95
2018-06-21 19:00,0.00,65.87
2018-06-21 19:15,0.00,62.77
2018-06-21 19:30,0.00,61.16
2018-06-21 19:45,0.00,62.83
2018-06-21 20:00,0.00,61.25
2018-06-21 20:15,0.00,60.74
2018-06-21 20:30,0.00,61.96
2018-06-21 20:45,0.00,63.3
2018-06-21 21:00,0.00,65.11
2018-06-21 21:15,0.00,64.21
2018-06-21 21:30,0.00,64.66
2018-06-21 21:45,0.00,66.66
2018-06-21 22:00,0.00,65.5
2018-06-21 22:15,0.00,67.17
2018-06-21 22:30,0.00,66.11
2018-06-21 22:45,0.00,65.82
2018-06-21 23:00,0.00,66.67
2018-06-21 23:15,0.00,68.64
2018-06-21 23:30,0.00,72.67
2018-06-21 23:45,0.00,74.51
2018-06-22 00:00,0.00,72.62
2018-06-22 00:15,0.00,73.16
2018-06-22 00:30,0.00,74.4
2018-06-22 00:45,0.00,74.98
2018-06-22 01:00,0.00,72.98
2018-06-22 01:15,0.00,72.41
2018-06-22 01:30,0.00,72.51
2018-06-22 01:45,0.00,71.45
2018-06-22 02:00,0.00,70.93
2018-06-22 02:15,0.00,69.24
2018-06-22 02:30,0.00,68.91
2018-06-22 02:45,0.00,67.45
2018-06-22 03:00,0.00,66.72
2018-06-22 03:15,0.00,66.58
2018-06-22 03:30,0.00,67.22
2018-06-22 03:45,0.00,68.08
2018-06-22 04:00,0.00,66.35
2018-06-22 04:15,0.00,65.33
2018-06-22 04:30,0.00,64.35
2018-06-22 04:45,0.00,63.24
2018-06-22 05:00,0.00,62.24
2018-06-22 05:15,0.00,68.32
2018-06-22 05:30,0.00,65.54
2018-06-22 05:45,0.00,65.04
2018-06-22 06:00,0.26,62.35
2018-06-22 06:15,0.72,61.5
2018-06-22 06:30,1.22,58.56
2018-06-22 06:45,1.78,59.51
2018-06-22 07:00,2.50,57.66
2018-06-22 07:15,2.56,56.42
2018-06-22 07:30,3.92,58.58
2018-06-22 07:45,4.35,58.67
2018-06-22 08:00,6.85,55.69
2018-06-22 08:15,6.74,55.34
2018-06-22 08:30,7.23,61.54
2018-06-22 08:45,9.02,61.66
2018-06-22 09:00,10.75,59.43
2018-06-22 09:15,11.82,60.75
2018-06-22 09:30,12.24,59.58
2018-06-22 09:45,12.90,60.06
2018-06-22 10:00,14.37,60.03
2018-06-22 10:15,15.18,57.85
2018-06-22 10:30,15.66,57.87
2018-06-22 10:45,14.94,58.87
2018-06-22 11:00,18.24,58.3
2018-06-22 11:15,15.82,56.85
2018-06-22 11:30,11.62,53.8
2018-06-22 11:45,15.92,54.71
2018-06-22 12:00,15.65,54.9
2018-06-22 12:15,17.23,55.04
2018-06-22 12:30,19.50,52.8
2018-06-22 12:45,17.65,48.59
2018-06-22 13:00,13.23,54.54
2018-06-22 13:15,17.06,62.9
2018-06-22 13:30,18.64,61.43
2018-06-22 13:45,17.68,62.43
2018-06-22 14:00,15.92,62.27
2018-06-22 14:15,13.34,63.01
2018-06-22 14:30,14.45,63.62
2018-06-22 14:45,12.48,60.19
2018-06-22 15:00,9.44,64.03
2018-06-22 15:15,8.88,63.04
2018-06-22 15:30,9.63,65.95
2018-06-22 15:45,8.93,66.01
2018-06-22 16:00,8.98,63.9
2018-06-22 16:15,7.90,62.01
2018-06-22 16:30,6.74,61.88
2018-06-22 16:45,5.38,63.69
2018-06-22 17:00,3.87,62.19
2018-06-22 17:15,2.94,64.54
2018-06-22 17:30,1.79,65.46
2018-06-22 17:45,1.15,63.62
2018-06-22 18:00,0.83,62.33
2018-06-22 18:15,0.46,63.5
2018-06-22 18:30,0.14,61.85
2018-06-22 18:45,0.00,61.13
2018-06-22 19:00,0.00,61.93
2018-06-22 19:15,0.00,58.24
2018-06-22 19:30,0.00,55.98
2018-06-22 19:45,0.00,57.51
2018-06-22 20:00,0.00,56.92
2018-06-22 20:15,0.00,57.06
2018-06-22 20:30,0.00,59.59
2018-06-22 20:45,0.00,62.17
2018-06-22 21:00,0.00,62.69
2018-06-22 21:15,0.00,61.48
2018-06-22 21:30,0.00,63.56
2018-06-22 21:45,0.00,63.85
2018-06-22 22:00,0.00,66.32
2018-06-22 22:15,0.00,66.95
2018-06-22 22:30,0.00,63.14
2018-06-22 22:45,0.00,65.64
2018-06-22 23:00,0.00,65.21
2018-06-22 23:15,0.00,66.14
2018-06-22 23:30,0.00,68
2018-06-22 23:45,0.00,67.11
2018-06-23 00:00,0.00,70.51
2018-06-23 00:15,0.00,71.25
2018-06-23 00:30,0.00,74.33
2018-06-23 00:45,0.00,79.11
2018-06-23 01:00,0.00,76.51
2018-06-23 01:15,0.00,76.88
2018-06-23 01:30,0.00,74.14
2018-06-23 01:45,0.00,75.85
2018-06-23 02:00,0.00,72.3
2018-06-23 02:15,0.00,71.88
2018-06-23 02:30,0.00,69.75
2018-06-23 02:45,0.00,68.88
2018-06-23 03:00,0.00,68.61
2018-06-23 03:15,0.00,68.22
2018-06-23 03:30,0.00,68.17
2018-06-23 03:45,0.00,72.17
2018-06-23 04:00,0.00,70.79
2018-06-23 04:15,0.00,67.12
2018-06-23 04:30,0.00,64.58
2018-06-23 04:45,0.00,64.53
2018-06-23 05:00,0.00,63.03
2018-06-23 05:15,0.00,62.51
2018-06-23 05:30,0.00,63.27
2018-06-23 05:45,0.00,63.87
2018-06-23 06:00,0.26,62.71
2018-06-23 06:15,0.66,59.35
2018-06-23 06:30,1.12,56.79
2018-06-23 06:45,1.62,54.09
2018-06-23 07:00,2.37,54.84
2018-06-23 07:15,3.34,53.69
2018-06-23 07:30,4.42,51.06
2018-06-23 07:45,5.90,54.93
2018-06-23 08:00,7.18,63.79
2018-06-23 08:15,7.79,69.67
2018-06-23 08:30,9.10,71.16
2018-06-23 08:45,10.66,74.77
2018-06-23 09:00,11.68,79.56
2018-06-23 09:15,12.78,82.06
2018-06-23 09:30,13.79,67.33
2018-06-23 09:45,14.77,66.95
2018-06-23 10:00,15.36,63.93
2018-06-23 10:15,16.21,65.62
2018-06-23 10:30,16.21,64.74
2018-06-23 10:45,16.66,68.43
2018-06-23 11:00,17.54,66.04
2018-06-23 11:15,17.89,65.64
2018-06-23 11:30,17.06,61.8
2018-06-23 11:45,18.08,63.01
2018-06-23 12:00,18.34,62.42
2018-06-23 12:15,15.97,58.63
2018-06-23 12:30,18.19,61.29
2018-06-23 12:45,16.16,62.13
2018-06-23 13:00,11.74,62.87
2018-06-23 13:15,17.39,64.16
2018-06-23 13:30,14.67,62.42
2018-06-23 13:45,11.50,75.06
2018-06-23 14:00,15.94,79.32
2018-06-23 14:15,10.69,74.91
2018-06-23 14:30,7.41,83.64
2018-06-23 14:45,9.58,78.3
2018-06-23 15:00,8.86,74.93
2018-06-23 15:15,7.28,70.5
2018-06-23 15:30,5.23,75.83
2018-06-23 15:45,4.45,78.12
2018-06-23 16:00,7.73,71.62
2018-06-23 16:15,7.73,70.5
2018-06-23 16:30,6.26,61.13
2018-06-23 16:45,3.55,63.71
2018-06-23 17:00,4.61,64.83
2018-06-23 17:15,3.12,64.71
2018-06-23 17:30,2.37,63.56
2018-06-23 17:45,1.68,63.03
2018-06-23 18:00,0.78,62.95
2018-06-23 18:15,0.30,61.74
2018-06-23 18:30,0.08,58.16
2018-06-23 18:45,0.00,62.82
2018-06-23 19:00,0.00,62.45
2018-06-23 19:15,0.00,58.17
2018-06-23 19:30,0.00,56.79
2018-06-23 19:45,0.00,58.74
2018-06-23 20:00,0.00,62.77
2018-06-23 20:15,0.00,63.37
2018-06-23 20:30,0.00,60.74
2018-06-23 20:45,0.00,66.04
2018-06-23 21:00,0.00,66.66
2018-06-23 21:15,0.00,67.61
2018-06-23 21:30,0.00,68.82
2018-06-23 21:45,0.00,67.95
2018-06-23 22:00,0.00,71.32
2018-06-23 22:15,0.00,72.71
2018-06-23 22:30,0.00,72.19
2018-06-23 22:45,0.00,69.67
2018-06-23 23:00,0.00,70.03
2018-06-23 23:15,0.00,72.11
2018-06-23 23:30,0.00,72.37
2018-06-23 23:45,0.00,76.8
2018-06-24 00:00,0.00,71.14
2018-06-24 00:15,0.00,72.04
2018-06-24 00:30,0.00,76.29
2018-06-24 00:45,0.00,78.49
2018-06-24 01:00,0.00,83.54
2018-06-24 01:15,0.00,82.64
2018-06-24 01:30,0.00,81.95
2018-06-24 01:45,0.00,83.9
2018-06-24 02:00,0.00,81.67
2018-06-24 02:15,0.00,81.37
2018-06-24 02:30,0.00,80.41
2018-06-24 02:45,0.00,77.9
2018-06-24 03:00,0.00,77.8
2018-06-24 03:15,0.00,75.51
2018-06-24 03:30,0.00,75.91
2018-06-24 03:45,0.00,75.93
2018-06-24 04:00,0.00,75.2
2018-06-24 04:15,0.00,74.32
2018-06-24 04:30,0.00,73.75
2018-06-24 04:45,0.00,75.79
2018-06-24 05:00,0.00,72
2018-06-24 05:15,0.00,73.03
2018-06-24 05:30,0.00,76.25
2018-06-24 05:45,0.00,76.4
2018-06-24 06:00,0.08,74.08
2018-06-24 06:15,0.37,69.4
2018-06-24 06:30,0.75,68.21
2018-06-24 06:45,1.12,65.33
2018-06-24 07:00,1.49,66.03
2018-06-24 07:15,1.89,63.8
2018-06-24 07:30,2.10,61.43
2018-06-24 07:45,2.67,61.58
2018-06-24 08:00,2.51,58.92
2018-06-24 08:15,3.65,62.13
2018-06-24 08:30,5.06,61.9
2018-06-24 08:45,6.80,58.29
2018-06-24 09:00,7.04,58.27
2018-06-24 09:15,8.74,56.35
2018-06-24 09:30,11.26,56.09
2018-06-24 09:45,11.52,52.55
2018-06-24 10:00,13.38,52.14
2018-06-24 10:15,14.42,52.84
2018-06-24 10:30,17.33,47.82
2018-06-24 10:45,16.62,46.67
2018-06-24 11:00,17.09,47.19
2018-06-24 11:15,20.91,47.84
2018-06-24 11:30,21.92,44.37
2018-06-24 11:45,17.44,42.47
2018-06-24 12:00,15.90,48.35
2018-06-24 12:15,16.26,45.38
2018-06-24 12:30,15.62,44.55
2018-06-24 12:45,15.20,43.46
2018-06-24 13:00,10.69,44.16
2018-06-24 13:15,10.30,49.69
2018-06-24 13:30,10.86,50.51
2018-06-24 13:45,11.04,48.34
2018-06-24 14:00,12.03,47.38
2018-06-24 14:15,11.57,46
2018-06-24 14:30,12.11,46.92
2018-06-24 14:45,12.13,49.19
2018-06-24 15:00,15.82,48.55
2018-06-24 15:15,12.11,45.74
2018-06-24 15:30,6.14,53.71
2018-06-24 15:45,4.78,59.61
2018-06-24 16:00,4.29,59.79
2018-06-24 16:15,4.70,58.24
2018-06-24 16:30,4.66,53.79
2018-06-24 16:45,4.24,53.43
2018-06-24 17:00,3.54,54.38
2018-06-24 17:15,2.88,53.64
2018-06-24 17:30,2.32,58.37
2018-06-24 17:45,1.65,58.88
2018-06-24 18:00,0.86,61.33
2018-06-24 18:15,0.42,65.95
2018-06-24 18:30,0.10,61.96
2018-06-24 18:45,0.00,64.09
2018-06-24 19:00,0.00,65.85
2018-06-24 19:15,0.00,70.37
2018-06-24 19:30,0.00,71.35
2018-06-24 19:45,0.00,70.08
2018-06-24 20:00,0.00,70.77
2018-06-24 20:15,0.00,72.82
2018-06-24 20:30,0.00,69.87
2018-06-24 20:45,0.00,74.16
2018-06-24 21:00,0.00,76.09
2018-06-24 21:15,0.00,77.48
2018-06-24 21:30,0.00,79.99
2018-06-24 21:45,0.00,81.06
2018-06-24 22:00,0.00,83.66
2018-06-24 22:15,0.00,86.03
2018-06-24 22:30,0.00,83.35
2018-06-24 22:45,0.00,85.53
2018-06-24 23:00,0.00,86.67
2018-06-24 23:15,0.00,86.56
2018-06-24 23:30,0.00,86.91
2018-06-24 23:45,0.00,93.2
2018-06-25 00:00,0.00,93.3
2018-06-25 00:15,0.00,96.61
2018-06-25 00:30,0.00,96.27
2018-06-25 00:45,0.00,96.64
2018-06-25 01:00,0.00,98.75
2018-06-25 01:15,0.00,96.8
2018-06-25 01:30,0.00,93.04
2018-06-25 01:45,0.00,93.04
2018-06-25 02:00,0.00,94.56
2018-06-25 02:15,0.00,93.99
2018-06-25 02:30,0.00,93.45
2018-06-25 02:45,0.00,92.93
2018-06-25 03:00,0.00,92.96
2018-06-25 03:15,0.00,88.9
2018-06-25 03:30,0.00,89.22
2018-06-25 03:45,0.00,89.38
2018-06-25 04:00,0.00,85.77
2018-06-25 04:15,0.00,84.37
2018-06-25 04:30,0.00,82.95
2018-06-25 04:45,0.00,79.41
2018-06-25 05:00,0.00,79.93
2018-06-25 05:15,0.00,80.3
2018-06-25 05:30,0.00,79.61
2018-06-25 05:45,0.00,82.35
2018-06-25 06:00,0.16,77.98
2018-06-25 06:15,0.56,75.41
2018-06-25 06:30,0.98,72.59
2018-06-25 06:45,1.49,74.19
2018-06-25 07:00,2.05,69.58
2018-06-25 07:15,2.43,69.48
2018-06-25 07:30,2.78,72.43
2018-06-25 07:45,2.34,72.54
2018-06-25 08:00,2.53,65.61
2018-06-25 08:15,2.88,63.67
2018-06-25 08:30,4.46,62.64
2018-06-25 08:45,6.06,59.43
2018-06-25 09:00,7.15,54.21
2018-06-25 09:15,8.46,51.43
2018-06-25 09:30,7.82,50.16
2018-06-25 09:45,7.65,48.42
2018-06-25 10:00,7.46,49.56
2018-06-25 10:15,6.40,54.42
2018-06-25 10:30,6.14,48.22
2018-06-25 10:45,6.69,48.87
2018-06-25 11:00,7.02,49.59
2018-06-25 11:15,8.22,48.14
2018-06-25 11:30,8.45,50.84
2018-06-25 11:45,8.88,52.01
2018-06-25 12:00,8.61,50.87
2018-06-25 12:15,8.03,47.8
2018-06-25 12:30,9.44,47.3
2018-06-25 12:45,10.54,44.42
2018-06-25 13:00,9.63,43.92
2018-06-25 13:15,8.37,45.46
2018-06-25 13:30,8.16,44.26
2018-06-25 13:45,8.26,46.95
2018-06-25 14:00,9.54,46.3
2018-06-25 14:15,9.06,44.96
2018-06-25 14:30,9.46,47.32
2018-06-25 14:45,9.92,47.96
2018-06-25 15:00,9.60,49.72
2018-06-25 15:15,9.68,50.09
2018-06-25 15:30,10.24,47.77
2018-06-25 15:45,7.82,49.35
2018-06-25 16:00,6.08,54.17
2018-06-25 16:15,5.39,53.37
2018-06-25 16:30,4.42,55.17
2018-06-25 16:45,3.39,54.19
2018-06-25 17:00,3.12,58.09
2018-06-25 17:15,2.94,63.82
2018-06-25 17:30,2.27,63.19
2018-06-25 17:45,1.63,61.19
2018-06-25 18:00,1.57,61.16
2018-06-25 18:15,0.70,60.38
2018-06-25 18:30,0.14,62.95
2018-06-25 18:45,0.00,67.33
2018-06-25 19:00,0.00,68.98
2018-06-25 19:15,0.00,64.98
2018-06-25 19:30,0.00,62.08
2018-06-25 19:45,0.00,63.14
2018-06-25 20:00,0.00,64.87
2018-06-25 20:15,0.00,64.87
2018-06-25 20:30,0.00,68.22
2018-06-25 20:45,0.00,73.2
2018-06-25 21:00,0.00,73.66
2018-06-25 21:15,0.00,73.79
2018-06-25 21:30,0.00,78.62
2018-06-25 21:45,0.00,80.3
2018-06-25 22:00,0.00,79.79
2018-06-25 22:15,0.00,85.01
2018-06-25 22:30,0.00,82.48
2018-06-25 22:45,0.00,85.32
2018-06-25 23:00,0.00,88.82
2018-06-25 23:15,0.00,86.3
2018-06-25 23:30,0.00,88.4
2018-06-25 23:45,0.00,89.78
2018-06-26 00:00,0.00,91.16
2018-06-26 00:15,0.00,89.87
2018-06-26 00:30,0.00,90.54
2018-06-26 00:45,0.00,91.9
2018-06-26 01:00,0.00,91.61
2018-06-26 01:15,0.00,92.03
2018-06-26 01:30,0.00,91.43
2018-06-26 01:45,0.00,91.74
2018-06-26 02:00,0.00,91.59
2018-06-26 02:15,0.00,90.61
2018-06-26 02:30,0.00,88.78
2018-06-26 02:45,0.00,87.4
2018-06-26 03:00,0.00,86.38
2018-06-26 03:15,0.00,85.85
2018-06-26 03:30,0.00,86.22
2018-06-26 03:45,0.00,84.01
2018-06-26 04:00,0.00,84.14
2018-06-26 04:15,0.00,82.12
2018-06-26 04:30,0.00,81.59
2018-06-26 04:45,0.00,80.43
2018-06-26 05:00,0.00,78.12
2018-06-26 05:15,0.00,80.87
2018-06-26 05:30,0.00,80.14
2018-06-26 05:45,0.00,79.43
2018-06-26 06:00,0.16,80.58
2018-06-26 06:15,0.64,75.54
2018-06-26 06:30,1.28,73.5
2018-06-26 06:45,2.02,74.25
2018-06-26 07:00,2.59,71.46
2018-06-26 07:15,3.26,70.91
2018-06-26 07:30,4.19,72.95
2018-06-26 07:45,5.30,66.75
2018-06-26 08:00,6.48,65.17
2018-06-26 08:15,8.61,63.8
2018-06-26 08:30,9.71,61.22
2018-06-26 08:45,10.30,61.3
2018-06-26 09:00,10.77,58.93
2018-06-26 09:15,11.06,57.84
2018-06-26 09:30,11.58,57.24
2018-06-26 09:45,9.25,57.4
2018-06-26 10:00,10.10,55.61
2018-06-26 10:15,9.60,55.14
2018-06-26 10:30,10.40,55.51
2018-06-26 10:45,12.77,60.38
2018-06-26 11:00,13.01,56.06
2018-06-26 11:15,15.66,54.92
2018-06-26 11:30,17.28,56.16
2018-06-26 11:45,17.41,52.55
2018-06-26 12:00,19.10,52
2018-06-26 12:15,8.18,48.66
2018-06-26 12:30,5.34,58
2018-06-26 12:45,6.21,56.85
2018-06-26 13:00,9.01,53.21
2018-06-26 13:15,14.32,49.66
2018-06-26 13:30,19.55,44.48
2018-06-26 13:45,20.34,38.97
2018-06-26 14:00,18.64,41.66
2018-06-26 14:15,13.89,47.72
2018-06-26 14:30,9.25,48.56
2018-06-26 14:45,7.57,59.3
2018-06-26 15:00,4.21,59.83
2018-06-26 15:15,4.02,58.4
2018-06-26 15:30,4.30,58.75
2018-06-26 15:45,4.29,61.53
2018-06-26 16:00,3.98,61.64
2018-06-26 16:15,3.87,61.06
2018-06-26 16:30,3.58,59.25
2018-06-26 16:45,3.02,59.93
2018-06-26 17:00,2.30,63.61
2018-06-26 17:15,1.65,65.72
2018-06-26 17:30,1.10,67.3
2018-06-26 17:45,0.69,69.21
2018-06-26 18:00,0.08,67.03
2018-06-26 18:15,0.00,66.14
2018-06-26 18:30,0.00,66.21
2018-06-26 18:45,0.00,66.3
2018-06-26 19:00,0.00,67.19
2018-06-26 19:15,0.00,64.3
2018-06-26 19:30,0.00,62.93
2018-06-26 19:45,0.00,63.14
2018-06-26 20:00,0.00,64.22
2018-06-26 20:15,0.00,64.93
2018-06-26 20:30,0.00,66.67
2018-06-26 20:45,0.00,69.67
2018-06-26 21:00,0.00,70.3
2018-06-26 21:15,0.00,70.71
2018-06-26 21:30,0.00,71.91
2018-06-26 21:45,0.00,73.98
2018-06-26 22:00,0.00,74.08
2018-06-26 22:15,0.00,73.56
2018-06-26 22:30,0.00,72.95
2018-06-26 22:45,0.00,76.33
2018-06-26 23:00,0.00,77.74
2018-06-26 23:15,0.00,78.79
2018-06-26 23:30,0.00,78.96
2018-06-26 23:45,0.00,78.93
2018-06-27 00:00,0.00,80.38
2018-06-27 00:15,0.00,79.4
2018-06-27 00:30,0.00,78.91
2018-06-27 00:45,0.00,79.9
2018-06-27 01:00,0.00,78.27
2018-06-27 01:15,0.00,76.27
2018-06-27 01:30,0.00,75.59
2018-06-27 01:45,0.00,76.66
2018-06-27 02:00,0.00,76.93
2018-06-27 02:15,0.00,76.83
2018-06-27 02:30,0.00,76.04
2018-06-27 02:45,0.00,76.67
2018-06-27 03:00,0.00,74.88
2018-06-27 03:15,0.00,73.69
2018-06-27 03:30,0.00,73.77
2018-06-27 03:45,0.00,71.82
2018-06-27 04:00,0.00,71.32
2018-06-27 04:15,0.00,69.27
2018-06-27 04:30,0.00,69.71
2018-06-27 04:45,0.00,68.22
2018-06-27 05:00,0.00,67.32
2018-06-27 05:15,0.00,68.98
2018-06-27 05:30,0.00,68.24
2018-06-27 05:45,0.00,69.38
2018-06-27 06:00,0.27,64.85
2018-06-27 06:15,0.72,62.64
2018-06-27 06:30,1.31,61.24
2018-06-27 06:45,2.67,60.25
2018-06-27 07:00,4.05,59.83
2018-06-27 07:15,3.38,60.42
2018-06-27 07:30,5.26,61.19
2018-06-27 07:45,8.53,60.93
2018-06-27 08:00,6.82,56.35
2018-06-27 08:15,5.14,57.06
2018-06-27 08:30,7.38,56.3
2018-06-27 08:45,7.15,56.46
2018-06-27 09:00,5.86,55
2018-06-27 09:15,6.74,51.16
2018-06-27 09:30,5.95,51.01
2018-06-27 09:45,5.95,51
2018-06-27 10:00,7.28,47
2018-06-27 10:15,7.76,44.82
2018-06-27 10:30,9.89,45.42
2018-06-27 10:45,14.40,43.19
2018-06-27 11:00,11.79,40.79
2018-06-27 11:15,6.40,45.03
2018-06-27 11:30,7.44,50.22
2018-06-27 11:45,7.92,47.76
2018-06-27 12:00,7.87,46.76
2018-06-27 12:15,6.61,43.26
2018-06-27 12:30,7.70,44.59
2018-06-27 12:45,7.89,45.55
2018-06-27 13:00,8.11,43.53
2018-06-27 13:15,8.99,43.53
2018-06-27 13:30,9.70,42.42
2018-06-27 13:45,8.53,39.95
2018-06-27 14:00,8.40,41.69
2018-06-27 14:15,6.00,42.17
2018-06-27 14:30,2.88,45.29
2018-06-27 14:45,0.40,50.16
2018-06-27 15:00,0.62,48.56
2018-06-27 15:15,0.75,46.88
2018-06-27 15:30,1.23,43.69
2018-06-27 15:45,1.34,45.3
2018-06-27 16:00,1.65,47.17
2018-06-27 16:15,1.82,45.16
2018-06-27 16:30,1.86,47.35
2018-06-27 16:45,1.81,49.77
2018-06-27 17:00,1.68,50.13
2018-06-27 17:15,1.39,49.9
2018-06-27 17:30,0.96,50.98
2018-06-27 17:45,0.61,54
2018-06-27 18:00,0.34,53.03
2018-06-27 18:15,0.18,52.06
2018-06-27 18:30,0.00,52.9
2018-06-27 18:45,0.00,56.71
2018-06-27 19:00,0.00,55.53
2018-06-27 19:15,0.00,55.34
2018-06-27 19:30,0.00,51.48
2018-06-27 19:45,0.00,49.88
2018-06-27 20:00,0.00,51.5
2018-06-27 20:15,0.00,50.74
2018-06-27 20:30,0.00,54.5
2018-06-27 20:45,0.00,55.84
2018-06-27 21:00,0.00,59.83
2018-06-27 21:15,0.00,67.56
2018-06-27 21:30,0.00,73.64
2018-06-27 21:45,0.00,74.95
2018-06-27 22:00,0.00,75.12
2018-06-27 22:15,0.00,76.7
2018-06-27 22:30,0.00,73.51
2018-06-27 22:45,0.00,73.59
2018-06-27 23:00,0.00,74.01
2018-06-27 23:15,0.00,74.29
2018-06-27 23:30,0.00,75.4
2018-06-27 23:45,0.00,77.79
2018-06-28 00:00,0.00,81.25
2018-06-28 00:15,0.00,79.43
2018-06-28 00:30,0.00,81.29
2018-06-28 00:45,0.00,79.62
2018-06-28 01:00,0.00,79.46
2018-06-28 01:15,0.00,80.2
2018-06-28 01:30,0.00,79.67
2018-06-28 01:45,0.00,79.87
2018-06-28 02:00,0.00,78.93
2018-06-28 02:15,0.00,76.69
2018-06-28 02:30,0.00,75.74
2018-06-28 02:45,0.00,75.74
2018-06-28 03:00,0.00,74.54
2018-06-28 03:15,0.00,73.43
2018-06-28 03:30,0.00,73.83
2018-06-28 03:45,0.00,73.46
2018-06-28 04:00,0.00,74.27
2018-06-28 04:15,0.00,73.56
2018-06-28 04:30,0.00,71.25
2018-06-28 04:45,0.00,71.27
2018-06-28 05:00,0.00,70.67
2018-06-28 05:15,0.00,73.48
2018-06-28 05:30,0.00,74.58
2018-06-28 05:45,0.00,73.9
2018-06-28 06:00,0.16,70.56
2018-06-28 06:15,0.58,67.66
2018-06-28 06:30,0.98,68.29
2018-06-28 06:45,1.49,67.53
2018-06-28 07:00,2.24,66.85
2018-06-28 07:15,2.86,67.12
2018-06-28 07:30,2.94,67.33
2018-06-28 07:45,3.66,68.91
2018-06-28 08:00,4.86,68.11
2018-06-28 08:15,6.61,66.54
2018-06-28 08:30,7.30,66.82
2018-06-28 08:45,8.70,65.29
2018-06-28 09:00,6.75,64.06
2018-06-28 09:15,14.16,63.96
2018-06-28 09:30,13.14,55.92
2018-06-28 09:45,8.98,57.98
2018-06-28 10:00,12.35,62.04
2018-06-28 10:15,14.80,57.24
2018-06-28 10:30,18.16,54.32
2018-06-28 10:45,10.93,53.42
2018-06-28 11:00,17.47,57.19
2018-06-28 11:15,13.90,49.45
2018-06-28 11:30,17.89,57.66
2018-06-28 11:45,14.82,54.21
2018-06-28 12:00,19.71,56.37
2018-06-28 12:15,16.13,50.09
2018-06-28 12:30,18.46,53.04
2018-06-28 12:45,14.62,52.01
2018-06-28 13:00,6.00,55.72
2018-06-28 13:15,3.76,62.46
2018-06-28 13:30,3.31,63.42
2018-06-28 13:45,3.36,60.58
2018-06-28 14:00,4.58,58.53
2018-06-28 14:15,3.28,58.3
2018-06-28 14:30,3.01,64.22
2018-06-28 14:45,3.36,59.06
2018-06-28 15:00,5.09,58.98
2018-06-28 15:15,8.10,55.69
2018-06-28 15:30,9.18,53.63
2018-06-28 15:45,13.28,52.32
2018-06-28 16:00,11.22,53.9
2018-06-28 16:15,9.95,57.25
2018-06-28 16:30,8.34,58.98
2018-06-28 16:45,5.95,63.3
2018-06-28 17:00,4.99,68.48
2018-06-28 17:15,3.20,68.24
2018-06-28 17:30,2.11,71.58
2018-06-28 17:45,1.44,71.3
2018-06-28 18:00,0.99,69.91
2018-06-28 18:15,0.51,70.8
2018-06-28 18:30,0.08,72.43
2018-06-28 18:45,0.00,74.75
2018-06-28 19:00,0.00,73.03
2018-06-28 19:15,0.00,71.24
2018-06-28 19:30,0.00,71.06
2018-06-28 19:45,0.00,70.03
2018-06-28 20:00,0.00,71.51
2018-06-28 20:15,0.00,70.62
2018-06-28 20:30,0.00,72.12
2018-06-28 20:45,0.00,71.3
2018-06-28 21:00,0.00,72.75
2018-06-28 21:15,0.00,75.3
2018-06-28 21:30,0.00,77.54
2018-06-28 21:45,0.00,73.75
2018-06-28 22:00,0.00,74.01
2018-06-28 22:15,0.00,76.87
2018-06-28 22:30,0.00,74.2
2018-06-28 22:45,0.00,77.25
2018-06-28 23:00,0.00,75.96
2018-06-28 23:15,0.00,77.14
2018-06-28 23:30,0.00,78.64
2018-06-28 23:45,0.00,80.61
2018-06-29 00:00,0.00,81.27
2018-06-29 00:15,0.00,79.56
2018-06-29 00:30,0.00,82.41
2018-06-29 00:45,0.00,82.59
2018-06-29 01:00,0.00,80.8
2018-06-29 01:15,0.00,79.24
2018-06-29 01:30,0.00,78.77
2018-06-29 01:45,0.00,79.85
2018-06-29 02:00,0.00,78.11
2018-06-29 02:15,0.00,77.58
2018-06-29 02:30,0.00,78.09
2018-06-29 02:45,0.00,76.5
2018-06-29 03:00,0.00,75.85
2018-06-29 03:15,0.00,75.75
2018-06-29 03:30,0.00,75.83
2018-06-29 03:45,0.00,74.79
2018-06-29 04:00,0.00,74.38
2018-06-29 04:15,0.00,73.3
2018-06-29 04:30,0.00,73.22
2018-06-29 04:45,0.00,73.22
2018-06-29 05:00,0.00,70.17
2018-06-29 05:15,0.00,73.09
2018-06-29 05:30,0.00,72.27
2018-06-29 05:45,0.05,70.71
2018-06-29 06:00,0.27,70.06
2018-06-29 06:15,0.62,69.53
2018-06-29 06:30,0.88,69.24
2018-06-29 06:45,1.07,67.42
2018-06-29 07:00,2.06,66.54
2018-06-29 07:15,3.92,65.24
2018-06-29 07:30,5.10,64.56
2018-06-29 07:45,6.03,60.4
2018-06-29 08:00,6.94,61.82
2018-06-29 08:15,9.01,61.63
2018-06-29 08:30,9.62,63.95
2018-06-29 08:45,8.37,64.4
2018-06-29 09:00,6.88,65.32
2018-06-29 09:15,12.53,64.67
2018-06-29 09:30,15.55,58.32
2018-06-29 09:45,11.63,58.06
2018-06-29 10:00,14.18,59.21
2018-06-29 10:15,16.30,57.54
2018-06-29 10:30,13.95,54.43
2018-06-29 10:45,10.51,58.67
2018-06-29 11:00,7.09,60.4
2018-06-29 11:15,17.86,59.46
2018-06-29 11:30,15.02,49.63
2018-06-29 11:45,13.39,58.27
2018-06-29 12:00,11.76,57.46
2018-06-29 12:15,17.28,56.98
2018-06-29 12:30,14.43,53.67
2018-06-29 12:45,15.86,56.46
2018-06-29 13:00,16.62,57.24
2018-06-29 13:15,13.81,55.19
2018-06-29 13:30,16.26,61.09
2018-06-29 13:45,12.27,59.79
2018-06-29 14:00,17.01,65.01
2018-06-29 14:15,12.58,58.95
2018-06-29 14:30,15.28,64.16
2018-06-29 14:45,13.81,61.77
2018-06-29 15:00,9.02,63.48
2018-06-29 15:15,7.81,64.46
2018-06-29 15:30,11.17,65.09
2018-06-29 15:45,9.87,64.5
2018-06-29 16:00,8.91,67.24
2018-06-29 16:15,5.76,68.25
2018-06-29 16:30,3.79,73.45
2018-06-29 16:45,4.56,73.69
2018-06-29 17:00,3.25,71.41
2018-06-29 17:15,2.24,75.91
2018-06-29 17:30,1.54,75.95
2018-06-29 17:45,1.07,76.06
2018-06-29 18:00,0.80,73.19
2018-06-29 18:15,0.75,71.75
2018-06-29 18:30,0.42,72.11
2018-06-29 18:45,0.02,74.33
2018-06-29 19:00,0.00,71.72
2018-06-29 19:15,0.00,69.87
2018-06-29 19:30,0.00,69.64
2018-06-29 19:45,0.00,69.72
2018-06-29 20:00,0.00,66.93
2018-06-29 20:15,0.00,64.92
2018-06-29 20:30,0.00,65.38
2018-06-29 20:45,0.00,66.35
2018-06-29 21:00,0.00,67.35
2018-06-29 21:15,0.00,66.9
2018-06-29 21:30,0.00,67.77
2018-06-29 21:45,0.00,68.03
2018-06-29 22:00,0.00,70.35
2018-06-29 22:15,0.00,74.7
2018-06-29 22:30,0.00,71.24
2018-06-29 22:45,0.00,70.41
2018-06-29 23:00,0.00,70.3
2018-06-29 23:15,0.00,72.4
2018-06-29 23:30,0.00,74.12
2018-06-29 23:45,0.00,73.82
2018-06-30 00:00,0.00,74.87
2018-06-30 00:15,0.00,76.9
2018-06-30 00:30,0.00,77.38
2018-06-30 00:45,0.00,76.2
2018-06-30 01:00,0.00,76.17
2018-06-30 01:15,0.00,76.29
2018-06-30 01:30,0.00,73.79
2018-06-30 01:45,0.00,75.91
2018-06-30 02:00,0.00,75.58
2018-06-30 02:15,0.00,77.03
2018-06-30 02:30,0.00,76.46
2018-06-30 02:45,0.00,74.88
2018-06-30 03:00,0.00,76.19
2018-06-30 03:15,0.00,74.62
2018-06-30 03:30,0.00,75.16
2018-06-30 03:45,0.00,73.25
2018-06-30 04:00,0.00,71.66
2018-06-30 04:15,0.00,72.95
2018-06-30 04:30,0.00,72.59
2018-06-30 04:45,0.00,71.03
2018-06-30 05:00,0.00,70.67
2018-06-30 05:15,0.00,72.58
2018-06-30 05:30,0.00,74.37
2018-06-30 05:45,0.00,73.22
2018-06-30 06:00,0.21,70.4
2018-06-30 06:15,0.61,67.45
2018-06-30 06:30,0.98,67.4
2018-06-30 06:45,1.34,66.56
2018-06-30 07:00,2.26,65.69
2018-06-30 07:15,4.02,65.19
2018-06-30 07:30,5.73,62.93
2018-06-30 07:45,6.70,62.37
2018-06-30 08:00,6.78,60.63
2018-06-30 08:15,9.42,65.09
2018-06-30 08:30,10.45,64.3
2018-06-30 08:45,10.75,64.35
2018-06-30 09:00,11.82,62.19
2018-06-30 09:15,12.64,56.27
2018-06-30 09:30,13.95,56.34
2018-06-30 09:45,14.90,56.84
2018-06-30 10:00,15.82,53.95
2018-06-30 10:15,9.55,53.58
2018-06-30 10:30,15.63,59.67
2018-06-30 10:45,16.05,55.03
2018-06-30 11:00,18.50,54.42
2018-06-30 11:15,19.41,54.27
2018-06-30 11:30,14.21,51.79
2018-06-30 11:45,19.97,57.53
2018-06-30 12:00,14.29,53.93
2018-06-30 12:15,15.14,52.01
2018-06-30 12:30,16.88,53.06
2018-06-30 12:45,18.90,52.69
2018-06-30 13:00,16.53,51.53
2018-06-30 13:15,18.26,54.71
2018-06-30 13:30,17.33,54.01
2018-06-30 13:45,13.46,52.63
2018-06-30 14:00,15.09,58.03
2018-06-30 14:15,4.88,57.87
2018-06-30 14:30,3.81,66.27
2018-06-30 14:45,10.18,66.79
2018-06-30 15:00,8.93,58.01
2018-06-30 15:15,6.21,60.19
2018-06-30 15:30,6.75,62.77
2018-06-30 15:45,2.98,66.01
2018-06-30 16:00,7.09,66.46
2018-06-30 16:15,8.05,58.61
2018-06-30 16:30,7.17,57.95
2018-06-30 16:45,5.33,57.53
2018-06-30 17:00,2.78,58.63
2018-06-30 17:15,2.22,60.72
2018-06-30 17:30,2.05,65.25
2018-06-30 17:45,1.39,66.11
2018-06-30 18:00,0.90,65.56
2018-06-30 18:15,0.46,65.45
2018-06-30 18:30,0.11,68.64
2018-06-30 18:45,0.00,70.43
2018-06-30 19:00,0.00,70.67
2018-06-30 19:15,0.00,70.21
2018-06-30 19:30,0.00,69.5
2018-06-30 19:45,0.00,67.43
2018-06-30 20:00,0.00,65.35
2018-06-30 20:15,0.00,66.19
2018-06-30 20:30,0.00,65.62
2018-06-30 20:45,0.00,65.38
2018-06-30 21:00,0.00,64.29
2018-06-30 21:15,0.00,63.43
2018-06-30 21:30,0.00,65.22
2018-06-30 21:45,0.00,65.53
2018-06-30 22:00,0.00,67.29
2018-06-30 22:15,0.00,71.46
2018-06-30 22:30,0.00,66.87
2018-06-30 22:45,0.00,67.22
2018-06-30 23:00,0.00,67.98
2018-06-30 23:15,0.00,67.9
2018-06-30 23:30,0.00,68.61
2018-06-30 23:45,0.00,70.12
2018-07-01 00:00,0.00,69.43
