2018-05-01 00:15,0.00,149.46
2018-05-01 00:30,0.00,147.68
2018-05-01 00:45,0.00,151.31
2018-05-01 01:00,0.00,149.57
2018-05-01 01:15,0.00,145.22
2018-05-01 01:30,0.00,142.91
2018-05-01 01:45,0.00,140.57
2018-05-01 02:00,0.00,135.83
2018-05-01 02:15,0.00,134.88
2018-05-01 02:30,0.00,130.56
2018-05-01 02:45,0.00,130.62
2018-05-01 03:00,0.00,129.35
2018-05-01 03:15,0.00,125.06
2018-05-01 03:30,0.00,121.94
2018-05-01 03:45,0.00,121.88
2018-05-01 04:00,0.00,117.62
2018-05-01 04:15,0.00,118.59
2018-05-01 04:30,0.00,114.15
2018-05-01 04:45,0.00,116.4
2018-05-01 05:00,0.00,112.43
2018-05-01 05:15,0.00,111.73
2018-05-01 05:30,0.00,111.4
2018-05-01 05:45,0.00,111.27
2018-05-01 06:00,0.11,108.28
2018-05-01 06:15,0.37,103.8
2018-05-01 06:30,0.83,104.49
2018-05-01 06:45,1.60,102.49
2018-05-01 07:00,2.66,104.24
2018-05-01 07:15,3.95,103.36
2018-05-01 07:30,5.65,105.12
2018-05-01 07:45,8.42,110.86
2018-05-01 08:00,9.74,110.14
2018-05-01 08:15,7.63,109.23
2018-05-01 08:30,6.80,111.51
2018-05-01 08:45,8.50,112.98
2018-05-01 09:00,11.82,108.28
2018-05-01 09:15,12.93,99.07
2018-05-01 09:30,10.74,93.12
2018-05-01 09:45,7.92,92.45
2018-05-01 10:00,7.10,84.53
2018-05-01 10:15,13.76,78.88
2018-05-01 10:30,11.94,74.77
2018-05-01 10:45,3.01,73.06
2018-05-01 11:00,5.89,75.74
2018-05-01 11:15,11.68,65.42
2018-05-01 11:30,19.01,63.88
2018-05-01 11:45,18.13,50.82
2018-05-01 12:00,21.36,54.5
2018-05-01 12:15,18.82,57.35
2018-05-01 12:30,20.88,70.24
2018-05-01 12:45,17.98,65.54
2018-05-01 13:00,21.15,69.83
2018-05-01 13:15,19.52,68.16
2018-05-01 13:30,18.53,69.21
2018-05-01 13:45,21.26,65.19
2018-05-01 14:00,15.92,66.95
2018-05-01 14:15,12.40,78.25
2018-05-01 14:30,17.52,81.12
2018-05-01 14:45,16.59,80.25
2018-05-01 15:00,9.15,76.33
2018-05-01 15:15,12.75,80.7
2018-05-01 15:30,9.44,79.7
2018-05-01 15:45,8.94,81.64
2018-05-01 16:00,7.62,79.35
2018-05-01 16:15,8.32,79.67
2018-05-01 16:30,8.13,77.04
2018-05-01 16:45,3.28,79.35
2018-05-01 17:00,2.34,85.66
2018-05-01 17:15,1.84,87.19
2018-05-01 17:30,1.49,86.48
2018-05-01 17:45,0.98,87.74
2018-05-01 18:00,0.40,89.53
2018-05-01 18:15,0.08,91.01
2018-05-01 18:30,0.00,96.38
2018-05-01 18:45,0.00,97.46
2018-05-01 19:00,0.00,99.61
2018-05-01 19:15,0.00,98.28
2018-05-01 19:30,0.00,101.93
2018-05-01 19:45,0.00,104.25
2018-05-01 20:00,0.00,106.35
2018-05-01 20:15,0.00,110.36
2018-05-01 20:30,0.00,111.43
2018-05-01 20:45,0.00,112.93
2018-05-01 21:00,0.00,114.51
2018-05-01 21:15,0.00,119.49
2018-05-01 21:30,0.00,124.31
2018-05-01 21:45,0.00,128.25
2018-05-01 22:00,0.00,134.3
2018-05-01 22:15,0.00,140.77
2018-05-01 22:30,0.00,145.83
2018-05-01 22:45,0.00,143.73
2018-05-01 23:00,0.00,147.85
2018-05-01 23:15,0.00,154.51
2018-05-01 23:30,0.00,162.36
2018-05-01 23:45,0.00,168.67
2018-05-02 00:00,0.00,168.39
2018-05-02 00:15,0.00,174.44
2018-05-02 00:30,0.00,174.21
2018-05-02 00:45,0.00,179.54
2018-05-02 01:00,0.00,177.2
2018-05-02 01:15,0.00,169.62
2018-05-02 01:30,0.00,166.23
2018-05-02 01:45,0.00,168.2
2018-05-02 02:00,0.00,160.02
2018-05-02 02:15,0.00,158.51
2018-05-02 02:30,0.00,154.68
2018-05-02 02:45,0.00,149.44
2018-05-02 03:00,0.00,146.25
2018-05-02 03:15,0.00,142.93
2018-05-02 03:30,0.00,142.15
2018-05-02 03:45,0.00,140.62
2018-05-02 04:00,0.00,137.98
2018-05-02 04:15,0.00,135.39
2018-05-02 04:30,0.00,134.96
2018-05-02 04:45,0.00,132.56
2018-05-02 05:00,0.00,129.99
2018-05-02 05:15,0.00,130.93
2018-05-02 05:30,0.00,130.1
2018-05-02 05:45,0.00,129.2
2018-05-02 06:00,0.18,128.86
2018-05-02 06:15,0.58,124.07
2018-05-02 06:30,1.04,120.99
2018-05-02 06:45,2.21,119.38
2018-05-02 07:00,3.28,120.11
2018-05-02 07:15,3.63,122.46
2018-05-02 07:30,3.71,122.4
2018-05-02 07:45,3.79,122.61
2018-05-02 08:00,4.00,126.78
2018-05-02 08:15,5.07,124.99
2018-05-02 08:30,7.12,122.8
2018-05-02 08:45,6.93,117.49
2018-05-02 09:00,7.15,110.88
2018-05-02 09:15,6.42,108.51
2018-05-02 09:30,10.27,100.41
2018-05-02 09:45,17.94,93.64
2018-05-02 10:00,12.61,81.72
2018-05-02 10:15,17.30,88.91
2018-05-02 10:30,10.14,78.8
2018-05-02 10:45,4.88,84.83
2018-05-02 11:00,18.53,83.27
2018-05-02 11:15,5.46,73.77
2018-05-02 11:30,0.69,85.59
2018-05-02 11:45,2.29,83.16
2018-05-02 12:00,3.14,76.06
2018-05-02 12:15,4.10,77.29
2018-05-02 12:30,2.82,74.19
2018-05-02 12:45,2.19,74.45
2018-05-02 13:00,3.02,73.17
2018-05-02 13:15,10.61,73.19
2018-05-02 13:30,15.25,59.51
2018-05-02 13:45,14.77,59.5
2018-05-02 14:00,15.94,63.08
2018-05-02 14:15,14.66,63.12
2018-05-02 14:30,12.69,65.9
2018-05-02 14:45,12.38,68.37
2018-05-02 15:00,12.51,69.03
2018-05-02 15:15,10.43,67.96
2018-05-02 15:30,7.71,69.54
2018-05-02 15:45,7.87,72.79
2018-05-02 16:00,4.40,77.66
2018-05-02 16:15,3.63,81.75
2018-05-02 16:30,2.80,77.64
2018-05-02 16:45,1.84,76.7
2018-05-02 17:00,2.11,75.79
2018-05-02 17:15,2.02,79.03
2018-05-02 17:30,1.22,80.93
2018-05-02 17:45,0.69,85.98
2018-05-02 18:00,0.35,84.28
2018-05-02 18:15,0.08,88.54
2018-05-02 18:30,0.00,93.57
2018-05-02 18:45,0.00,95.4
2018-05-02 19:00,0.00,95.49
2018-05-02 19:15,0.00,95.33
2018-05-02 19:30,0.00,97.8
2018-05-02 19:45,0.00,98.27
2018-05-02 20:00,0.00,101.14
2018-05-02 20:15,0.00,102.2
2018-05-02 20:30,0.00,105.69
2018-05-02 20:45,0.00,111.04
2018-05-02 21:00,0.00,110.9
2018-05-02 21:15,0.00,116.4
2018-05-02 21:30,0.00,120.8
2018-05-02 21:45,0.00,121.62
2018-05-02 22:00,0.00,125.15
2018-05-02 22:15,0.00,131.09
2018-05-02 22:30,0.00,140.01
2018-05-02 22:45,0.00,139.01
2018-05-02 23:00,0.00,142.75
2018-05-02 23:15,0.00,142.22
2018-05-02 23:30,0.00,148.65
2018-05-02 23:45,0.00,153.15
2018-05-03 00:00,0.00,159.76
2018-05-03 00:15,0.00,162.25
2018-05-03 00:30,0.00,168.67
2018-05-03 00:45,0.00,165.26
2018-05-03 01:00,0.00,167.62
2018-05-03 01:15,0.00,167.88
2018-05-03 01:30,0.00,163.36
2018-05-03 01:45,0.00,158.22
2018-05-03 02:00,0.00,154.88
2018-05-03 02:15,0.00,153.67
2018-05-03 02:30,0.00,154.23
2018-05-03 02:45,0.00,148.94
2018-05-03 03:00,0.00,144.7
2018-05-03 03:15,0.00,143.62
2018-05-03 03:30,0.00,140.81
2018-05-03 03:45,0.00,138.7
2018-05-03 04:00,0.00,134.23
2018-05-03 04:15,0.00,133.65
2018-05-03 04:30,0.00,131.02
2018-05-03 04:45,0.00,130.64
2018-05-03 05:00,0.00,129.17
2018-05-03 05:15,0.00,128.33
2018-05-03 05:30,0.00,127.12
2018-05-03 05:45,0.00,125.9
2018-05-03 06:00,0.10,126.22
2018-05-03 06:15,0.53,123.15
2018-05-03 06:30,0.88,119.86
2018-05-03 06:45,1.34,119.02
2018-05-03 07:00,1.74,117.77
2018-05-03 07:15,2.69,119.91
2018-05-03 07:30,3.22,121.23
2018-05-03 07:45,3.50,120.46
2018-05-03 08:00,4.86,121.69
2018-05-03 08:15,6.45,124.2
2018-05-03 08:30,9.79,126.49
2018-05-03 08:45,13.20,134.04
2018-05-03 09:00,12.61,132.59
2018-05-03 09:15,8.37,130.12
2018-05-03 09:30,11.46,127.25
2018-05-03 09:45,17.57,114.36
2018-05-03 10:00,10.74,103.91
2018-05-03 10:15,3.49,110.12
2018-05-03 10:30,3.74,107.78
2018-05-03 10:45,18.30,102.2
2018-05-03 11:00,18.42,92.59
2018-05-03 11:15,19.04,88.45
2018-05-03 11:30,10.27,87.93
2018-05-03 11:45,9.73,94.61
2018-05-03 12:00,5.10,92.46
2018-05-03 12:15,2.77,86.62
2018-05-03 12:30,1.57,91.16
2018-05-03 12:45,3.94,84.06
2018-05-03 13:00,6.80,75.32
2018-05-03 13:15,11.28,75.46
2018-05-03 13:30,8.91,71.48
2018-05-03 13:45,9.42,71.79
2018-05-03 14:00,12.00,74.48
2018-05-03 14:15,6.98,70.59
2018-05-03 14:30,5.12,77.54
2018-05-03 14:45,4.11,81.32
2018-05-03 15:00,4.18,84.88
2018-05-03 15:15,4.61,83.54
2018-05-03 15:30,4.91,84.59
2018-05-03 15:45,5.01,80.11
2018-05-03 16:00,4.27,81.64
2018-05-03 16:15,4.62,82.99
2018-05-03 16:30,5.26,84.77
2018-05-03 16:45,2.51,85.22
2018-05-03 17:00,2.88,87.03
2018-05-03 17:15,3.49,89.98
2018-05-03 17:30,3.31,90.61
2018-05-03 17:45,2.19,90.8
2018-05-03 18:00,1.15,91.38
2018-05-03 18:15,0.35,94.43
2018-05-03 18:30,0.02,94.9
2018-05-03 18:45,0.00,97.83
2018-05-03 19:00,0.00,99.03
2018-05-03 19:15,0.00,101.7
2018-05-03 19:30,0.00,102.38
2018-05-03 19:45,0.00,106.03
2018-05-03 20:00,0.00,107.91
2018-05-03 20:15,0.00,107.75
2018-05-03 20:30,0.00,108.88
2018-05-03 20:45,0.00,113.06
2018-05-03 21:00,0.00,114.67
2018-05-03 21:15,0.00,122.57
2018-05-03 21:30,0.00,124.56
2018-05-03 21:45,0.00,125.33
2018-05-03 22:00,0.00,128.81
2018-05-03 22:15,0.00,133.19
2018-05-03 22:30,0.00,135.28
2018-05-03 22:45,0.00,136.22
2018-05-03 23:00,0.00,140.56
2018-05-03 23:15,0.00,145.51
2018-05-03 23:30,0.00,149.88
2018-05-03 23:45,0.00,152.76
2018-05-04 00:00,0.00,154.65
2018-05-04 00:15,0.00,159.97
2018-05-04 00:30,0.00,165.38
2018-05-04 00:45,0.00,167.12
2018-05-04 01:00,0.00,165.83
2018-05-04 01:15,0.00,161.75
2018-05-04 01:30,0.00,156.26
2018-05-04 01:45,0.00,153.55
2018-05-04 02:00,0.00,150.97
2018-05-04 02:15,0.00,147.59
2018-05-04 02:30,0.00,146.36
2018-05-04 02:45,0.00,142.77
2018-05-04 03:00,0.00,137.46
2018-05-04 03:15,0.00,136.65
2018-05-04 03:30,0.00,134.54
2018-05-04 03:45,0.00,132.06
2018-05-04 04:00,0.00,130.39
2018-05-04 04:15,0.00,130.93
2018-05-04 04:30,0.00,125.9
2018-05-04 04:45,0.00,123.14
2018-05-04 05:00,0.00,123.11
2018-05-04 05:15,0.00,124.64
2018-05-04 05:30,0.00,124.02
2018-05-04 05:45,0.00,125.73
2018-05-04 06:00,0.10,122.38
2018-05-04 06:15,0.43,117.46
2018-05-04 06:30,0.93,118.15
2018-05-04 06:45,2.14,118.41
2018-05-04 07:00,3.25,116.85
2018-05-04 07:15,3.95,117.38
2018-05-04 07:30,6.38,119.35
2018-05-04 07:45,5.66,118.67
2018-05-04 08:00,5.31,123.98
2018-05-04 08:15,5.42,123.98
2018-05-04 08:30,6.16,123.7
2018-05-04 08:45,8.11,129.15
2018-05-04 09:00,8.34,124.09
2018-05-04 09:15,8.14,118.72
2018-05-04 09:30,8.90,114.11
2018-05-04 09:45,11.44,110.72
2018-05-04 10:00,12.88,103.54
2018-05-04 10:15,15.20,94.75
2018-05-04 10:30,14.56,89.33
2018-05-04 10:45,13.20,89.45
2018-05-04 11:00,19.20,87.49
2018-05-04 11:15,15.15,80.75
2018-05-04 11:30,19.50,84.61
2018-05-04 11:45,16.37,82.7
2018-05-04 12:00,12.59,86.82
2018-05-04 12:15,15.52,81.93
2018-05-04 12:30,19.57,79.4
2018-05-04 12:45,16.91,77.24
2018-05-04 13:00,17.47,76.74
2018-05-04 13:15,18.35,76.48
2018-05-04 13:30,11.54,73.64
2018-05-04 13:45,3.10,86.56
2018-05-04 14:00,0.74,88.33
2018-05-04 14:15,0.22,82.87
2018-05-04 14:30,0.21,76.17
2018-05-04 14:45,0.40,71.08
2018-05-04 15:00,0.83,65.64
2018-05-04 15:15,1.07,64.48
2018-05-04 15:30,1.07,64.9
2018-05-04 15:45,1.25,66.08
2018-05-04 16:00,1.34,66.74
2018-05-04 16:15,1.54,68.16
2018-05-04 16:30,2.14,71.19
2018-05-04 16:45,2.69,69
2018-05-04 17:00,1.76,71.08
2018-05-04 17:15,1.33,73.62
2018-05-04 17:30,1.07,76.51
2018-05-04 17:45,0.77,76.04
2018-05-04 18:00,0.56,76.96
2018-05-04 18:15,0.13,75.04
2018-05-04 18:30,0.00,79.37
2018-05-04 18:45,0.00,80.32
2018-05-04 19:00,0.00,83.33
2018-05-04 19:15,0.00,83.24
2018-05-04 19:30,0.00,84.88
2018-05-04 19:45,0.00,81.64
2018-05-04 20:00,0.00,80.37
2018-05-04 20:15,0.00,80.64
2018-05-04 20:30,0.00,81.45
2018-05-04 20:45,0.00,84.8
2018-05-04 21:00,0.00,91.7
2018-05-04 21:15,0.00,92.51
2018-05-04 21:30,0.00,95.82
2018-05-04 21:45,0.00,100.36
2018-05-04 22:00,0.00,101.59
2018-05-04 22:15,0.00,107.9
2018-05-04 22:30,0.00,110.75
2018-05-04 22:45,0.00,106.67
2018-05-04 23:00,0.00,106.64
2018-05-04 23:15,0.00,110.91
2018-05-04 23:30,0.00,114.41
2018-05-04 23:45,0.00,121.25
2018-05-05 00:00,0.00,119.61
2018-05-05 00:15,0.00,121.77
2018-05-05 00:30,0.00,126.1
2018-05-05 00:45,0.00,125.12
2018-05-05 01:00,0.00,126.49
2018-05-05 01:15,0.00,125.56
2018-05-05 01:30,0.00,125.1
2018-05-05 01:45,0.00,121.65
2018-05-05 02:00,0.00,116.98
2018-05-05 02:15,0.00,115.54
2018-05-05 02:30,0.00,112.83
2018-05-05 02:45,0.00,111.72
2018-05-05 03:00,0.00,109.86
2018-05-05 03:15,0.00,109.98
2018-05-05 03:30,0.00,106.54
2018-05-05 03:45,0.00,105.03
2018-05-05 04:00,0.00,104.27
2018-05-05 04:15,0.00,103.75
2018-05-05 04:30,0.00,101.54
2018-05-05 04:45,0.00,99.65
2018-05-05 05:00,0.00,98.36
2018-05-05 05:15,0.00,99.48
2018-05-05 05:30,0.00,99.65
2018-05-05 05:45,0.00,100.54
2018-05-05 06:00,0.00,98.48
2018-05-05 06:15,0.27,95.88
2018-05-05 06:30,0.56,92.82
2018-05-05 06:45,0.82,88.83
2018-05-05 07:00,1.07,88.09
2018-05-05 07:15,2.13,84.01
2018-05-05 07:30,3.63,84.93
2018-05-05 07:45,4.82,83.16
2018-05-05 08:00,8.90,84.77
2018-05-05 08:15,10.61,81.33
2018-05-05 08:30,11.74,79.38
2018-05-05 08:45,12.50,81.24
2018-05-05 09:00,14.61,80.32
2018-05-05 09:15,11.07,74.77
2018-05-05 09:30,15.15,76.16
2018-05-05 09:45,16.62,72.03
2018-05-05 10:00,14.27,68.33
2018-05-05 10:15,18.45,68.19
2018-05-05 10:30,17.15,62.54
2018-05-05 10:45,10.29,68.56
2018-05-05 11:00,14.37,73.58
2018-05-05 11:15,18.59,67.32
2018-05-05 11:30,12.64,64.22
2018-05-05 11:45,9.63,72.72
2018-05-05 12:00,8.77,72.19
2018-05-05 12:15,11.81,68.32
2018-05-05 12:30,15.07,67.67
2018-05-05 12:45,19.25,64.56
2018-05-05 13:00,16.21,61.58
2018-05-05 13:15,14.72,63.48
2018-05-05 13:30,17.20,61.61
2018-05-05 13:45,14.56,60.4
2018-05-05 14:00,7.50,64.66
2018-05-05 14:15,13.22,69.75
2018-05-05 14:30,9.66,64.93
2018-05-05 14:45,4.64,68.08
2018-05-05 15:00,4.14,71.58
2018-05-05 15:15,4.30,68.77
2018-05-05 15:30,5.39,65.75
2018-05-05 15:45,7.55,65.08
2018-05-05 16:00,9.09,63.21
2018-05-05 16:15,6.99,60.11
2018-05-05 16:30,6.66,64.42
2018-05-05 16:45,4.98,65.3
2018-05-05 17:00,4.42,65.72
2018-05-05 17:15,3.76,66.25
2018-05-05 17:30,3.09,67.69
2018-05-05 17:45,1.82,67.8
2018-05-05 18:00,1.31,66.59
2018-05-05 18:15,0.69,66.21
2018-05-05 18:30,0.03,69.48
2018-05-05 18:45,0.00,72.35
2018-05-05 19:00,0.00,74.06
2018-05-05 19:15,0.00,77.61
2018-05-05 19:30,0.00,79.74
2018-05-05 19:45,0.00,78.85
2018-05-05 20:00,0.00,77.17
2018-05-05 20:15,0.00,78.54
2018-05-05 20:30,0.00,78.99
2018-05-05 20:45,0.00,81.04
2018-05-05 21:00,0.00,83.43
2018-05-05 21:15,0.00,89.16
2018-05-05 21:30,0.00,91.24
2018-05-05 21:45,0.00,93.4
2018-05-05 22:00,0.00,97.78
2018-05-05 22:15,0.00,93.83
2018-05-05 22:30,0.00,99.17
2018-05-05 22:45,0.00,106.43
2018-05-05 23:00,0.00,103.91
2018-05-05 23:15,0.00,106.96
2018-05-05 23:30,0.00,109.88
2018-05-05 23:45,0.00,111.67
2018-05-06 00:00,0.00,115.27
2018-05-06 00:15,0.00,118.94
2018-05-06 00:30,0.00,119.69
2018-05-06 00:45,0.00,122.36
2018-05-06 01:00,0.00,119.9
2018-05-06 01:15,0.00,121.78
2018-05-06 01:30,0.00,118.46
2018-05-06 01:45,0.00,120.54
2018-05-06 02:00,0.00,115.77
2018-05-06 02:15,0.00,116.41
2018-05-06 02:30,0.00,113.96
2018-05-06 02:45,0.00,112.67
2018-05-06 03:00,0.00,114.28
2018-05-06 03:15,0.00,110.85
2018-05-06 03:30,0.00,109.88
2018-05-06 03:45,0.00,106.75
2018-05-06 04:00,0.00,107.12
2018-05-06 04:15,0.00,106.98
2018-05-06 04:30,0.00,106.28
2018-05-06 04:45,0.00,106.69
2018-05-06 05:00,0.00,102.24
2018-05-06 05:15,0.00,103.27
2018-05-06 05:30,0.00,103.48
2018-05-06 05:45,0.00,102.61
2018-05-06 06:00,0.08,103.2
2018-05-06 06:15,0.29,98.03
2018-05-06 06:30,0.53,97.74
2018-05-06 06:45,1.38,94.11
2018-05-06 07:00,2.85,93.72
2018-05-06 07:15,3.68,90.17
2018-05-06 07:30,5.25,91.95
2018-05-06 07:45,6.06,91.12
2018-05-06 08:00,6.54,90.04
2018-05-06 08:15,7.54,92.38
2018-05-06 08:30,8.80,91.93
2018-05-06 08:45,11.10,86.8
2018-05-06 09:00,10.54,84.75
2018-05-06 09:15,12.74,84.17
2018-05-06 09:30,16.13,79.53
2018-05-06 09:45,15.26,79.11
2018-05-06 10:00,13.07,78.88
2018-05-06 10:15,15.79,76.75
2018-05-06 10:30,14.94,75.58
2018-05-06 10:45,16.93,74.27
2018-05-06 11:00,20.77,73.24
2018-05-06 11:15,20.98,68.08
2018-05-06 11:30,20.99,68.16
2018-05-06 11:45,21.22,65.67
2018-05-06 12:00,19.79,62.33
2018-05-06 12:15,20.45,65.04
2018-05-06 12:30,20.38,62.53
2018-05-06 12:45,19.94,60.54
2018-05-06 13:00,19.46,58.85
2018-05-06 13:15,19.38,65.11
2018-05-06 13:30,15.33,63.29
2018-05-06 13:45,14.70,66.33
2018-05-06 14:00,6.08,66.79
2018-05-06 14:15,2.64,74.27
2018-05-06 14:30,7.66,79.06
2018-05-06 14:45,6.82,71.09
2018-05-06 15:00,4.82,72
2018-05-06 15:15,8.62,65.69
2018-05-06 15:30,4.40,62.59
2018-05-06 15:45,8.13,68.29
2018-05-06 16:00,12.29,62.61
2018-05-06 16:15,11.62,59.03
2018-05-06 16:30,9.68,61.88
2018-05-06 16:45,7.38,64.8
2018-05-06 17:00,5.49,67.22
2018-05-06 17:15,3.78,71.5
2018-05-06 17:30,2.29,74.72
2018-05-06 17:45,1.57,75.59
2018-05-06 18:00,0.93,78.12
2018-05-06 18:15,0.29,79.93
2018-05-06 18:30,0.00,85.41
2018-05-06 18:45,0.00,87.74
2018-05-06 19:00,0.00,88.66
2018-05-06 19:15,0.00,89.49
2018-05-06 19:30,0.00,98.74
2018-05-06 19:45,0.00,97.8
2018-05-06 20:00,0.00,99.91
2018-05-06 20:15,0.00,103.49
2018-05-06 20:30,0.00,102.91
2018-05-06 20:45,0.00,109.59
2018-05-06 21:00,0.00,110.51
2018-05-06 21:15,0.00,114.99
2018-05-06 21:30,0.00,119.62
2018-05-06 21:45,0.00,126.41
2018-05-06 22:00,0.00,130.77
2018-05-06 22:15,0.00,134.3
2018-05-06 22:30,0.00,140.93
2018-05-06 22:45,0.00,147.46
2018-05-06 23:00,0.00,147.97
2018-05-06 23:15,0.00,153.15
2018-05-06 23:30,0.00,157.78
2018-05-06 23:45,0.00,162.78
2018-05-07 00:00,0.00,164.26
2018-05-07 00:15,0.00,171.23
2018-05-07 00:30,0.00,174.41
2018-05-07 00:45,0.00,177.46
2018-05-07 01:00,0.00,178.18
2018-05-07 01:15,0.00,179.84
2018-05-07 01:30,0.00,175.76
2018-05-07 01:45,0.00,172.17
2018-05-07 02:00,0.00,174.04
2018-05-07 02:15,0.00,171.26
2018-05-07 02:30,0.00,168.07
2018-05-07 02:45,0.00,166.31
2018-05-07 03:00,0.00,163.02
2018-05-07 03:15,0.00,159.67
2018-05-07 03:30,0.00,157.01
2018-05-07 03:45,0.00,153.14
2018-05-07 04:00,0.00,150.28
2018-05-07 04:15,0.00,150.18
2018-05-07 04:30,0.00,146.54
2018-05-07 04:45,0.00,146.18
2018-05-07 05:00,0.00,143.54
2018-05-07 05:15,0.00,143.7
2018-05-07 05:30,0.00,143.07
2018-05-07 05:45,0.00,141.02
2018-05-07 06:00,0.40,135.46
2018-05-07 06:15,0.61,130.04
2018-05-07 06:30,0.98,126.96
2018-05-07 06:45,1.20,123.99
2018-05-07 07:00,1.31,125.83
2018-05-07 07:15,1.86,123.69
2018-05-07 07:30,2.45,125.86
2018-05-07 07:45,3.73,123.99
2018-05-07 08:00,5.90,124.02
2018-05-07 08:15,4.72,122.64
2018-05-07 08:30,5.15,125.85
2018-05-07 08:45,6.66,121.9
2018-05-07 09:00,8.42,117.57
2018-05-07 09:15,9.94,108.19
2018-05-07 09:30,11.46,102.57
2018-05-07 09:45,11.31,95.77
2018-05-07 10:00,10.22,93.03
2018-05-07 10:15,11.63,88.67
2018-05-07 10:30,17.82,86.11
2018-05-07 10:45,18.51,83.17
2018-05-07 11:00,18.08,87.38
2018-05-07 11:15,18.14,81.2
2018-05-07 11:30,17.39,83.2
2018-05-07 11:45,18.43,84.62
2018-05-07 12:00,13.18,81.96
2018-05-07 12:15,17.70,86.98
2018-05-07 12:30,15.42,84.32
2018-05-07 12:45,16.85,81.01
2018-05-07 13:00,16.74,79.91
2018-05-07 13:15,16.59,78.66
2018-05-07 13:30,15.34,79.62
2018-05-07 13:45,15.44,80.46
2018-05-07 14:00,17.57,76.08
2018-05-07 14:15,17.74,77.72
2018-05-07 14:30,15.84,78.43
2018-05-07 14:45,12.96,82.93
2018-05-07 15:00,14.42,84.67
2018-05-07 15:15,13.42,81.58
2018-05-07 15:30,12.11,86.37
2018-05-07 15:45,10.24,88.08
2018-05-07 16:00,8.64,94.33
2018-05-07 16:15,6.93,98.3
2018-05-07 16:30,6.42,98.06
2018-05-07 16:45,4.77,100.41
2018-05-07 17:00,3.18,100.24
2018-05-07 17:15,1.89,104.62
2018-05-07 17:30,1.15,107.74
2018-05-07 17:45,0.70,108.67
2018-05-07 18:00,0.43,112.67
2018-05-07 18:15,0.21,112.62
2018-05-07 18:30,0.00,115.75
2018-05-07 18:45,0.00,119.3
2018-05-07 19:00,0.00,119.81
2018-05-07 19:15,0.00,121.17
2018-05-07 19:30,0.00,123.19
2018-05-07 19:45,0.00,126.8
2018-05-07 20:00,0.00,135.28
2018-05-07 20:15,0.00,138.73
2018-05-07 20:30,0.00,136.7
2018-05-07 20:45,0.00,141.02
2018-05-07 21:00,0.00,144.25
2018-05-07 21:15,0.00,148.04
2018-05-07 21:30,0.00,155.44
2018-05-07 21:45,0.00,157.59
2018-05-07 22:00,0.00,163.39
2018-05-07 22:15,0.00,167.83
2018-05-07 22:30,0.00,175.71
2018-05-07 22:45,0.00,179.46
2018-05-07 23:00,0.00,184.04
2018-05-07 23:15,0.00,193.02
2018-05-07 23:30,0.00,196.44
2018-05-07 23:45,0.00,204.6
2018-05-08 00:00,0.00,214.47
2018-05-08 00:15,0.00,216.92
2018-05-08 00:30,0.00,219.29
2018-05-08 00:45,0.00,220.18
2018-05-08 01:00,0.00,219.42
2018-05-08 01:15,0.00,216.37
2018-05-08 01:30,0.00,212.81
2018-05-08 01:45,0.00,210.18
2018-05-08 02:00,0.00,207.63
2018-05-08 02:15,0.00,199.81
2018-05-08 02:30,0.00,199.5
2018-05-08 02:45,0.00,196.02
2018-05-08 03:00,0.00,194.57
2018-05-08 03:15,0.00,191.73
2018-05-08 03:30,0.00,189.65
2018-05-08 03:45,0.00,183.81
2018-05-08 04:00,0.00,179.88
2018-05-08 04:15,0.00,177.02
2018-05-08 04:30,0.00,175.52
2018-05-08 04:45,0.00,171.59
2018-05-08 05:00,0.00,171.42
2018-05-08 05:15,0.00,170.62
2018-05-08 05:30,0.00,168.39
2018-05-08 05:45,0.00,167.83
2018-05-08 06:00,0.10,164.25
2018-05-08 06:15,0.72,158.36
2018-05-08 06:30,1.55,158.67
2018-05-08 06:45,0.56,158.38
2018-05-08 07:00,1.30,152.81
2018-05-08 07:15,1.70,140.8
2018-05-08 07:30,1.63,144.23
2018-05-08 07:45,1.79,135.41
2018-05-08 08:00,2.05,136.06
2018-05-08 08:15,2.62,136.18
2018-05-08 08:30,3.54,131.93
2018-05-08 08:45,4.50,126.35
2018-05-08 09:00,5.42,135.52
2018-05-08 09:15,6.61,131.44
2018-05-08 09:30,8.10,119.78
2018-05-08 09:45,9.47,107.15
2018-05-08 10:00,11.01,103.2
2018-05-08 10:15,12.53,95.14
2018-05-08 10:30,13.25,89.75
2018-05-08 10:45,13.65,90.04
2018-05-08 11:00,13.84,87.19
2018-05-08 11:15,16.13,83.85
2018-05-08 11:30,14.35,81.08
2018-05-08 11:45,13.58,83.48
2018-05-08 12:00,10.82,84.2
2018-05-08 12:15,12.00,86.43
2018-05-08 12:30,14.16,87.32
2018-05-08 12:45,16.62,82.12
2018-05-08 13:00,18.66,80.53
2018-05-08 13:15,16.77,80.74
2018-05-08 13:30,18.18,83.33
2018-05-08 13:45,14.46,85.4
2018-05-08 14:00,13.90,87.85
2018-05-08 14:15,13.58,90.57
2018-05-08 14:30,13.98,90.28
2018-05-08 14:45,12.35,90.77
2018-05-08 15:00,11.92,91.16
2018-05-08 15:15,11.12,90.91
2018-05-08 15:30,8.82,95.07
2018-05-08 15:45,7.28,101.99
2018-05-08 16:00,6.93,105.51
2018-05-08 16:15,6.90,109.53
2018-05-08 16:30,4.40,108.94
2018-05-08 16:45,2.96,109.53
2018-05-08 17:00,2.59,105.07
2018-05-08 17:15,1.82,104.32
2018-05-08 17:30,1.71,105.27
2018-05-08 17:45,1.33,108.61
2018-05-08 18:00,0.83,101.75
2018-05-08 18:15,0.38,100.74
2018-05-08 18:30,0.02,103.56
2018-05-08 18:45,0.00,104.17
2018-05-08 19:00,0.00,108.19
2018-05-08 19:15,0.00,111.25
2018-05-08 19:30,0.00,112.48
2018-05-08 19:45,0.00,116.12
2018-05-08 20:00,0.00,119.31
2018-05-08 20:15,0.00,124.49
2018-05-08 20:30,0.00,127.67
2018-05-08 20:45,0.00,133.62
2018-05-08 21:00,0.00,136.6
2018-05-08 21:15,0.00,139.35
2018-05-08 21:30,0.00,143.22
2018-05-08 21:45,0.00,149.96
2018-05-08 22:00,0.00,154.89
2018-05-08 22:15,0.00,164.7
2018-05-08 22:30,0.00,169.1
2018-05-08 22:45,0.00,175.63
2018-05-08 23:00,0.00,179.33
2018-05-08 23:15,0.00,186.33
2018-05-08 23:30,0.00,192.28
2018-05-08 23:45,0.00,200.58
2018-05-09 00:00,0.00,201.91
2018-05-09 00:15,0.00,209.21
2018-05-09 00:30,0.00,217.28
2018-05-09 00:45,0.00,216.39
2018-05-09 01:00,0.00,220.97
2018-05-09 01:15,0.00,220.97
2018-05-09 01:30,0.00,217.76
2018-05-09 01:45,0.00,215.74
2018-05-09 02:00,0.00,209.71
2018-05-09 02:15,0.00,206.36
2018-05-09 02:30,0.00,204.25
2018-05-09 02:45,0.00,199.7
2018-05-09 03:00,0.00,194.18
2018-05-09 03:15,0.00,191.65
2018-05-09 03:30,0.00,190.49
2018-05-09 03:45,0.00,189.65
2018-05-09 04:00,0.00,188.18
2018-05-09 04:15,0.00,183.73
2018-05-09 04:30,0.00,178.47
2018-05-09 04:45,0.00,175.96
2018-05-09 05:00,0.00,172.47
2018-05-09 05:15,0.00,172.49
2018-05-09 05:30,0.00,170.8
2018-05-09 05:45,0.00,168.18
2018-05-09 06:00,0.18,168.81
2018-05-09 06:15,0.54,162.34
2018-05-09 06:30,1.09,159.44
2018-05-09 06:45,1.81,157.72
2018-05-09 07:00,2.80,154.72
2018-05-09 07:15,3.87,156.97
2018-05-09 07:30,4.86,154.33
2018-05-09 07:45,6.62,152.57
2018-05-09 08:00,7.28,156.62
2018-05-09 08:15,7.17,154.36
2018-05-09 08:30,8.50,156.51
2018-05-09 08:45,9.87,152.1
2018-05-09 09:00,10.08,143.31
2018-05-09 09:15,9.73,131.65
2018-05-09 09:30,11.38,125.09
2018-05-09 09:45,14.14,116.94
2018-05-09 10:00,13.92,110.64
2018-05-09 10:15,11.89,107.7
2018-05-09 10:30,12.11,112.98
2018-05-09 10:45,11.34,112.19
2018-05-09 11:00,4.94,105.32
2018-05-09 11:15,6.34,103.62
2018-05-09 11:30,1.81,95.98
2018-05-09 11:45,1.14,101.57
2018-05-09 12:00,2.69,93.01
2018-05-09 12:15,3.86,93.3
2018-05-09 12:30,4.29,97.2
2018-05-09 12:45,6.59,96.85
2018-05-09 13:00,11.38,89.54
2018-05-09 13:15,11.97,84.19
2018-05-09 13:30,13.26,81.99
2018-05-09 13:45,15.58,77.48
2018-05-09 14:00,17.04,78.53
2018-05-09 14:15,16.96,75.82
2018-05-09 14:30,16.34,75.08
2018-05-09 14:45,15.06,72.48
2018-05-09 15:00,13.98,76.83
2018-05-09 15:15,13.12,79.77
2018-05-09 15:30,11.87,87.49
2018-05-09 15:45,10.42,89.77
2018-05-09 16:00,9.26,92.04
2018-05-09 16:15,7.70,95.17
2018-05-09 16:30,6.27,99.15
2018-05-09 16:45,5.31,99.06
2018-05-09 17:00,4.26,102.72
2018-05-09 17:15,3.49,111.8
2018-05-09 17:30,2.72,112.61
2018-05-09 17:45,1.94,113.82
2018-05-09 18:00,1.07,114.51
2018-05-09 18:15,0.40,116.94
2018-05-09 18:30,0.00,118.83
2018-05-09 18:45,0.00,120.81
2018-05-09 19:00,0.00,122.09
2018-05-09 19:15,0.00,121.86
2018-05-09 19:30,0.00,122.14
2018-05-09 19:45,0.00,127.9
2018-05-09 20:00,0.00,134.94
2018-05-09 20:15,0.00,135.12
2018-05-09 20:30,0.00,134.88
2018-05-09 20:45,0.00,140.59
2018-05-09 21:00,0.00,146.83
2018-05-09 21:15,0.00,150.26
2018-05-09 21:30,0.00,155.23
2018-05-09 21:45,0.00,158.14
2018-05-09 22:00,0.00,162.25
2018-05-09 22:15,0.00,169.94
2018-05-09 22:30,0.00,175.25
2018-05-09 22:45,0.00,180.46
2018-05-09 23:00,0.00,185.6
2018-05-09 23:15,0.00,196.52
2018-05-09 23:30,0.00,201.25
2018-05-09 23:45,0.00,206.54
2018-05-10 00:00,0.00,212.41
2018-05-10 00:15,0.00,218.82
2018-05-10 00:30,0.00,220.99
2018-05-10 00:45,0.00,221.49
2018-05-10 01:00,0.00,224.03
2018-05-10 01:15,0.00,225.84
2018-05-10 01:30,0.00,223.58
2018-05-10 01:45,0.00,220.63
2018-05-10 02:00,0.00,222.1
2018-05-10 02:15,0.00,215.42
2018-05-10 02:30,0.00,214.92
2018-05-10 02:45,0.00,209.86
2018-05-10 03:00,0.00,206.84
2018-05-10 03:15,0.00,205.71
2018-05-10 03:30,0.00,200.95
2018-05-10 03:45,0.00,197.87
2018-05-10 04:00,0.00,193.81
2018-05-10 04:15,0.00,191.31
2018-05-10 04:30,0.00,185.79
2018-05-10 04:45,0.00,183.73
2018-05-10 05:00,0.00,181.84
2018-05-10 05:15,0.00,180.38
2018-05-10 05:30,0.00,178.8
2018-05-10 05:45,0.00,173.91
2018-05-10 06:00,0.40,172.86
2018-05-10 06:15,0.85,164.3
2018-05-10 06:30,1.36,165.34
2018-05-10 06:45,1.81,162.8
2018-05-10 07:00,2.14,159.86
2018-05-10 07:15,2.78,160.07
2018-05-10 07:30,3.58,166.1
2018-05-10 07:45,4.45,157.86
2018-05-10 08:00,6.00,159.8
2018-05-10 08:15,8.21,158.17
2018-05-10 08:30,10.14,151.96
2018-05-10 08:45,11.87,147.12
2018-05-10 09:00,13.81,142.51
2018-05-10 09:15,14.18,133.48
2018-05-10 09:30,14.85,126.28
2018-05-10 09:45,8.98,125.93
2018-05-10 10:00,12.10,117.86
2018-05-10 10:15,16.77,111.38
2018-05-10 10:30,15.04,98.91
2018-05-10 10:45,17.90,101.38
2018-05-10 11:00,15.84,95.07
2018-05-10 11:15,18.77,95.69
2018-05-10 11:30,17.33,92.75
2018-05-10 11:45,13.01,92.09
2018-05-10 12:00,16.96,95.69
2018-05-10 12:15,8.59,94.9
2018-05-10 12:30,6.50,101.24
2018-05-10 12:45,19.12,93.43
2018-05-10 13:00,10.29,83.8
2018-05-10 13:15,13.63,96.57
2018-05-10 13:30,19.42,87.85
2018-05-10 13:45,17.52,79.59
2018-05-10 14:00,10.11,83.56
2018-05-10 14:15,4.42,96.85
2018-05-10 14:30,8.05,103.48
2018-05-10 14:45,13.04,102.3
2018-05-10 15:00,13.66,99.91
2018-05-10 15:15,13.23,98.09
2018-05-10 15:30,12.88,97.61
2018-05-10 15:45,10.86,98.19
2018-05-10 16:00,4.03,101.61
2018-05-10 16:15,5.23,105.93
2018-05-10 16:30,6.59,103.4
2018-05-10 16:45,5.65,101.41
2018-05-10 17:00,3.31,103.88
2018-05-10 17:15,0.72,111.93
2018-05-10 17:30,0.69,108.86
2018-05-10 17:45,0.75,106.49
2018-05-10 18:00,0.37,101.98
2018-05-10 18:15,0.10,97.45
2018-05-10 18:30,0.00,99.19
2018-05-10 18:45,0.00,100.83
2018-05-10 19:00,0.00,100.74
2018-05-10 19:15,0.00,105.8
2018-05-10 19:30,0.00,109.88
2018-05-10 19:45,0.00,111.67
2018-05-10 20:00,0.00,118.85
2018-05-10 20:15,0.00,119.11
2018-05-10 20:30,0.00,121.62
2018-05-10 20:45,0.00,124.52
2018-05-10 21:00,0.00,127.23
2018-05-10 21:15,0.00,132.51
2018-05-10 21:30,0.00,137.1
2018-05-10 21:45,0.00,137.48
2018-05-10 22:00,0.00,139.85
2018-05-10 22:15,0.00,149.68
2018-05-10 22:30,0.00,154.49
2018-05-10 22:45,0.00,154.73
2018-05-10 23:00,0.00,158.15
2018-05-10 23:15,0.00,158.88
2018-05-10 23:30,0.00,161.7
2018-05-10 23:45,0.00,166.1
2018-05-11 00:00,0.00,173.63
2018-05-11 00:15,0.00,177.33
2018-05-11 00:30,0.00,183.68
2018-05-11 00:45,0.00,181.46
2018-05-11 01:00,0.00,182.15
2018-05-11 01:15,0.00,181.34
2018-05-11 01:30,0.00,180.81
2018-05-11 01:45,0.00,178.39
2018-05-11 02:00,0.00,173.05
2018-05-11 02:15,0.00,169.91
2018-05-11 02:30,0.00,167.65
2018-05-11 02:45,0.00,165.17
2018-05-11 03:00,0.00,161.65
2018-05-11 03:15,0.00,160.15
2018-05-11 03:30,0.00,159.04
2018-05-11 03:45,0.00,157.96
2018-05-11 04:00,0.00,153.36
2018-05-11 04:15,0.00,148.94
2018-05-11 04:30,0.00,146.07
2018-05-11 04:45,0.00,143.41
2018-05-11 05:00,0.00,141.86
2018-05-11 05:15,0.00,142.83
2018-05-11 05:30,0.00,141.44
2018-05-11 05:45,0.00,139.04
2018-05-11 06:00,0.13,137.17
2018-05-11 06:15,0.40,131.2
2018-05-11 06:30,0.99,130.19
2018-05-11 06:45,1.52,129.83
2018-05-11 07:00,2.74,128.38
2018-05-11 07:15,3.55,129.27
2018-05-11 07:30,4.91,132.59
2018-05-11 07:45,6.59,126.62
2018-05-11 08:00,7.04,129.01
2018-05-11 08:15,9.46,128.62
2018-05-11 08:30,10.53,124.14
2018-05-11 08:45,11.86,125.9
2018-05-11 09:00,12.90,125.8
2018-05-11 09:15,13.79,120.31
2018-05-11 09:30,13.09,117.32
2018-05-11 09:45,10.90,113.78
2018-05-11 10:00,13.39,111.85
2018-05-11 10:15,18.91,104.64
2018-05-11 10:30,7.84,95.8
2018-05-11 10:45,12.18,104.19
2018-05-11 11:00,19.98,91.74
2018-05-11 11:15,14.42,88.59
2018-05-11 11:30,9.34,92.04
2018-05-11 11:45,6.93,91.57
2018-05-11 12:00,15.55,93.61
2018-05-11 12:15,4.22,86.69
2018-05-11 12:30,1.49,99.22
2018-05-11 12:45,0.80,98.53
2018-05-11 13:00,0.34,94.27
2018-05-11 13:15,0.50,90.37
2018-05-11 13:30,0.56,87.01
2018-05-11 13:45,0.43,86.2
2018-05-11 14:00,0.32,84.41
2018-05-11 14:15,0.27,81.75
2018-05-11 14:30,0.27,81.87
2018-05-11 14:45,0.27,74.88
2018-05-11 15:00,0.30,72.33
2018-05-11 15:15,0.34,70.87
2018-05-11 15:30,0.38,72.43
2018-05-11 15:45,0.43,72.32
2018-05-11 16:00,0.43,76.67
2018-05-11 16:15,0.43,72.83
2018-05-11 16:30,0.45,74.48
2018-05-11 16:45,0.46,74.22
2018-05-11 17:00,0.45,73.82
2018-05-11 17:15,0.38,78.4
2018-05-11 17:30,0.35,79.98
2018-05-11 17:45,0.22,79.96
2018-05-11 18:00,0.10,81.43
2018-05-11 18:15,0.00,78.37
2018-05-11 18:30,0.00,82.08
2018-05-11 18:45,0.00,85.22
2018-05-11 19:00,0.00,85.56
2018-05-11 19:15,0.00,85.09
2018-05-11 19:30,0.00,87.35
2018-05-11 19:45,0.00,86.85
2018-05-11 20:00,0.00,87.03
2018-05-11 20:15,0.00,87.16
2018-05-11 20:30,0.00,84.49
2018-05-11 20:45,0.00,85.78
2018-05-11 21:00,0.00,83.75
2018-05-11 21:15,0.00,84.43
2018-05-11 21:30,0.00,86.88
2018-05-11 21:45,0.00,89.2
2018-05-11 22:00,0.00,91.69
2018-05-11 22:15,0.00,94.07
2018-05-11 22:30,0.00,94.09
2018-05-11 22:45,0.00,96.16
2018-05-11 23:00,0.00,94.67
2018-05-11 23:15,0.00,98.65
2018-05-11 23:30,0.00,100.57
2018-05-11 23:45,0.00,104.4
2018-05-12 00:00,0.00,107.09
2018-05-12 00:15,0.00,108.33
2018-05-12 00:30,0.00,110.43
2018-05-12 00:45,0.00,112.12
2018-05-12 01:00,0.00,113.85
2018-05-12 01:15,0.00,110.2
2018-05-12 01:30,0.00,109.96
2018-05-12 01:45,0.00,110.54
2018-05-12 02:00,0.00,111.75
2018-05-12 02:15,0.00,110.86
2018-05-12 02:30,0.00,108.78
2018-05-12 02:45,0.00,107.04
2018-05-12 03:00,0.00,103.83
2018-05-12 03:15,0.00,102.67
2018-05-12 03:30,0.00,101.04
2018-05-12 03:45,0.00,100.45
2018-05-12 04:00,0.00,99.43
2018-05-12 04:15,0.00,96.45
2018-05-12 04:30,0.00,96.27
2018-05-12 04:45,0.00,98.3
2018-05-12 05:00,0.00,93.91
2018-05-12 05:15,0.00,94.33
2018-05-12 05:30,0.00,94.64
2018-05-12 05:45,0.02,92.16
2018-05-12 06:00,0.26,94.43
2018-05-12 06:15,0.54,90.32
2018-05-12 06:30,0.96,88.66
2018-05-12 06:45,1.44,88.43
2018-05-12 07:00,2.29,85.77
2018-05-12 07:15,3.15,86.38
2018-05-12 07:30,5.34,85.45
2018-05-12 07:45,5.38,85.28
2018-05-12 08:00,4.14,86.59
2018-05-12 08:15,7.86,91.88
2018-05-12 08:30,7.47,86.22
2018-05-12 08:45,11.98,89.43
2018-05-12 09:00,10.54,85.64
2018-05-12 09:15,12.03,81.17
2018-05-12 09:30,10.74,79.25
2018-05-12 09:45,13.46,74.22
2018-05-12 10:00,13.47,71.32
2018-05-12 10:15,11.50,69.22
2018-05-12 10:30,11.87,73.22
2018-05-12 10:45,10.98,69.51
2018-05-12 11:00,9.68,70.8
2018-05-12 11:15,15.46,70.62
2018-05-12 11:30,17.65,68.19
2018-05-12 11:45,16.67,65.66
2018-05-12 12:00,16.30,62.19
2018-05-12 12:15,17.86,65.64
2018-05-12 12:30,19.66,63.19
2018-05-12 12:45,20.88,65.14
2018-05-12 13:00,10.29,61.16
2018-05-12 13:15,4.14,70.98
2018-05-12 13:30,4.96,72.75
2018-05-12 13:45,5.55,71.19
2018-05-12 14:00,5.89,69.9
2018-05-12 14:15,2.43,69.3
2018-05-12 14:30,1.60,71.58
2018-05-12 14:45,1.76,69
2018-05-12 15:00,1.57,66.51
2018-05-12 15:15,1.42,65.04
2018-05-12 15:30,1.34,64.93
2018-05-12 15:45,1.50,67.37
2018-05-12 16:00,1.78,66.66
2018-05-12 16:15,2.11,66.4
2018-05-12 16:30,2.34,65.9
2018-05-12 16:45,2.37,65.96
2018-05-12 17:00,2.26,70.87
2018-05-12 17:15,2.03,70.06
2018-05-12 17:30,1.87,66.14
2018-05-12 17:45,1.25,67.77
2018-05-12 18:00,0.61,68.35
2018-05-12 18:15,0.19,68.72
2018-05-12 18:30,0.00,73.27
2018-05-12 18:45,0.00,75.43
2018-05-12 19:00,0.00,76.56
2018-05-12 19:15,0.00,78.64
2018-05-12 19:30,0.00,80.75
2018-05-12 19:45,0.00,81.43
2018-05-12 20:00,0.00,80.32
2018-05-12 20:15,0.00,81.14
2018-05-12 20:30,0.00,81.77
2018-05-12 20:45,0.00,83.33
2018-05-12 21:00,0.00,86.48
2018-05-12 21:15,0.00,89.66
2018-05-12 21:30,0.00,94.11
2018-05-12 21:45,0.00,93.99
2018-05-12 22:00,0.00,93.03
2018-05-12 22:15,0.00,96.07
2018-05-12 22:30,0.00,97.7
2018-05-12 22:45,0.00,93.98
2018-05-12 23:00,0.00,95.48
2018-05-12 23:15,0.00,98.69
2018-05-12 23:30,0.00,100.19
2018-05-12 23:45,0.00,104.25
2018-05-13 00:00,0.00,108.11
2018-05-13 00:15,0.00,108.88
2018-05-13 00:30,0.00,112.15
2018-05-13 00:45,0.00,115.44
2018-05-13 01:00,0.00,114.57
2018-05-13 01:15,0.00,112.57
2018-05-13 01:30,0.00,116.93
2018-05-13 01:45,0.00,113.2
2018-05-13 02:00,0.00,111.36
2018-05-13 02:15,0.00,110.59
2018-05-13 02:30,0.00,112.94
2018-05-13 02:45,0.00,109.43
2018-05-13 03:00,0.00,108.51
2018-05-13 03:15,0.00,106.4
2018-05-13 03:30,0.00,106.46
2018-05-13 03:45,0.00,104.67
2018-05-13 04:00,0.00,103.77
2018-05-13 04:15,0.00,103.61
2018-05-13 04:30,0.00,101.32
2018-05-13 04:45,0.00,98.88
2018-05-13 05:00,0.00,98.09
2018-05-13 05:15,0.00,85.78
2018-05-13 05:30,0.00,65.85
2018-05-13 05:45,0.05,63.08
2018-05-13 06:00,0.50,64.58
2018-05-13 06:15,1.31,63.11
2018-05-13 06:30,1.71,61.96
2018-05-13 06:45,1.84,61.27
2018-05-13 07:00,2.80,60.58
2018-05-13 07:15,4.16,60.29
2018-05-13 07:30,5.17,59.64
2018-05-13 07:45,6.53,60.03
2018-05-13 08:00,8.45,59.83
2018-05-13 08:15,8.53,59.11
2018-05-13 08:30,7.97,59.77
2018-05-13 08:45,11.54,58.69
2018-05-13 09:00,12.75,55.93
2018-05-13 09:15,13.01,54.92
2018-05-13 09:30,14.26,56.4
2018-05-13 09:45,12.85,54.71
2018-05-13 10:00,16.29,56.54
2018-05-13 10:15,17.58,52
2018-05-13 10:30,15.58,50.58
2018-05-13 10:45,11.86,49.79
2018-05-13 11:00,17.07,51.27
2018-05-13 11:15,7.33,47.13
2018-05-13 11:30,13.30,52.55
2018-05-13 11:45,18.42,50.17
2018-05-13 12:00,16.26,44.05
2018-05-13 12:15,11.70,45.27
2018-05-13 12:30,19.52,47.69
2018-05-13 12:45,14.27,42.95
2018-05-13 13:00,19.34,45.34
2018-05-13 13:15,14.03,39.85
2018-05-13 13:30,10.30,42.35
2018-05-13 13:45,3.12,47.64
2018-05-13 14:00,1.82,52.75
2018-05-13 14:15,1.57,52.27
2018-05-13 14:30,1.47,50.27
2018-05-13 14:45,1.62,49.14
2018-05-13 15:00,1.78,47.4
2018-05-13 15:15,1.76,45.4
2018-05-13 15:30,1.52,46.22
2018-05-13 15:45,1.71,45.13
2018-05-13 16:00,2.05,44.64
2018-05-13 16:15,2.32,44.38
2018-05-13 16:30,2.35,44.37
2018-05-13 16:45,2.16,44.34
2018-05-13 17:00,1.81,44.32
2018-05-13 17:15,1.44,48.19
2018-05-13 17:30,1.42,49.29
2018-05-13 17:45,1.36,49.55
2018-05-13 18:00,0.83,48.19
2018-05-13 18:15,0.34,47.35
2018-05-13 18:30,0.02,50.64
2018-05-13 18:45,0.00,51.42
2018-05-13 19:00,0.00,52.48
2018-05-13 19:15,0.00,54.21
2018-05-13 19:30,0.00,54.84
2018-05-13 19:45,0.00,56.4
2018-05-13 20:00,0.00,57.56
2018-05-13 20:15,0.00,59.93
2018-05-13 20:30,0.00,62.93
2018-05-13 20:45,0.00,62.85
2018-05-13 21:00,0.00,63.29
2018-05-13 21:15,0.00,62.53
2018-05-13 21:30,0.00,64.56
2018-05-13 21:45,0.00,67.12
2018-05-13 22:00,0.00,68.93
2018-05-13 22:15,0.00,73.43
2018-05-13 22:30,0.00,74.01
2018-05-13 22:45,0.00,73.03
2018-05-13 23:00,0.00,75.61
2018-05-13 23:15,0.00,79.61
2018-05-13 23:30,0.00,81.38
2018-05-13 23:45,0.00,83.93
2018-05-14 00:00,0.00,84.78
2018-05-14 00:15,0.00,84.82
2018-05-14 00:30,0.00,87.41
2018-05-14 00:45,0.00,90.22
2018-05-14 01:00,0.00,92.96
2018-05-14 01:15,0.00,93.57
2018-05-14 01:30,0.00,91.48
2018-05-14 01:45,0.00,93.28
2018-05-14 02:00,0.00,92.45
2018-05-14 02:15,0.00,93.77
2018-05-14 02:30,0.00,91.04
2018-05-14 02:45,0.00,88.16
2018-05-14 03:00,0.00,85.74
2018-05-14 03:15,0.00,84.93
2018-05-14 03:30,0.00,82.67
2018-05-14 03:45,0.00,83.64
2018-05-14 04:00,0.00,82.22
2018-05-14 04:15,0.00,81.04
2018-05-14 04:30,0.00,79.9
2018-05-14 04:45,0.00,77.48
2018-05-14 05:00,0.00,75.69
2018-05-14 05:15,0.00,77.2
2018-05-14 05:30,0.00,76.64
2018-05-14 05:45,0.00,76.17
2018-05-14 06:00,0.34,73.27
2018-05-14 06:15,0.72,72.29
2018-05-14 06:30,1.23,71.71
2018-05-14 06:45,1.65,69.91
2018-05-14 07:00,2.50,71.45
2018-05-14 07:15,3.30,71.22
2018-05-14 07:30,3.28,69.71
2018-05-14 07:45,6.22,67.69
2018-05-14 08:00,8.24,67.56
2018-05-14 08:15,9.63,65.77
2018-05-14 08:30,10.24,65.82
2018-05-14 08:45,11.04,66.11
2018-05-14 09:00,14.05,64.98
2018-05-14 09:15,14.13,63.51
2018-05-14 09:30,12.35,62.72
2018-05-14 09:45,16.05,63.38
2018-05-14 10:00,16.77,59.35
2018-05-14 10:15,16.91,58.71
2018-05-14 10:30,15.02,55.71
2018-05-14 10:45,13.89,57.16
2018-05-14 11:00,17.14,56.51
2018-05-14 11:15,16.18,52.55
2018-05-14 11:30,19.14,55.59
2018-05-14 11:45,15.30,49.82
2018-05-14 12:00,7.60,52.85
2018-05-14 12:15,16.64,57.35
2018-05-14 12:30,20.16,52.51
2018-05-14 12:45,17.90,47.77
2018-05-14 13:00,17.79,48.63
2018-05-14 13:15,5.94,49.13
2018-05-14 13:30,15.31,53.59
2018-05-14 13:45,18.08,47.19
2018-05-14 14:00,14.66,45.06
2018-05-14 14:15,3.55,48.08
2018-05-14 14:30,0.11,56.63
2018-05-14 14:45,0.03,55.3
2018-05-14 15:00,0.14,51.35
2018-05-14 15:15,0.27,47.32
2018-05-14 15:30,0.37,46.19
2018-05-14 15:45,0.37,45.16
2018-05-14 16:00,0.38,46.29
2018-05-14 16:15,0.56,46.66
2018-05-14 16:30,1.04,46.92
2018-05-14 16:45,1.84,48.24
2018-05-14 17:00,2.03,48.5
2018-05-14 17:15,0.98,48.96
2018-05-14 17:30,0.82,49.85
2018-05-14 17:45,0.82,51.95
2018-05-14 18:00,0.69,50.45
2018-05-14 18:15,0.34,51.16
2018-05-14 18:30,0.00,51.4
2018-05-14 18:45,0.00,55.84
2018-05-14 19:00,0.00,55.48
2018-05-14 19:15,0.00,55.63
2018-05-14 19:30,0.00,57.51
2018-05-14 19:45,0.00,60.37
2018-05-14 20:00,0.00,59.98
2018-05-14 20:15,0.00,60.27
2018-05-14 20:30,0.00,62.63
2018-05-14 20:45,0.00,65.25
2018-05-14 21:00,0.00,66.46
2018-05-14 21:15,0.00,68.61
2018-05-14 21:30,0.00,73.58
2018-05-14 21:45,0.00,76.09
2018-05-14 22:00,0.00,77.83
2018-05-14 22:15,0.00,80.74
2018-05-14 22:30,0.00,82.87
2018-05-14 22:45,0.00,84.49
2018-05-14 23:00,0.00,86.53
2018-05-14 23:15,0.00,90.51
2018-05-14 23:30,0.00,91.85
2018-05-14 23:45,0.00,93.01
2018-05-15 00:00,0.00,92.72
2018-05-15 00:15,0.00,96.25
2018-05-15 00:30,0.00,100.35
2018-05-15 00:45,0.00,98.24
2018-05-15 01:00,0.00,97.57
2018-05-15 01:15,0.00,99.4
2018-05-15 01:30,0.00,98.38
2018-05-15 01:45,0.00,97.11
2018-05-15 02:00,0.00,98.61
2018-05-15 02:15,0.00,96.41
2018-05-15 02:30,0.00,91.61
2018-05-15 02:45,0.00,89.66
2018-05-15 03:00,0.00,88.12
2018-05-15 03:15,0.00,86.99
2018-05-15 03:30,0.00,86.61
2018-05-15 03:45,0.00,87.32
2018-05-15 04:00,0.00,85.88
2018-05-15 04:15,0.00,84.67
2018-05-15 04:30,0.00,83.12
2018-05-15 04:45,0.00,82.45
2018-05-15 05:00,0.00,79.51
2018-05-15 05:15,0.00,79.64
2018-05-15 05:30,0.00,78.37
2018-05-15 05:45,0.02,77.38
2018-05-15 06:00,0.27,75.88
2018-05-15 06:15,0.66,75.69
2018-05-15 06:30,1.14,75.37
2018-05-15 06:45,1.86,71.82
2018-05-15 07:00,2.77,72.54
2018-05-15 07:15,3.86,72.58
2018-05-15 07:30,5.14,72.46
2018-05-15 07:45,6.37,73.46
2018-05-15 08:00,7.55,76.91
2018-05-15 08:15,8.86,73.45
2018-05-15 08:30,10.14,74.27
2018-05-15 08:45,11.42,76.96
2018-05-15 09:00,12.42,74.46
2018-05-15 09:15,13.31,67.22
2018-05-15 09:30,14.29,61.9
2018-05-15 09:45,15.06,56.8
2018-05-15 10:00,15.89,56.19
2018-05-15 10:15,13.31,54.04
2018-05-15 10:30,16.00,54.48
2018-05-15 10:45,17.86,50.34
2018-05-15 11:00,17.73,50.93
2018-05-15 11:15,19.07,50.37
2018-05-15 11:30,18.61,49.96
2018-05-15 11:45,18.77,48.84
2018-05-15 12:00,18.70,49.35
2018-05-15 12:15,20.48,49.9
2018-05-15 12:30,19.60,51.05
2018-05-15 12:45,7.52,54.45
2018-05-15 13:00,4.58,60.13
2018-05-15 13:15,1.54,60.58
2018-05-15 13:30,0.64,60.75
2018-05-15 13:45,0.18,59.06
2018-05-15 14:00,0.19,58.29
2018-05-15 14:15,0.53,58.92
2018-05-15 14:30,0.77,53.09
2018-05-15 14:45,0.94,50.74
2018-05-15 15:00,1.07,51.56
2018-05-15 15:15,1.28,50.5
2018-05-15 15:30,1.58,51.93
2018-05-15 15:45,2.13,51.66
2018-05-15 16:00,2.75,51.71
2018-05-15 16:15,3.49,51.29
2018-05-15 16:30,3.84,49.59
2018-05-15 16:45,3.82,51.01
2018-05-15 17:00,3.33,52.19
2018-05-15 17:15,2.50,54.54
2018-05-15 17:30,1.86,54.4
2018-05-15 17:45,1.38,55.77
2018-05-15 18:00,1.01,57.61
2018-05-15 18:15,0.35,58.63
2018-05-15 18:30,0.00,58.9
2018-05-15 18:45,0.00,62.14
2018-05-15 19:00,0.00,62.85
2018-05-15 19:15,0.00,66.22
2018-05-15 19:30,0.00,71.5
2018-05-15 19:45,0.00,69.35
2018-05-15 20:00,0.00,74.17
2018-05-15 20:15,0.00,72.87
2018-05-15 20:30,0.00,71.96
2018-05-15 20:45,0.00,76.35
2018-05-15 21:00,0.00,79.27
2018-05-15 21:15,0.00,79.54
2018-05-15 21:30,0.00,83.08
2018-05-15 21:45,0.00,84.16
2018-05-15 22:00,0.00,87.4
2018-05-15 22:15,0.00,90.33
2018-05-15 22:30,0.00,91.01
2018-05-15 22:45,0.00,92.11
2018-05-15 23:00,0.00,92.91
2018-05-15 23:15,0.00,97.56
2018-05-15 23:30,0.00,101.85
2018-05-15 23:45,0.00,105.4
2018-05-16 00:00,0.00,106.4
2018-05-16 00:15,0.00,108.4
2018-05-16 00:30,0.00,111.98
2018-05-16 00:45,0.00,111.51
2018-05-16 01:00,0.00,111.82
2018-05-16 01:15,0.00,111.54
2018-05-16 01:30,0.00,114.85
2018-05-16 01:45,0.00,112.57
2018-05-16 02:00,0.00,111.82
2018-05-16 02:15,0.00,108.75
2018-05-16 02:30,0.00,107.8
2018-05-16 02:45,0.00,104.33
2018-05-16 03:00,0.00,104.17
2018-05-16 03:15,0.00,101.17
2018-05-16 03:30,0.00,99.25
2018-05-16 03:45,0.00,99.57
2018-05-16 04:00,0.00,96.32
2018-05-16 04:15,0.00,95.14
2018-05-16 04:30,0.00,93.4
2018-05-16 04:45,0.00,92.16
2018-05-16 05:00,0.00,91.98
2018-05-16 05:15,0.00,89.61
2018-05-16 05:30,0.00,90.96
2018-05-16 05:45,0.05,87.38
2018-05-16 06:00,0.34,87.72
2018-05-16 06:15,0.83,88.06
2018-05-16 06:30,1.25,84.9
2018-05-16 06:45,1.76,112.01
2018-05-16 07:00,2.75,127.8
2018-05-16 07:15,3.84,130.09
2018-05-16 07:30,5.14,129.56
2018-05-16 07:45,6.45,131.85
2018-05-16 08:00,6.16,131.19
2018-05-16 08:15,7.12,136.36
2018-05-16 08:30,10.83,133.54
2018-05-16 08:45,11.20,127.8
2018-05-16 09:00,10.96,126.28
2018-05-16 09:15,14.00,120.07
2018-05-16 09:30,15.14,117.56
2018-05-16 09:45,14.43,115.9
2018-05-16 10:00,15.50,107.3
2018-05-16 10:15,16.37,104.49
2018-05-16 10:30,17.31,100.12
2018-05-16 10:45,15.55,92.57
2018-05-16 11:00,18.46,98.62
2018-05-16 11:15,14.16,97.12
2018-05-16 11:30,18.08,98.98
2018-05-16 11:45,18.05,96.03
2018-05-16 12:00,19.28,93.59
2018-05-16 12:15,12.62,94.96
2018-05-16 12:30,18.99,103.48
2018-05-16 12:45,19.07,96.49
2018-05-16 13:00,18.38,95.91
2018-05-16 13:15,16.14,93.82
2018-05-16 13:30,16.77,95.32
2018-05-16 13:45,14.62,90.72
2018-05-16 14:00,17.60,90.61
2018-05-16 14:15,12.72,89.3
2018-05-16 14:30,12.18,94.62
2018-05-16 14:45,7.47,95.27
2018-05-16 15:00,4.11,100.06
2018-05-16 15:15,9.07,99.43
2018-05-16 15:30,3.17,93.85
2018-05-16 15:45,1.87,100.38
2018-05-16 16:00,2.22,102.11
2018-05-16 16:15,3.46,102.77
2018-05-16 16:30,3.65,102.54
2018-05-16 16:45,3.71,102.2
2018-05-16 17:00,3.57,97.85
2018-05-16 17:15,2.64,101.67
2018-05-16 17:30,1.71,105.65
2018-05-16 17:45,1.22,104.57
2018-05-16 18:00,0.70,103.45
2018-05-16 18:15,0.42,105.35
2018-05-16 18:30,0.05,104.54
2018-05-16 18:45,0.00,107.78
2018-05-16 19:00,0.00,110.22
2018-05-16 19:15,0.00,110.69
2018-05-16 19:30,0.00,112.96
2018-05-16 19:45,0.00,114.9
2018-05-16 20:00,0.00,116.64
2018-05-16 20:15,0.00,115.59
2018-05-16 20:30,0.00,116.8
2018-05-16 20:45,0.00,118.93
2018-05-16 21:00,0.00,122.2
2018-05-16 21:15,0.00,127.27
2018-05-16 21:30,0.00,132.3
2018-05-16 21:45,0.00,137.17
2018-05-16 22:00,0.00,139.85
2018-05-16 22:15,0.00,147.18
2018-05-16 22:30,0.00,152.2
2018-05-16 22:45,0.00,153.78
2018-05-16 23:00,0.00,156.93
2018-05-16 23:15,0.00,163.15
2018-05-16 23:30,0.00,168.62
2018-05-16 23:45,0.00,175.91
2018-05-17 00:00,0.00,184.18
2018-05-17 00:15,0.00,185.29
2018-05-17 00:30,0.00,188.52
2018-05-17 00:45,0.00,188.15
2018-05-17 01:00,0.00,192.57
2018-05-17 01:15,0.00,194.39
2018-05-17 01:30,0.00,189.62
2018-05-17 01:45,0.00,188.78
2018-05-17 02:00,0.00,187.79
2018-05-17 02:15,0.00,188.46
2018-05-17 02:30,0.00,185.42
2018-05-17 02:45,0.00,184.7
2018-05-17 03:00,0.00,183.46
2018-05-17 03:15,0.00,181.25
2018-05-17 03:30,0.00,178.88
2018-05-17 03:45,0.00,175.86
2018-05-17 04:00,0.00,173.57
2018-05-17 04:15,0.00,169.39
2018-05-17 04:30,0.00,167.75
2018-05-17 04:45,0.00,165.83
2018-05-17 05:00,0.00,165.44
2018-05-17 05:15,0.00,164.54
2018-05-17 05:30,0.00,162.59
2018-05-17 05:45,0.02,160.13
2018-05-17 06:00,0.35,160.68
2018-05-17 06:15,0.72,155.34
2018-05-17 06:30,1.22,151.99
2018-05-17 06:45,1.97,151.09
2018-05-17 07:00,2.74,148.41
2018-05-17 07:15,2.96,146.07
2018-05-17 07:30,4.50,147.93
2018-05-17 07:45,6.26,147.12
2018-05-17 08:00,6.48,147.54
2018-05-17 08:15,6.43,152.25
2018-05-17 08:30,8.50,151.55
2018-05-17 08:45,5.57,140.65
2018-05-17 09:00,2.80,138.54
2018-05-17 09:15,9.28,136.83
2018-05-17 09:30,14.03,123.52
2018-05-17 09:45,6.48,115.8
2018-05-17 10:00,12.00,112.38
2018-05-17 10:15,16.48,104.03
2018-05-17 10:30,18.96,102.07
2018-05-17 10:45,7.52,99.51
2018-05-17 11:00,3.94,111.98
2018-05-17 11:15,3.76,104.88
2018-05-17 11:30,0.32,104.27
2018-05-17 11:45,0.93,100.65
2018-05-17 12:00,2.61,92.33
2018-05-17 12:15,6.70,88.54
2018-05-17 12:30,8.90,88.16
2018-05-17 12:45,12.70,86.43
2018-05-17 13:00,12.83,80.27
2018-05-17 13:15,14.10,84.14
2018-05-17 13:30,15.74,79.99
2018-05-17 13:45,16.98,81.22
2018-05-17 14:00,16.10,80.91
2018-05-17 14:15,15.17,88.06
2018-05-17 14:30,15.26,89.82
2018-05-17 14:45,14.66,88.09
2018-05-17 15:00,13.12,91.9
2018-05-17 15:15,11.84,90.72
2018-05-17 15:30,10.98,92.28
2018-05-17 15:45,9.34,90.33
2018-05-17 16:00,8.06,97.7
2018-05-17 16:15,6.69,96.38
2018-05-17 16:30,5.52,101.75
2018-05-17 16:45,4.40,99.51
2018-05-17 17:00,2.82,104.72
2018-05-17 17:15,2.32,105.49
2018-05-17 17:30,2.22,102.38
2018-05-17 17:45,1.55,107.67
2018-05-17 18:00,0.80,108.2
2018-05-17 18:15,0.29,106.57
2018-05-17 18:30,0.00,107.74
2018-05-17 18:45,0.00,103.62
2018-05-17 19:00,0.00,103.64
2018-05-17 19:15,0.00,105.44
2018-05-17 19:30,0.00,110.93
2018-05-17 19:45,0.00,115.23
2018-05-17 20:00,0.00,117.11
2018-05-17 20:15,0.00,118.04
2018-05-17 20:30,0.00,120.12
2018-05-17 20:45,0.00,124.72
2018-05-17 21:00,0.00,129.51
2018-05-17 21:15,0.00,134.48
2018-05-17 21:30,0.00,96.53
2018-05-17 21:45,0.00,85.99
2018-05-17 22:00,0.00,88.04
2018-05-17 22:15,0.00,101.62
2018-05-17 22:30,0.00,105.53
2018-05-17 22:45,0.00,109.75
2018-05-17 23:00,0.00,109.01
2018-05-17 23:15,0.00,110.9
2018-05-17 23:30,0.00,116.22
2018-05-17 23:45,0.00,119.65
2018-05-18 00:00,0.00,120.36
2018-05-18 00:15,0.00,124.15
2018-05-18 00:30,0.00,127.14
2018-05-18 00:45,0.00,129.14
2018-05-18 01:00,0.00,132.23
2018-05-18 01:15,0.00,154.17
2018-05-18 01:30,0.00,195.42
2018-05-18 01:45,0.00,193.92
2018-05-18 02:00,0.00,189.57
2018-05-18 02:15,0.00,187.15
2018-05-18 02:30,0.00,185.46
2018-05-18 02:45,0.00,182.28
2018-05-18 03:00,0.00,183.59
2018-05-18 03:15,0.00,177.25
2018-05-18 03:30,0.00,172.17
2018-05-18 03:45,0.00,171.47
2018-05-18 04:00,0.00,166.18
2018-05-18 04:15,0.00,164.33
2018-05-18 04:30,0.00,159.83
2018-05-18 04:45,0.00,160.04
2018-05-18 05:00,0.00,157.59
2018-05-18 05:15,0.00,157.75
2018-05-18 05:30,0.00,158.7
2018-05-18 05:45,0.03,154.68
2018-05-18 06:00,0.42,156.81
2018-05-18 06:15,0.93,150.35
2018-05-18 06:30,1.20,146.44
2018-05-18 06:45,1.76,144.09
2018-05-18 07:00,2.13,141.59
2018-05-18 07:15,3.06,139.1
2018-05-18 07:30,3.92,141.36
2018-05-18 07:45,7.25,143.94
2018-05-18 08:00,7.95,147.68
2018-05-18 08:15,9.84,145.96
2018-05-18 08:30,11.49,140.1
2018-05-18 08:45,10.21,143.73
2018-05-18 09:00,6.50,139.88
2018-05-18 09:15,8.66,135.86
2018-05-18 09:30,13.92,130.72
2018-05-18 09:45,15.18,120.41
2018-05-18 10:00,13.54,116.82
2018-05-18 10:15,13.95,115.41
2018-05-18 10:30,17.97,105.43
2018-05-18 10:45,7.58,100.01
2018-05-18 11:00,1.81,104.82
2018-05-18 11:15,4.88,102.65
2018-05-18 11:30,16.14,93.01
2018-05-18 11:45,5.71,84.85
2018-05-18 12:00,3.25,92.82
2018-05-18 12:15,2.24,86.61
2018-05-18 12:30,1.73,91.82
2018-05-18 12:45,1.60,86.43
2018-05-18 13:00,1.58,87.2
2018-05-18 13:15,1.86,86.85
2018-05-18 13:30,2.62,82.32
2018-05-18 13:45,3.84,77.41
2018-05-18 14:00,5.14,76.61
2018-05-18 14:15,6.54,75.8
2018-05-18 14:30,7.84,77.66
2018-05-18 14:45,8.38,81.16
2018-05-18 15:00,8.29,79.06
2018-05-18 15:15,9.20,78.96
2018-05-18 15:30,9.84,75.37
2018-05-18 15:45,8.32,77.41
2018-05-18 16:00,8.93,83.93
2018-05-18 16:15,9.28,80.53
2018-05-18 16:30,7.89,79.29
2018-05-18 16:45,6.70,81.58
2018-05-18 17:00,5.18,85.49
2018-05-18 17:15,3.63,89.49
2018-05-18 17:30,2.46,84.62
2018-05-18 17:45,1.58,87.46
2018-05-18 18:00,0.85,86.49
2018-05-18 18:15,0.32,85.28
2018-05-18 18:30,0.00,87.72
2018-05-18 18:45,0.00,92.69
2018-05-18 19:00,0.00,92.67
2018-05-18 19:15,0.00,92.88
2018-05-18 19:30,0.00,97.46
2018-05-18 19:45,0.00,99.15
2018-05-18 20:00,0.00,101.11
2018-05-18 20:15,0.00,104.88
2018-05-18 20:30,0.00,102.98
2018-05-18 20:45,0.00,110.62
2018-05-18 21:00,0.00,109.61
2018-05-18 21:15,0.00,111.35
2018-05-18 21:30,0.00,111.44
2018-05-18 21:45,0.00,114.57
2018-05-18 22:00,0.00,116.06
2018-05-18 22:15,0.00,121.54
2018-05-18 22:30,0.00,121.75
2018-05-18 22:45,0.00,126.7
2018-05-18 23:00,0.00,127.77
2018-05-18 23:15,0.00,128.73
2018-05-18 23:30,0.00,135.6
2018-05-18 23:45,0.00,137.25
2018-05-19 00:00,0.00,141.8
2018-05-19 00:15,0.00,144.15
2018-05-19 00:30,0.00,149.76
2018-05-19 00:45,0.00,153.73
2018-05-19 01:00,0.00,155.93
2018-05-19 01:15,0.00,159.28
2018-05-19 01:30,0.00,161.75
2018-05-19 01:45,0.00,159.65
2018-05-19 02:00,0.00,160.72
2018-05-19 02:15,0.00,155.49
2018-05-19 02:30,0.00,153.97
2018-05-19 02:45,0.00,149.94
2018-05-19 03:00,0.00,148.52
2018-05-19 03:15,0.00,148.62
2018-05-19 03:30,0.00,145.62
2018-05-19 03:45,0.00,145.2
2018-05-19 04:00,0.00,140.73
2018-05-19 04:15,0.00,136.33
2018-05-19 04:30,0.00,135.28
2018-05-19 04:45,0.00,134.6
2018-05-19 05:00,0.00,131.67
2018-05-19 05:15,0.00,131.98
2018-05-19 05:30,0.00,130.77
2018-05-19 05:45,0.00,129.33
2018-05-19 06:00,0.21,129.64
2018-05-19 06:15,0.34,127.86
2018-05-19 06:30,0.51,123.3
2018-05-19 06:45,0.59,121.35
2018-05-19 07:00,0.80,120.83
2018-05-19 07:15,2.69,118.67
2018-05-19 07:30,5.20,116.65
2018-05-19 07:45,6.69,117.06
2018-05-19 08:00,8.08,115.14
2018-05-19 08:15,9.36,116.98
2018-05-19 08:30,10.56,114.28
2018-05-19 08:45,11.57,119.51
2018-05-19 09:00,12.54,113.8
2018-05-19 09:15,13.70,106.69
2018-05-19 09:30,14.77,106.65
2018-05-19 09:45,14.75,104.09
2018-05-19 10:00,16.19,107.91
2018-05-19 10:15,17.70,103.06
2018-05-19 10:30,17.30,96.86
2018-05-19 10:45,16.78,98.57
2018-05-19 11:00,20.43,97.8
2018-05-19 11:15,12.21,94.67
2018-05-19 11:30,8.72,100.33
2018-05-19 11:45,7.52,104.74
2018-05-19 12:00,6.93,102.2
2018-05-19 12:15,4.77,94.51
2018-05-19 12:30,1.46,93.61
2018-05-19 12:45,1.41,91.03
2018-05-19 13:00,1.65,84.75
2018-05-19 13:15,2.00,79.51
2018-05-19 13:30,2.40,78.48
2018-05-19 13:45,3.06,74.11
2018-05-19 14:00,4.26,77.53
2018-05-19 14:15,5.20,76.35
2018-05-19 14:30,5.01,74.45
2018-05-19 14:45,4.37,76.03
2018-05-19 15:00,3.94,77.58
2018-05-19 15:15,3.81,74.69
2018-05-19 15:30,4.16,75.72
2018-05-19 15:45,5.73,79.75
2018-05-19 16:00,6.72,79.87
2018-05-19 16:15,2.88,83.01
2018-05-19 16:30,5.07,80.56
2018-05-19 16:45,4.50,76.98
2018-05-19 17:00,2.82,76.79
2018-05-19 17:15,2.05,83.25
2018-05-19 17:30,1.30,81.17
2018-05-19 17:45,0.88,80.59
2018-05-19 18:00,0.54,80.95
2018-05-19 18:15,0.21,80.4
2018-05-19 18:30,0.00,80.59
2018-05-19 18:45,0.00,84.98
2018-05-19 19:00,0.00,86.58
2018-05-19 19:15,0.00,89.49
2018-05-19 19:30,0.00,92.06
2018-05-19 19:45,0.00,93.64
2018-05-19 20:00,0.00,95.78
2018-05-19 20:15,0.00,98.27
2018-05-19 20:30,0.00,100.07
2018-05-19 20:45,0.00,105.72
2018-05-19 21:00,0.00,102.43
2018-05-19 21:15,0.00,103.25
2018-05-19 21:30,0.00,105.43
2018-05-19 21:45,0.00,106.85
2018-05-19 22:00,0.00,111.67
2018-05-19 22:15,0.00,115.19
2018-05-19 22:30,0.00,119.17
2018-05-19 22:45,0.00,122.75
2018-05-19 23:00,0.00,124.72
2018-05-19 23:15,0.00,125.81
2018-05-19 23:30,0.00,133.88
2018-05-19 23:45,0.00,134.8
2018-05-20 00:00,0.00,137.25
2018-05-20 00:15,0.00,141.27
2018-05-20 00:30,0.00,148.06
2018-05-20 00:45,0.00,150.67
2018-05-20 01:00,0.00,152.31
2018-05-20 01:15,0.00,155.26
2018-05-20 01:30,0.00,153.68
2018-05-20 01:45,0.00,156.94
2018-05-20 02:00,0.00,161.72
2018-05-20 02:15,0.00,157.33
2018-05-20 02:30,0.00,153.93
2018-05-20 02:45,0.00,151.2
2018-05-20 03:00,0.00,148.86
2018-05-20 03:15,0.00,148.28
2018-05-20 03:30,0.00,148.51
2018-05-20 03:45,0.00,147.6
2018-05-20 04:00,0.00,147.73
2018-05-20 04:15,0.00,144.59
2018-05-20 04:30,0.00,138.31
2018-05-20 04:45,0.00,137.14
2018-05-20 05:00,0.00,138.51
2018-05-20 05:15,0.00,137.54
2018-05-20 05:30,0.00,135.78
2018-05-20 05:45,0.00,131.8
2018-05-20 06:00,0.22,130.33
2018-05-20 06:15,0.61,128.15
2018-05-20 06:30,0.98,124.57
2018-05-20 06:45,1.66,124.51
2018-05-20 07:00,2.85,122.9
2018-05-20 07:15,4.06,122.52
2018-05-20 07:30,5.50,118.91
2018-05-20 07:45,6.72,118.48
2018-05-20 08:00,8.02,118.57
2018-05-20 08:15,8.24,119.3
2018-05-20 08:30,10.16,120.54
2018-05-20 08:45,11.07,117.07
2018-05-20 09:00,12.11,118.06
2018-05-20 09:15,13.26,113.23
2018-05-20 09:30,14.34,113.49
2018-05-20 09:45,15.30,114.19
2018-05-20 10:00,16.05,118.07
2018-05-20 10:15,16.96,111.41
2018-05-20 10:30,15.98,108.98
2018-05-20 10:45,17.57,106.51
2018-05-20 11:00,16.32,105.56
2018-05-20 11:15,14.98,103.43
2018-05-20 11:30,18.88,101.15
2018-05-20 11:45,17.73,94.74
2018-05-20 12:00,18.62,96.25
2018-05-20 12:15,14.16,91.99
2018-05-20 12:30,10.67,93.25
2018-05-20 12:45,18.38,92.72
2018-05-20 13:00,16.62,83.99
2018-05-20 13:15,18.74,90.03
2018-05-20 13:30,14.34,83.69
2018-05-20 13:45,9.95,88.69
2018-05-20 14:00,4.18,97.48
2018-05-20 14:15,3.47,99.99
2018-05-20 14:30,2.42,98.53
2018-05-20 14:45,1.20,94.72
2018-05-20 15:00,0.85,92.07
2018-05-20 15:15,0.94,86.04
2018-05-20 15:30,1.25,79.96
2018-05-20 15:45,1.34,78.24
2018-05-20 16:00,1.33,81.51
2018-05-20 16:15,1.26,78.96
2018-05-20 16:30,1.28,78.66
2018-05-20 16:45,1.38,77.35
2018-05-20 17:00,1.49,80.2
2018-05-20 17:15,1.44,84.96
2018-05-20 17:30,1.23,81.95
2018-05-20 17:45,1.04,84.38
2018-05-20 18:00,0.70,88.66
2018-05-20 18:15,0.32,83.25
2018-05-20 18:30,0.00,89.07
2018-05-20 18:45,0.00,94.46
2018-05-20 19:00,0.00,96.48
2018-05-20 19:15,0.00,97.93
2018-05-20 19:30,0.00,98.88
2018-05-20 19:45,0.00,102.82
2018-05-20 20:00,0.00,108.3
2018-05-20 20:15,0.00,110.41
2018-05-20 20:30,0.00,109.62
2018-05-20 20:45,0.00,113.53
2018-05-20 21:00,0.00,114.23
2018-05-20 21:15,0.00,119.59
2018-05-20 21:30,0.00,127.04
2018-05-20 21:45,0.00,128.07
2018-05-20 22:00,0.00,132.73
2018-05-20 22:15,0.00,136.62
2018-05-20 22:30,0.00,138.89
2018-05-20 22:45,0.00,142.41
2018-05-20 23:00,0.00,149.81
2018-05-20 23:15,0.00,154.76
2018-05-20 23:30,0.00,157.02
2018-05-20 23:45,0.00,159.01
2018-05-21 00:00,0.00,166.07
2018-05-21 00:15,0.00,169.75
2018-05-21 00:30,0.00,173.67
2018-05-21 00:45,0.00,177.31
2018-05-21 01:00,0.00,176.84
2018-05-21 01:15,0.00,180
2018-05-21 01:30,0.00,174.89
2018-05-21 01:45,0.00,171.23
2018-05-21 02:00,0.00,170.54
2018-05-21 02:15,0.00,165.99
2018-05-21 02:30,0.00,165.17
2018-05-21 02:45,0.00,160.31
2018-05-21 03:00,0.00,159.94
2018-05-21 03:15,0.00,157.64
2018-05-21 03:30,0.00,154.25
2018-05-21 03:45,0.00,153.8
2018-05-21 04:00,0.00,150.15
2018-05-21 04:15,0.00,149.75
2018-05-21 04:30,0.00,148.2
2018-05-21 04:45,0.00,145.38
2018-05-21 05:00,0.00,146.3
2018-05-21 05:15,0.00,147.1
2018-05-21 05:30,0.00,143.56
2018-05-21 05:45,0.02,139.38
2018-05-21 06:00,0.40,138.14
2018-05-21 06:15,0.85,132.09
2018-05-21 06:30,1.39,134.28
2018-05-21 06:45,1.92,132.64
2018-05-21 07:00,2.90,135.99
2018-05-21 07:15,3.57,133.02
2018-05-21 07:30,5.18,132.72
2018-05-21 07:45,6.19,131.12
2018-05-21 08:00,7.54,125.12
2018-05-21 08:15,8.54,123.67
2018-05-21 08:30,9.97,114.51
2018-05-21 08:45,10.91,108.49
2018-05-21 09:00,11.98,102.83
2018-05-21 09:15,13.39,100.57
2018-05-21 09:30,10.69,103.62
2018-05-21 09:45,10.64,103.48
2018-05-21 10:00,12.45,99.86
2018-05-21 10:15,9.09,99.19
2018-05-21 10:30,16.13,101.69
2018-05-21 10:45,15.95,96.32
2018-05-21 11:00,13.57,92.59
2018-05-21 11:15,16.67,93.88
2018-05-21 11:30,18.67,96.61
2018-05-21 11:45,18.59,92.32
2018-05-21 12:00,14.78,89.35
2018-05-21 12:15,9.15,95.99
2018-05-21 12:30,20.56,97.69
2018-05-21 12:45,17.23,89.19
2018-05-21 13:00,18.42,96.62
2018-05-21 13:15,4.24,93.11
2018-05-21 13:30,3.98,100.85
2018-05-21 13:45,5.90,93.57
2018-05-21 14:00,6.70,87.93
2018-05-21 14:15,5.54,88.28
2018-05-21 14:30,5.12,89.88
2018-05-21 14:45,4.78,97.09
2018-05-21 15:00,5.04,94.8
2018-05-21 15:15,5.63,92.06
2018-05-21 15:30,6.37,94.69
2018-05-21 15:45,7.31,95.7
2018-05-21 16:00,7.50,96.01
2018-05-21 16:15,7.10,90.33
2018-05-21 16:30,7.41,97.14
2018-05-21 16:45,6.32,97.99
2018-05-21 17:00,4.30,101.59
2018-05-21 17:15,2.46,103.72
2018-05-21 17:30,1.26,104.28
2018-05-21 17:45,0.61,106.75
2018-05-21 18:00,0.30,108.56
2018-05-21 18:15,0.00,104.3
2018-05-21 18:30,0.00,104.49
2018-05-21 18:45,0.00,107.24
2018-05-21 19:00,0.00,108.12
2018-05-21 19:15,0.00,113.49
2018-05-21 19:30,0.00,116.9
2018-05-21 19:45,0.00,119.54
2018-05-21 20:00,0.00,122.78
2018-05-21 20:15,0.00,118.8
2018-05-21 20:30,0.00,122.78
2018-05-21 20:45,0.00,125.12
2018-05-21 21:00,0.00,134.31
2018-05-21 21:15,0.00,131.54
2018-05-21 21:30,0.00,132.28
2018-05-21 21:45,0.00,133.43
2018-05-21 22:00,0.00,135.81
2018-05-21 22:15,0.00,142.18
2018-05-21 22:30,0.00,145.68
2018-05-21 22:45,0.00,143.12
2018-05-21 23:00,0.00,147.83
2018-05-21 23:15,0.00,154.54
2018-05-21 23:30,0.00,159.83
2018-05-21 23:45,0.00,166.09
2018-05-22 00:00,0.00,168.97
2018-05-22 00:15,0.00,171.84
2018-05-22 00:30,0.00,177.7
2018-05-22 00:45,0.00,181.81
2018-05-22 01:00,0.00,181.23
2018-05-22 01:15,0.00,182.29
2018-05-22 01:30,0.00,177.26
2018-05-22 01:45,0.00,178.21
2018-05-22 02:00,0.00,175.94
2018-05-22 02:15,0.00,177.34
2018-05-22 02:30,0.00,173.83
2018-05-22 02:45,0.00,166.47
2018-05-22 03:00,0.00,163.25
2018-05-22 03:15,0.00,160.78
2018-05-22 03:30,0.00,157.73
2018-05-22 03:45,0.00,157.1
2018-05-22 04:00,0.00,152.76
2018-05-22 04:15,0.00,147.86
2018-05-22 04:30,0.00,148.44
2018-05-22 04:45,0.00,146.17
2018-05-22 05:00,0.00,144.7
2018-05-22 05:15,0.00,148.25
2018-05-22 05:30,0.00,143.81
2018-05-22 05:45,0.02,142.3
2018-05-22 06:00,0.38,141.52
2018-05-22 06:15,0.93,136.1
2018-05-22 06:30,1.63,132.59
2018-05-22 06:45,2.50,133.72
2018-05-22 07:00,3.95,134.09
2018-05-22 07:15,4.14,133.25
2018-05-22 07:30,4.62,134.15
2018-05-22 07:45,5.28,131.06
2018-05-22 08:00,6.00,130.15
2018-05-22 08:15,8.26,127.01
2018-05-22 08:30,9.46,118.04
2018-05-22 08:45,9.89,116.06
2018-05-22 09:00,11.28,106.78
2018-05-22 09:15,10.53,95.96
2018-05-22 09:30,7.34,96.3
2018-05-22 09:45,5.36,98.06
2018-05-22 10:00,7.12,98.75
2018-05-22 10:15,11.90,96.62
2018-05-22 10:30,11.20,90.64
2018-05-22 10:45,9.12,91.98
2018-05-22 11:00,9.71,90.54
2018-05-22 11:15,14.38,85.11
2018-05-22 11:30,11.44,87.01
2018-05-22 11:45,4.32,88.51
2018-05-22 12:00,2.43,95.59
2018-05-22 12:15,6.21,91.88
2018-05-22 12:30,8.34,85.11
2018-05-22 12:45,10.86,79.43
2018-05-22 13:00,16.21,79.45
2018-05-22 13:15,18.78,75.22
2018-05-22 13:30,10.82,78.27
2018-05-22 13:45,6.03,87.93
2018-05-22 14:00,4.67,97.4
2018-05-22 14:15,3.68,95.25
2018-05-22 14:30,2.53,91.64
2018-05-22 14:45,2.98,95.72
2018-05-22 15:00,3.47,96.69
2018-05-22 15:15,4.11,93.25
2018-05-22 15:30,3.78,87.2
2018-05-22 15:45,3.18,89.83
2018-05-22 16:00,3.14,91.85
2018-05-22 16:15,3.04,88.03
2018-05-22 16:30,2.80,83.45
2018-05-22 16:45,2.40,86.78
2018-05-22 17:00,2.02,87.67
2018-05-22 17:15,1.82,89.95
2018-05-22 17:30,1.44,92.16
2018-05-22 17:45,0.91,90.43
2018-05-22 18:00,0.46,92.37
2018-05-22 18:15,0.13,89.03
2018-05-22 18:30,0.00,91.38
2018-05-22 18:45,0.00,95.19
2018-05-22 19:00,0.00,95.86
2018-05-22 19:15,0.00,97.9
2018-05-22 19:30,0.00,98.61
2018-05-22 19:45,0.00,98.62
2018-05-22 20:00,0.00,99.35
2018-05-22 20:15,0.00,97.32
2018-05-22 20:30,0.00,100.83
2018-05-22 20:45,0.00,101.04
2018-05-22 21:00,0.00,102.35
2018-05-22 21:15,0.00,106.67
2018-05-22 21:30,0.00,107.94
2018-05-22 21:45,0.00,110.93
2018-05-22 22:00,0.00,114.2
2018-05-22 22:15,0.00,117.36
2018-05-22 22:30,0.00,122.33
2018-05-22 22:45,0.00,122.04
2018-05-22 23:00,0.00,126.62
2018-05-22 23:15,0.00,130.35
2018-05-22 23:30,0.00,134.59
2018-05-22 23:45,0.00,138.68
2018-05-23 00:00,0.00,143.85
2018-05-23 00:15,0.00,149.88
2018-05-23 00:30,0.00,153.09
2018-05-23 00:45,0.00,155.07
2018-05-23 01:00,0.00,158.38
2018-05-23 01:15,0.00,165.52
2018-05-23 01:30,0.00,156.25
2018-05-23 01:45,0.00,152.81
2018-05-23 02:00,0.00,152.41
2018-05-23 02:15,0.00,149.67
2018-05-23 02:30,0.00,150.57
2018-05-23 02:45,0.00,148.26
2018-05-23 03:00,0.00,143.36
2018-05-23 03:15,0.00,136.73
2018-05-23 03:30,0.00,136.91
2018-05-23 03:45,0.00,137.28
2018-05-23 04:00,0.00,134.01
2018-05-23 04:15,0.00,130.36
2018-05-23 04:30,0.00,131.83
2018-05-23 04:45,0.00,130.46
2018-05-23 05:00,0.00,127.7
2018-05-23 05:15,0.00,128.83
2018-05-23 05:30,0.00,129.77
2018-05-23 05:45,0.03,127.46
2018-05-23 06:00,0.27,127.09
2018-05-23 06:15,0.70,125.69
2018-05-23 06:30,1.22,120.35
2018-05-23 06:45,1.74,117.75
2018-05-23 07:00,2.32,117.72
2018-05-23 07:15,3.60,114.9
2018-05-23 07:30,4.67,116.23
2018-05-23 07:45,6.00,117.41
2018-05-23 08:00,7.58,116.06
2018-05-23 08:15,9.02,115.65
2018-05-23 08:30,10.59,108.98
2018-05-23 08:45,11.46,102.45
2018-05-23 09:00,12.53,98.85
2018-05-23 09:15,13.09,94.17
2018-05-23 09:30,11.33,96.78
2018-05-23 09:45,15.14,94.14
2018-05-23 10:00,14.83,90.75
2018-05-23 10:15,16.66,89.77
2018-05-23 10:30,11.34,91.99
2018-05-23 10:45,6.48,94.28
2018-05-23 11:00,16.90,89.9
2018-05-23 11:15,14.35,76.03
2018-05-23 11:30,17.66,82.22
2018-05-23 11:45,15.42,78
2018-05-23 12:00,11.73,77.58
2018-05-23 12:15,11.84,83.67
2018-05-23 12:30,13.81,81.62
2018-05-23 12:45,16.42,79.72
2018-05-23 13:00,7.63,81.54
2018-05-23 13:15,10.40,83.62
2018-05-23 13:30,15.18,82.66
2018-05-23 13:45,9.71,87.48
2018-05-23 14:00,5.57,90.57
2018-05-23 14:15,11.78,96.4
2018-05-23 14:30,15.97,86.91
2018-05-23 14:45,12.77,87.33
2018-05-23 15:00,10.46,87.37
2018-05-23 15:15,13.74,87.25
2018-05-23 15:30,10.06,86.32
2018-05-23 15:45,5.89,91.37
2018-05-23 16:00,1.25,99.09
2018-05-23 16:15,0.94,99.61
2018-05-23 16:30,1.15,94.61
2018-05-23 16:45,1.97,93.93
2018-05-23 17:00,2.61,86.27
2018-05-23 17:15,2.29,85.95
2018-05-23 17:30,1.28,83.08
2018-05-23 17:45,0.82,85.11
2018-05-23 18:00,0.54,88.66
2018-05-23 18:15,0.19,83.7
2018-05-23 18:30,0.00,91.48
2018-05-23 18:45,0.00,90.99
2018-05-23 19:00,0.00,94.22
2018-05-23 19:15,0.00,95.22
2018-05-23 19:30,0.00,94.03
2018-05-23 19:45,0.00,96.48
2018-05-23 20:00,0.00,96.96
2018-05-23 20:15,0.00,96.24
2018-05-23 20:30,0.00,100.25
2018-05-23 20:45,0.00,100.74
2018-05-23 21:00,0.00,104.4
2018-05-23 21:15,0.00,106.69
2018-05-23 21:30,0.00,108.41
2018-05-23 21:45,0.00,114.4
2018-05-23 22:00,0.00,116.65
2018-05-23 22:15,0.00,121.83
2018-05-23 22:30,0.00,128.78
2018-05-23 22:45,0.00,130.99
2018-05-23 23:00,0.00,132.35
2018-05-23 23:15,0.00,137.23
2018-05-23 23:30,0.00,139.86
2018-05-23 23:45,0.00,142.14
2018-05-24 00:00,0.00,150.36
2018-05-24 00:15,0.00,154.51
2018-05-24 00:30,0.00,153.1
2018-05-24 00:45,0.00,154.36
2018-05-24 01:00,0.00,155.34
2018-05-24 01:15,0.00,157.68
2018-05-24 01:30,0.00,156.96
2018-05-24 01:45,0.00,155.99
2018-05-24 02:00,0.00,157.54
2018-05-24 02:15,0.00,154.97
2018-05-24 02:30,0.00,149.67
2018-05-24 02:45,0.00,148.09
2018-05-24 03:00,0.00,139.96
2018-05-24 03:15,0.00,145.57
2018-05-24 03:30,0.00,144.68
2018-05-24 03:45,0.00,145.09
2018-05-24 04:00,0.00,141.3
2018-05-24 04:15,0.00,138.65
2018-05-24 04:30,0.00,136.25
2018-05-24 04:45,0.00,132.56
2018-05-24 05:00,0.00,127.1
2018-05-24 05:15,0.00,126.56
2018-05-24 05:30,0.00,128.75
2018-05-24 05:45,0.00,125.81
2018-05-24 06:00,0.22,122.09
2018-05-24 06:15,0.54,120.11
2018-05-24 06:30,0.61,118.28
2018-05-24 06:45,1.68,118.54
2018-05-24 07:00,2.22,115.59
2018-05-24 07:15,2.80,117.8
2018-05-24 07:30,3.36,119.48
2018-05-24 07:45,3.86,116.9
2018-05-24 08:00,4.16,109.48
2018-05-24 08:15,4.62,108.01
2018-05-24 08:30,5.20,109.53
2018-05-24 08:45,5.76,100.98
2018-05-24 09:00,7.66,94.77
2018-05-24 09:15,9.34,91.66
2018-05-24 09:30,11.09,91.09
2018-05-24 09:45,11.41,89.99
2018-05-24 10:00,15.58,85.83
2018-05-24 10:15,16.64,82.77
2018-05-24 10:30,9.65,82.83
2018-05-24 10:45,6.43,90.3
2018-05-24 11:00,12.69,83.88
2018-05-24 11:15,12.53,81.24
2018-05-24 11:30,15.20,82.83
2018-05-24 11:45,15.20,75.41
2018-05-24 12:00,17.57,75.08
2018-05-24 12:15,20.91,74.51
2018-05-24 12:30,22.69,75.53
2018-05-24 12:45,16.75,67.3
2018-05-24 13:00,17.87,74.01
2018-05-24 13:15,17.38,71.91
2018-05-24 13:30,15.01,77.62
2018-05-24 13:45,12.14,80.77
2018-05-24 14:00,15.92,83.01
2018-05-24 14:15,13.60,88.08
2018-05-24 14:30,14.61,91.12
2018-05-24 14:45,13.71,89.49
2018-05-24 15:00,13.98,93.14
2018-05-24 15:15,12.98,89.64
2018-05-24 15:30,11.86,91.64
2018-05-24 15:45,10.40,91.51
2018-05-24 16:00,8.93,92.51
2018-05-24 16:15,7.18,91.53
2018-05-24 16:30,5.86,92.16
2018-05-24 16:45,4.03,92.11
2018-05-24 17:00,2.67,95.28
2018-05-24 17:15,2.16,94.85
2018-05-24 17:30,1.06,92.11
2018-05-24 17:45,0.51,95.51
2018-05-24 18:00,0.16,92.19
2018-05-24 18:15,0.03,94.9
2018-05-24 18:30,0.00,97.69
2018-05-24 18:45,0.00,98.95
2018-05-24 19:00,0.00,100.07
2018-05-24 19:15,0.00,106.24
2018-05-24 19:30,0.00,104.78
2018-05-24 19:45,0.00,105.48
2018-05-24 20:00,0.00,108.48
2018-05-24 20:15,0.00,107.24
2018-05-24 20:30,0.00,111.04
2018-05-24 20:45,0.00,111.8
2018-05-24 21:00,0.00,113.33
2018-05-24 21:15,0.00,114.62
2018-05-24 21:30,0.00,117.85
2018-05-24 21:45,0.00,120.3
2018-05-24 22:00,0.00,118.69
2018-05-24 22:15,0.00,125.15
2018-05-24 22:30,0.00,129.83
2018-05-24 22:45,0.00,130.23
2018-05-24 23:00,0.00,130.39
2018-05-24 23:15,0.00,132.48
2018-05-24 23:30,0.00,134.39
2018-05-24 23:45,0.00,137.06
2018-05-25 00:00,0.00,142.83
2018-05-25 00:15,0.00,146.56
2018-05-25 00:30,0.00,153.8
2018-05-25 00:45,0.00,151.97
2018-05-25 01:00,0.00,152.64
2018-05-25 01:15,0.00,155.38
2018-05-25 01:30,0.00,152.26
2018-05-25 01:45,0.00,155.41
2018-05-25 02:00,0.00,152.31
2018-05-25 02:15,0.00,147.17
2018-05-25 02:30,0.00,147.97
2018-05-25 02:45,0.00,146.28
2018-05-25 03:00,0.00,141.51
2018-05-25 03:15,0.00,139.27
2018-05-25 03:30,0.00,136.86
2018-05-25 03:45,0.00,133.7
2018-05-25 04:00,0.00,133.36
2018-05-25 04:15,0.00,130.81
2018-05-25 04:30,0.00,127.69
2018-05-25 04:45,0.00,127.3
2018-05-25 05:00,0.00,124.81
2018-05-25 05:15,0.00,126.3
2018-05-25 05:30,0.00,125.41
2018-05-25 05:45,0.00,126.64
2018-05-25 06:00,0.27,126.43
2018-05-25 06:15,0.74,120.93
2018-05-25 06:30,1.26,118.28
2018-05-25 06:45,1.90,117.4
2018-05-25 07:00,3.06,115.15
2018-05-25 07:15,4.56,112.36
2018-05-25 07:30,5.92,115.85
2018-05-25 07:45,5.95,108.94
2018-05-25 08:00,6.91,108.77
2018-05-25 08:15,7.97,109.17
2018-05-25 08:30,9.10,105.88
2018-05-25 08:45,9.14,100.38
2018-05-25 09:00,11.76,95.27
2018-05-25 09:15,12.93,95.27
2018-05-25 09:30,13.22,94.77
2018-05-25 09:45,13.74,95.48
2018-05-25 10:00,14.90,96.16
2018-05-25 10:15,14.48,96.51
2018-05-25 10:30,8.80,97.46
2018-05-25 10:45,12.82,99.48
2018-05-25 11:00,11.22,93.22
2018-05-25 11:15,11.94,101.38
2018-05-25 11:30,20.00,97.66
2018-05-25 11:45,16.21,91.04
2018-05-25 12:00,12.62,88.24
2018-05-25 12:15,16.24,89.46
2018-05-25 12:30,16.83,84.2
2018-05-25 12:45,18.08,87.2
2018-05-25 13:00,14.75,81.75
2018-05-25 13:15,12.91,83.19
2018-05-25 13:30,13.58,85.33
2018-05-25 13:45,4.62,85.08
2018-05-25 14:00,0.83,98.41
2018-05-25 14:15,1.15,92.99
2018-05-25 14:30,1.79,85.99
2018-05-25 14:45,3.60,82.82
2018-05-25 15:00,2.69,79.62
2018-05-25 15:15,1.84,80.75
2018-05-25 15:30,1.50,78.59
2018-05-25 15:45,1.23,80.25
2018-05-25 16:00,1.06,82.35
2018-05-25 16:15,0.93,82.45
2018-05-25 16:30,1.04,84.91
2018-05-25 16:45,2.67,86.38
2018-05-25 17:00,3.97,88.9
2018-05-25 17:15,3.70,87.12
2018-05-25 17:30,2.96,85.9
2018-05-25 17:45,2.18,86.19
2018-05-25 18:00,1.22,88.03
2018-05-25 18:15,0.42,89.54
2018-05-25 18:30,0.08,89.85
2018-05-25 18:45,0.00,90.01
2018-05-25 19:00,0.00,91.57
2018-05-25 19:15,0.00,92.46
2018-05-25 19:30,0.00,93.27
2018-05-25 19:45,0.00,91.43
2018-05-25 20:00,0.00,91.54
2018-05-25 20:15,0.00,94.4
2018-05-25 20:30,0.00,97.56
2018-05-25 20:45,0.00,103.9
2018-05-25 21:00,0.00,104.44
2018-05-25 21:15,0.00,104.99
2018-05-25 21:30,0.00,106.9
2018-05-25 21:45,0.00,111.88
2018-05-25 22:00,0.00,111.78
2018-05-25 22:15,0.00,119.4
2018-05-25 22:30,0.00,116.67
2018-05-25 22:45,0.00,123.27
2018-05-25 23:00,0.00,124.8
2018-05-25 23:15,0.00,123.73
2018-05-25 23:30,0.00,129.49
2018-05-25 23:45,0.00,132.36
2018-05-26 00:00,0.00,135.31
2018-05-26 00:15,0.00,120.91
2018-05-26 00:30,0.00,99.28
2018-05-26 00:45,0.00,116.12
2018-05-26 01:00,0.00,152.25
2018-05-26 01:15,0.00,151.39
2018-05-26 01:30,0.00,153.65
2018-05-26 01:45,0.00,150.44
2018-05-26 02:00,0.00,148.35
2018-05-26 02:15,0.00,143.54
2018-05-26 02:30,0.00,142.47
2018-05-26 02:45,0.00,142.09
2018-05-26 03:00,0.00,137.72
2018-05-26 03:15,0.00,136.09
2018-05-26 03:30,0.00,137.02
2018-05-26 03:45,0.00,134.44
2018-05-26 04:00,0.00,131.8
2018-05-26 04:15,0.00,127.75
2018-05-26 04:30,0.00,127.15
2018-05-26 04:45,0.00,126.75
2018-05-26 05:00,0.00,124.7
2018-05-26 05:15,0.00,124.59
2018-05-26 05:30,0.00,124.19
2018-05-26 05:45,0.00,124.25
2018-05-26 06:00,0.10,120.4
2018-05-26 06:15,0.38,119.46
2018-05-26 06:30,0.98,117.28
2018-05-26 06:45,1.94,115.78
2018-05-26 07:00,2.45,114.9
2018-05-26 07:15,3.12,112.99
2018-05-26 07:30,5.22,116.64
2018-05-26 07:45,5.10,115.36
2018-05-26 08:00,5.82,113.88
2018-05-26 08:15,6.56,110.91
2018-05-26 08:30,10.08,110.57
2018-05-26 08:45,14.51,102.67
2018-05-26 09:00,11.71,94.8
2018-05-26 09:15,12.19,96.07
2018-05-26 09:30,9.65,98.99
2018-05-26 09:45,10.37,97.98
2018-05-26 10:00,10.45,94.43
2018-05-26 10:15,9.25,95.62
2018-05-26 10:30,8.82,92.95
2018-05-26 10:45,10.14,96.64
2018-05-26 11:00,6.24,93.48
2018-05-26 11:15,3.87,94.72
2018-05-26 11:30,5.15,94.36
2018-05-26 11:45,10.61,91.75
2018-05-26 12:00,12.75,85.3
2018-05-26 12:15,15.42,85.98
2018-05-26 12:30,21.50,77.75
2018-05-26 12:45,15.55,73.03
2018-05-26 13:00,13.78,79.7
2018-05-26 13:15,14.59,75.16
2018-05-26 13:30,10.90,76.19
2018-05-26 13:45,7.04,80.91
2018-05-26 14:00,3.30,84.25
2018-05-26 14:15,1.90,83.2
2018-05-26 14:30,1.52,75.2
2018-05-26 14:45,1.33,77.58
2018-05-26 15:00,1.34,75.01
2018-05-26 15:15,1.90,71.12
2018-05-26 15:30,3.02,69.35
2018-05-26 15:45,3.81,68.62
2018-05-26 16:00,4.19,68.46
2018-05-26 16:15,4.85,72.06
2018-05-26 16:30,5.07,72.29
2018-05-26 16:45,5.18,70.82
2018-05-26 17:00,3.50,71.93
2018-05-26 17:15,2.19,76.83
2018-05-26 17:30,1.38,77.95
2018-05-26 17:45,0.61,80.59
2018-05-26 18:00,0.00,80.8
2018-05-26 18:15,0.00,85.58
2018-05-26 18:30,0.00,85.85
2018-05-26 18:45,0.00,87.25
2018-05-26 19:00,0.00,85.88
2018-05-26 19:15,0.00,87.66
2018-05-26 19:30,0.00,90.85
2018-05-26 19:45,0.00,89.45
2018-05-26 20:00,0.00,92.66
2018-05-26 20:15,0.00,93.78
2018-05-26 20:30,0.00,93.4
2018-05-26 20:45,0.00,94.91
2018-05-26 21:00,0.00,93.57
2018-05-26 21:15,0.00,95.3
2018-05-26 21:30,0.00,97.93
2018-05-26 21:45,0.00,96.72
2018-05-26 22:00,0.00,100.03
2018-05-26 22:15,0.00,108.54
2018-05-26 22:30,0.00,111.69
2018-05-26 22:45,0.00,108.27
2018-05-26 23:00,0.00,107.67
2018-05-26 23:15,0.00,111.27
2018-05-26 23:30,0.00,117.07
2018-05-26 23:45,0.00,118.9
2018-05-27 00:00,0.00,121.73
2018-05-27 00:15,0.00,122.96
2018-05-27 00:30,0.00,128.91
2018-05-27 00:45,0.00,125.52
2018-05-27 01:00,0.00,125.33
2018-05-27 01:15,0.00,125.07
2018-05-27 01:30,0.00,126.19
2018-05-27 01:45,0.00,126.59
2018-05-27 02:00,0.00,126.43
2018-05-27 02:15,0.00,126.88
2018-05-27 02:30,0.00,124.57
2018-05-27 02:45,0.00,125.44
2018-05-27 03:00,0.00,124.01
2018-05-27 03:15,0.00,121.54
2018-05-27 03:30,0.00,120.27
2018-05-27 03:45,0.00,118.52
2018-05-27 04:00,0.00,116.86
2018-05-27 04:15,0.00,115.19
2018-05-27 04:30,0.00,115.46
2018-05-27 04:45,0.00,118.38
2018-05-27 05:00,0.00,116.3
2018-05-27 05:15,0.00,116.99
2018-05-27 05:30,0.00,115.83
2018-05-27 05:45,0.02,112.83
2018-05-27 06:00,0.27,112.64
2018-05-27 06:15,0.59,110.54
2018-05-27 06:30,1.23,105.94
2018-05-27 06:45,2.26,105.14
2018-05-27 07:00,3.10,104.32
2018-05-27 07:15,4.48,104.04
2018-05-27 07:30,6.05,102.88
2018-05-27 07:45,6.32,103.41
2018-05-27 08:00,7.60,104.36
2018-05-27 08:15,7.95,96.64
2018-05-27 08:30,10.16,94.19
2018-05-27 08:45,8.48,88.19
2018-05-27 09:00,7.01,85.77
2018-05-27 09:15,9.63,85.62
2018-05-27 09:30,7.60,83.59
2018-05-27 09:45,9.54,86.14
2018-05-27 10:00,9.18,81.95
2018-05-27 10:15,11.98,82.09
2018-05-27 10:30,11.09,81.16
2018-05-27 10:45,10.51,79.01
2018-05-27 11:00,11.39,82.59
2018-05-27 11:15,17.38,77.14
2018-05-27 11:30,19.73,71.01
2018-05-27 11:45,14.43,72.98
2018-05-27 12:00,12.62,75.03
2018-05-27 12:15,20.16,78.56
2018-05-27 12:30,19.66,75.54
2018-05-27 12:45,18.37,72.54
2018-05-27 13:00,10.64,73.4
2018-05-27 13:15,11.26,76.72
2018-05-27 13:30,11.02,74.06
2018-05-27 13:45,10.88,75.41
2018-05-27 14:00,4.75,76.61
2018-05-27 14:15,5.15,81.9
2018-05-27 14:30,9.68,77.25
2018-05-27 14:45,14.75,69.35
2018-05-27 15:00,12.50,66.09
2018-05-27 15:15,11.42,68.75
2018-05-27 15:30,10.14,71.45
2018-05-27 15:45,10.22,73.64
2018-05-27 16:00,9.74,75.35
2018-05-27 16:15,5.46,72.79
2018-05-27 16:30,5.95,77.11
2018-05-27 16:45,4.80,78.2
2018-05-27 17:00,6.21,78.06
2018-05-27 17:15,2.48,80.99
2018-05-27 17:30,1.34,81.16
2018-05-27 17:45,0.80,84.43
2018-05-27 18:00,0.19,86.32
2018-05-27 18:15,0.02,89.82
2018-05-27 18:30,0.00,90.8
2018-05-27 18:45,0.00,90.78
2018-05-27 19:00,0.00,93.4
2018-05-27 19:15,0.00,86.83
2018-05-27 19:30,0.00,86.54
2018-05-27 19:45,0.00,91.45
2018-05-27 20:00,0.00,95.48
2018-05-27 20:15,0.00,99.43
2018-05-27 20:30,0.00,103.01
2018-05-27 20:45,0.00,103.01
2018-05-27 21:00,0.00,106.2
2018-05-27 21:15,0.00,108.96
2018-05-27 21:30,0.00,114.93
2018-05-27 21:45,0.00,113.25
2018-05-27 22:00,0.00,116.43
2018-05-27 22:15,0.00,119.64
2018-05-27 22:30,0.00,121.52
2018-05-27 22:45,0.00,123.57
2018-05-27 23:00,0.00,130.49
2018-05-27 23:15,0.00,130.73
2018-05-27 23:30,0.00,134.64
2018-05-27 23:45,0.00,139.27
2018-05-28 00:00,0.00,141.73
2018-05-28 00:15,0.00,144.99
2018-05-28 00:30,0.00,148.39
2018-05-28 00:45,0.00,146.31
2018-05-28 01:00,0.00,145.47
2018-05-28 01:15,0.00,142.67
2018-05-28 01:30,0.00,142.3
2018-05-28 01:45,0.00,142.1
2018-05-28 02:00,0.00,140.59
2018-05-28 02:15,0.00,141.28
2018-05-28 02:30,0.00,136.96
2018-05-28 02:45,0.00,134.31
2018-05-28 03:00,0.00,135.02
2018-05-28 03:15,0.00,131.59
2018-05-28 03:30,0.00,130.81
2018-05-28 03:45,0.00,129.28
2018-05-28 04:00,0.00,125.54
2018-05-28 04:15,0.00,124.85
2018-05-28 04:30,0.00,121.02
2018-05-28 04:45,0.00,121.9
2018-05-28 05:00,0.00,121.85
2018-05-28 05:15,0.00,118.52
2018-05-28 05:30,0.00,119.44
2018-05-28 05:45,0.00,116.51
2018-05-28 06:00,0.14,116.32
2018-05-28 06:15,0.66,112.9
2018-05-28 06:30,1.44,110.17
2018-05-28 06:45,2.58,110.59
2018-05-28 07:00,3.36,108.69
2018-05-28 07:15,3.65,107.77
2018-05-28 07:30,5.10,111.8
2018-05-28 07:45,7.74,106.12
2018-05-28 08:00,8.18,106.75
2018-05-28 08:15,7.20,106.99
2018-05-28 08:30,9.68,106.98
2018-05-28 08:45,9.82,96.56
2018-05-28 09:00,12.16,91.69
2018-05-28 09:15,7.71,88.88
2018-05-28 09:30,6.37,95.17
2018-05-28 09:45,8.90,91.22
2018-05-28 10:00,9.42,85.74
2018-05-28 10:15,12.80,83.74
2018-05-28 10:30,11.89,81.99
2018-05-28 10:45,10.70,83.22
2018-05-28 11:00,9.70,83.85
2018-05-28 11:15,10.53,83.33
2018-05-28 11:30,9.79,83.99
2018-05-28 11:45,12.56,83.32
2018-05-28 12:00,13.84,80.12
2018-05-28 12:15,14.86,80.01
2018-05-28 12:30,14.61,80.01
2018-05-28 12:45,13.33,79.85
2018-05-28 13:00,22.54,78.19
2018-05-28 13:15,15.65,71.35
2018-05-28 13:30,14.64,80.56
2018-05-28 13:45,16.32,82.22
2018-05-28 14:00,11.62,79.35
2018-05-28 14:15,9.50,84.69
2018-05-28 14:30,16.91,84.87
2018-05-28 14:45,14.02,79.04
2018-05-28 15:00,13.81,82.29
2018-05-28 15:15,10.54,77.54
2018-05-28 15:30,4.82,81.85
2018-05-28 15:45,7.02,86.74
2018-05-28 16:00,3.81,86.24
2018-05-28 16:15,3.15,88.3
2018-05-28 16:30,3.60,90.77
2018-05-28 16:45,2.98,89.62
2018-05-28 17:00,2.61,93.98
2018-05-28 17:15,3.84,92.48
2018-05-28 17:30,2.16,92.62
2018-05-28 17:45,1.58,96.59
2018-05-28 18:00,0.91,96.28
2018-05-28 18:15,0.35,95.2
2018-05-28 18:30,0.02,96.17
2018-05-28 18:45,0.00,98.77
2018-05-28 19:00,0.00,98.36
2018-05-28 19:15,0.00,97.77
2018-05-28 19:30,0.00,99.65
2018-05-28 19:45,0.00,100.54
2018-05-28 20:00,0.00,101.06
2018-05-28 20:15,0.00,102.48
2018-05-28 20:30,0.00,108.11
2018-05-28 20:45,0.00,110.73
2018-05-28 21:00,0.00,112.46
2018-05-28 21:15,0.00,114.19
2018-05-28 21:30,0.00,118.19
2018-05-28 21:45,0.00,123.07
2018-05-28 22:00,0.00,128.17
2018-05-28 22:15,0.00,134.73
2018-05-28 22:30,0.00,135.01
2018-05-28 22:45,0.00,138.07
2018-05-28 23:00,0.00,139.89
2018-05-28 23:15,0.00,144.93
2018-05-28 23:30,0.00,144.72
2018-05-28 23:45,0.00,146.86
2018-05-29 00:00,0.00,147.01
2018-05-29 00:15,0.00,149.38
2018-05-29 00:30,0.00,156.2
2018-05-29 00:45,0.00,155.41
2018-05-29 01:00,0.00,150.97
2018-05-29 01:15,0.00,151.31
2018-05-29 01:30,0.00,150.73
2018-05-29 01:45,0.00,148.28
2018-05-29 02:00,0.00,147.3
2018-05-29 02:15,0.00,148.91
2018-05-29 02:30,0.00,144.43
2018-05-29 02:45,0.00,140.96
2018-05-29 03:00,0.00,138.68
2018-05-29 03:15,0.00,133.72
2018-05-29 03:30,0.00,133.33
2018-05-29 03:45,0.00,130.7
2018-05-29 04:00,0.00,130.59
2018-05-29 04:15,0.00,128.41
2018-05-29 04:30,0.00,127.12
2018-05-29 04:45,0.00,128.94
2018-05-29 05:00,0.00,124.75
2018-05-29 05:15,0.00,124.33
2018-05-29 05:30,0.00,125.56
2018-05-29 05:45,0.00,122.77
2018-05-29 06:00,0.27,120.2
2018-05-29 06:15,0.50,116.33
2018-05-29 06:30,0.86,113.65
2018-05-29 06:45,1.52,113.75
2018-05-29 07:00,3.20,114.23
2018-05-29 07:15,5.50,109.67
2018-05-29 07:30,6.88,109.65
2018-05-29 07:45,8.85,107.88
2018-05-29 08:00,10.22,108.77
2018-05-29 08:15,10.42,109.86
2018-05-29 08:30,10.50,107.61
2018-05-29 08:45,10.18,107.51
2018-05-29 09:00,12.82,106.9
2018-05-29 09:15,14.11,104.44
2018-05-29 09:30,8.32,109.4
2018-05-29 09:45,10.75,113.46
2018-05-29 10:00,12.22,108.04
2018-05-29 10:15,13.17,106.22
2018-05-29 10:30,14.83,102.9
2018-05-29 10:45,8.46,103.11
2018-05-29 11:00,13.71,101.91
2018-05-29 11:15,12.77,96.99
2018-05-29 11:30,11.31,97.67
2018-05-29 11:45,13.89,94.69
2018-05-29 12:00,10.16,90.3
2018-05-29 12:15,14.82,87.9
2018-05-29 12:30,9.55,83.93
2018-05-29 12:45,10.70,88.62
2018-05-29 13:00,19.42,85.19
2018-05-29 13:15,18.03,74.53
2018-05-29 13:30,11.15,74.29
2018-05-29 13:45,10.03,80.51
2018-05-29 14:00,10.54,77.79
2018-05-29 14:15,7.95,81.72
2018-05-29 14:30,14.16,81.22
2018-05-29 14:45,14.94,71.17
2018-05-29 15:00,6.14,74.35
2018-05-29 15:15,4.34,80.37
2018-05-29 15:30,5.15,81.38
2018-05-29 15:45,5.47,80.37
2018-05-29 16:00,6.30,79.24
2018-05-29 16:15,5.17,77.58
2018-05-29 16:30,2.72,77.64
2018-05-29 16:45,2.19,79.58
2018-05-29 17:00,1.34,81.17
2018-05-29 17:15,1.02,85.12
2018-05-29 17:30,0.69,83.12
2018-05-29 17:45,0.61,83.72
2018-05-29 18:00,0.40,84.93
2018-05-29 18:15,0.14,82.96
2018-05-29 18:30,0.00,85.91
2018-05-29 18:45,0.00,87.61
2018-05-29 19:00,0.00,89.38
2018-05-29 19:15,0.00,92.95
2018-05-29 19:30,0.00,90.67
2018-05-29 19:45,0.00,93.91
2018-05-29 20:00,0.00,97.32
2018-05-29 20:15,0.00,100.96
2018-05-29 20:30,0.00,103.49
2018-05-29 20:45,0.00,105.01
2018-05-29 21:00,0.00,108.03
2018-05-29 21:15,0.00,114.8
2018-05-29 21:30,0.00,118.15
2018-05-29 21:45,0.00,121.86
2018-05-29 22:00,0.00,127.52
2018-05-29 22:15,0.00,132.44
2018-05-29 22:30,0.00,134.85
2018-05-29 22:45,0.00,137.35
2018-05-29 23:00,0.00,143.38
2018-05-29 23:15,0.00,144.41
2018-05-29 23:30,0.00,143.62
2018-05-29 23:45,0.00,152.59
2018-05-30 00:00,0.00,152.83
2018-05-30 00:15,0.00,155.97
2018-05-30 00:30,0.00,161.46
2018-05-30 00:45,0.00,160.18
2018-05-30 01:00,0.00,159.28
2018-05-30 01:15,0.00,158.15
2018-05-30 01:30,0.00,156.39
2018-05-30 01:45,0.00,157.34
2018-05-30 02:00,0.00,156.43
2018-05-30 02:15,0.00,157.46
2018-05-30 02:30,0.00,157.6
2018-05-30 02:45,0.00,154.33
2018-05-30 03:00,0.00,149.28
2018-05-30 03:15,0.00,147.56
2018-05-30 03:30,0.00,143.75
2018-05-30 03:45,0.00,141.62
2018-05-30 04:00,0.00,140.94
2018-05-30 04:15,0.00,136.89
2018-05-30 04:30,0.00,134.12
2018-05-30 04:45,0.00,132.64
2018-05-30 05:00,0.00,130.52
2018-05-30 05:15,0.00,132.69
2018-05-30 05:30,0.00,134.41
2018-05-30 05:45,0.00,129.69
2018-05-30 06:00,0.22,128.62
2018-05-30 06:15,0.69,124.43
2018-05-30 06:30,1.14,122.59
2018-05-30 06:45,1.78,120.31
2018-05-30 07:00,2.74,118.64
2018-05-30 07:15,3.82,117.94
2018-05-30 07:30,4.66,119.09
2018-05-30 07:45,5.55,114.54
2018-05-30 08:00,6.27,113.04
2018-05-30 08:15,7.94,112.19
2018-05-30 08:30,10.16,105.33
2018-05-30 08:45,11.63,102.15
2018-05-30 09:00,12.62,97.49
2018-05-30 09:15,12.85,96.22
2018-05-30 09:30,13.06,95.2
2018-05-30 09:45,14.24,98.27
2018-05-30 10:00,17.20,97.67
2018-05-30 10:15,15.10,92.98
2018-05-30 10:30,13.49,89.96
2018-05-30 10:45,7.50,94.77
2018-05-30 11:00,18.29,94.04
2018-05-30 11:15,12.62,84.96
2018-05-30 11:30,3.30,93.56
2018-05-30 11:45,1.63,98.67
2018-05-30 12:00,2.74,91.14
2018-05-30 12:15,5.22,83.24
2018-05-30 12:30,11.17,78.27
2018-05-30 12:45,12.96,73.98
2018-05-30 13:00,17.26,70.85
2018-05-30 13:15,14.54,63.9
2018-05-30 13:30,18.00,66.56
2018-05-30 13:45,13.07,63.61
2018-05-30 14:00,7.49,68.85
2018-05-30 14:15,10.35,72.59
2018-05-30 14:30,12.59,70.06
2018-05-30 14:45,15.98,71.59
2018-05-30 15:00,16.34,77.46
2018-05-30 15:15,7.47,73.17
2018-05-30 15:30,3.17,81.69
2018-05-30 15:45,2.08,84.09
2018-05-30 16:00,1.25,87.37
2018-05-30 16:15,0.85,88.77
2018-05-30 16:30,0.69,84.35
2018-05-30 16:45,0.64,83.03
2018-05-30 17:00,0.66,81.08
2018-05-30 17:15,0.67,81.72
2018-05-30 17:30,0.62,82.9
2018-05-30 17:45,0.64,85.7
2018-05-30 18:00,0.51,84.49
2018-05-30 18:15,0.13,85.77
2018-05-30 18:30,0.00,87.98
2018-05-30 18:45,0.00,90.2
2018-05-30 19:00,0.00,91.53
2018-05-30 19:15,0.00,93.56
2018-05-30 19:30,0.00,95.86
2018-05-30 19:45,0.00,95.83
2018-05-30 20:00,0.00,96.86
2018-05-30 20:15,0.00,97.78
2018-05-30 20:30,0.00,100.7
2018-05-30 20:45,0.00,100.57
2018-05-30 21:00,0.00,100.72
2018-05-30 21:15,0.00,103.36
2018-05-30 21:30,0.00,105.65
2018-05-30 21:45,0.00,109.69
2018-05-30 22:00,0.00,111.23
2018-05-30 22:15,0.00,113.77
2018-05-30 22:30,0.00,116.01
2018-05-30 22:45,0.00,115.2
2018-05-30 23:00,0.00,119.59
2018-05-30 23:15,0.00,125.44
2018-05-30 23:30,0.00,125.27
2018-05-30 23:45,0.00,126.73
2018-05-31 00:00,0.00,131.83
2018-05-31 00:15,0.00,138.54
2018-05-31 00:30,0.00,144.7
2018-05-31 00:45,0.00,147.1
2018-05-31 01:00,0.00,145.7
2018-05-31 01:15,0.00,144.33
2018-05-31 01:30,0.00,141.64
2018-05-31 01:45,0.00,138.56
2018-05-31 02:00,0.00,138.25
2018-05-31 02:15,0.00,135.56
2018-05-31 02:30,0.00,133.2
2018-05-31 02:45,0.00,133.91
2018-05-31 03:00,0.00,130.57
2018-05-31 03:15,0.00,129.43
2018-05-31 03:30,0.00,128.62
2018-05-31 03:45,0.00,127.98
2018-05-31 04:00,0.00,131.65
2018-05-31 04:15,0.00,123.64
2018-05-31 04:30,0.00,124.67
2018-05-31 04:45,0.00,121.09
2018-05-31 05:00,0.00,121.14
2018-05-31 05:15,0.00,119.04
2018-05-31 05:30,0.00,121.77
2018-05-31 05:45,0.00,119.27
2018-05-31 06:00,0.32,116.77
2018-05-31 06:15,0.78,111.23
2018-05-31 06:30,1.20,110.64
2018-05-31 06:45,1.73,111.99
2018-05-31 07:00,2.67,110.85
2018-05-31 07:15,3.55,113.94
2018-05-31 07:30,4.14,112.48
2018-05-31 07:45,5.65,108.93
2018-05-31 08:00,8.10,111.3
2018-05-31 08:15,6.86,105.41
2018-05-31 08:30,7.98,102.4
2018-05-31 08:45,6.02,92.64
2018-05-31 09:00,8.83,87.83
2018-05-31 09:15,11.74,84.2
2018-05-31 09:30,8.93,81.8
2018-05-31 09:45,8.43,82.16
2018-05-31 10:00,10.05,80.04
2018-05-31 10:15,11.55,82.33
2018-05-31 10:30,6.96,76.5
2018-05-31 10:45,9.01,83.46
2018-05-31 11:00,10.22,78.69
2018-05-31 11:15,5.82,75.69
2018-05-31 11:30,6.38,79.61
2018-05-31 11:45,7.82,82.87
2018-05-31 12:00,8.86,76.16
2018-05-31 12:15,4.10,71.96
2018-05-31 12:30,1.87,75.2
2018-05-31 12:45,3.09,72.29
2018-05-31 13:00,5.46,68.22
2018-05-31 13:15,7.95,64.04
2018-05-31 13:30,9.36,64.38
2018-05-31 13:45,11.63,66.12
2018-05-31 14:00,16.40,65.67
2018-05-31 14:15,13.01,67.72
2018-05-31 14:30,12.64,73.27
2018-05-31 14:45,9.06,71.9
2018-05-31 15:00,8.93,79.01
2018-05-31 15:15,11.84,75.98
2018-05-31 15:30,7.98,75.67
2018-05-31 15:45,9.10,82.62
2018-05-31 16:00,8.67,84.37
2018-05-31 16:15,6.10,85.24
2018-05-31 16:30,3.22,84.48
2018-05-31 16:45,2.48,83.78
2018-05-31 17:00,1.44,84.32
2018-05-31 17:15,1.02,86.33
2018-05-31 17:30,0.86,85.66
2018-05-31 17:45,0.83,84.64
2018-05-31 18:00,0.59,84.85
2018-05-31 18:15,0.22,81.53
2018-05-31 18:30,0.00,85.75
2018-05-31 18:45,0.00,88.72
2018-05-31 19:00,0.00,90.62
2018-05-31 19:15,0.00,90.56
2018-05-31 19:30,0.00,90.64
2018-05-31 19:45,0.00,96.07
2018-05-31 20:00,0.00,98.25
2018-05-31 20:15,0.00,97.16
2018-05-31 20:30,0.00,101.57
2018-05-31 20:45,0.00,104.11
2018-05-31 21:00,0.00,105.54
2018-05-31 21:15,0.00,105.56
2018-05-31 21:30,0.00,110.17
2018-05-31 21:45,0.00,109.09
2018-05-31 22:00,0.00,108.44
2018-05-31 22:15,0.00,119.09
2018-05-31 22:30,0.00,125.02
2018-05-31 22:45,0.00,123.01
2018-05-31 23:00,0.00,127.44
2018-05-31 23:15,0.00,127.93
2018-05-31 23:30,0.00,133.96
2018-05-31 23:45,0.00,142.02
2018-06-01 00:00,0.00,139.57
