2018-07-01 00:15,0.00,1.92
2018-07-01 00:30,0.00,1.82
2018-07-01 00:45,0.00,1.83
2018-07-01 01:00,0.01,1.8
2018-07-01 01:15,0.00,1.7
2018-07-01 01:30,0.00,1.65
2018-07-01 01:45,0.00,1.66
2018-07-01 02:00,0.01,1.65
2018-07-01 02:15,0.00,1.66
2018-07-01 02:30,0.00,1.65
2018-07-01 02:45,0.00,1.67
2018-07-01 03:00,0.01,1.66
2018-07-01 03:15,0.00,1.63
2018-07-01 03:30,0.00,1.63
2018-07-01 03:45,0.01,1.64
2018-07-01 04:00,0.00,1.62
2018-07-01 04:15,0.00,1.65
2018-07-01 04:30,0.00,1.66
2018-07-01 04:45,0.01,1.67
2018-07-01 05:00,0.00,1.67
2018-07-01 05:15,0.00,1.59
2018-07-01 05:30,0.00,1.59
2018-07-01 05:45,0.02,1.53
2018-07-01 06:00,0.49,1.42
2018-07-01 06:15,1.44,1.39
2018-07-01 06:30,2.91,1.41
2018-07-01 06:45,4.55,1.43
2018-07-01 07:00,5.79,1.42
2018-07-01 07:15,7.66,1.42
2018-07-01 07:30,9.37,1.41
2018-07-01 07:45,11.67,1.5
2018-07-01 08:00,13.84,1.63
2018-07-01 08:15,15.88,1.66
2018-07-01 08:30,17.55,1.65
2018-07-01 08:45,19.05,1.7
2018-07-01 09:00,20.54,1.62
2018-07-01 09:15,21.91,1.68
2018-07-01 09:30,23.06,1.65
2018-07-01 09:45,25.13,1.69
2018-07-01 10:00,25.50,1.67
2018-07-01 10:15,26.70,1.58
2018-07-01 10:30,25.54,1.5
2018-07-01 10:45,28.01,1.51
2018-07-01 11:00,29.08,1.5
2018-07-01 11:15,27.10,1.47
2018-07-01 11:30,28.99,1.66
2018-07-01 11:45,26.30,1.62
2018-07-01 12:00,27.42,1.6
2018-07-01 12:15,29.62,1.64
2018-07-01 12:30,29.15,1.73
2018-07-01 12:45,29.10,1.87
2018-07-01 13:00,28.38,2.11
2018-07-01 13:15,28.60,2.02
2018-07-01 13:30,28.22,2.05
2018-07-01 13:45,25.03,2.06
2018-07-01 14:00,26.48,2.51
2018-07-01 14:15,25.21,2.46
2018-07-01 14:30,23.94,2.56
2018-07-01 14:45,23.06,2.53
2018-07-01 15:00,22.02,2.59
2018-07-01 15:15,16.87,2.54
2018-07-01 15:30,18.52,2.52
2018-07-01 15:45,17.57,2.5
2018-07-01 16:00,15.82,2.73
2018-07-01 16:15,13.62,2.88
2018-07-01 16:30,10.98,2.79
2018-07-01 16:45,9.71,2.37
2018-07-01 17:00,8.71,2.29
2018-07-01 17:15,7.79,2.28
2018-07-01 17:30,7.08,2.31
2018-07-01 17:45,6.36,2.27
2018-07-01 18:00,5.85,2.3
2018-07-01 18:15,3.74,2.31
2018-07-01 18:30,1.88,2.38
2018-07-01 18:45,0.06,2.45
2018-07-01 19:00,0.00,2.54
2018-07-01 19:15,0.01,2.48
2018-07-01 19:30,0.00,2.48
2018-07-01 19:45,0.00,2.44
2018-07-01 20:00,0.00,2.46
2018-07-01 20:15,0.01,2.38
2018-07-01 20:30,0.00,2.3
2018-07-01 20:45,0.00,1.99
2018-07-01 21:00,0.00,1.83
2018-07-01 21:15,0.01,1.81
2018-07-01 21:30,0.00,1.79
2018-07-01 21:45,0.00,1.8
2018-07-01 22:00,0.00,1.78
2018-07-01 22:15,0.01,1.77
2018-07-01 22:30,0.00,1.77
2018-07-01 22:45,0.00,1.78
2018-07-01 23:00,0.00,1.78
2018-07-01 23:15,0.01,1.8
2018-07-01 23:30,0.00,1.79
2018-07-01 23:45,0.00,1.79
2018-07-02 00:00,0.01,1.8
2018-07-02 00:15,0.00,1.65
2018-07-02 00:30,0.00,1.61
2018-07-02 00:45,0.00,1.63
2018-07-02 01:00,0.01,1.59
2018-07-02 01:15,0.00,1.63
2018-07-02 01:30,0.00,1.62
2018-07-02 01:45,0.00,1.65
2018-07-02 02:00,0.01,1.64
2018-07-02 02:15,0.00,1.66
2018-07-02 02:30,0.00,1.63
2018-07-02 02:45,0.01,1.65
2018-07-02 03:00,0.00,1.64
2018-07-02 03:15,0.00,1.62
2018-07-02 03:30,0.00,1.6
2018-07-02 03:45,0.01,1.61
2018-07-02 04:00,0.00,1.63
2018-07-02 04:15,0.00,1.65
2018-07-02 04:30,0.01,1.64
2018-07-02 04:45,0.00,1.64
2018-07-02 05:00,0.00,1.63
2018-07-02 05:15,0.00,1.54
2018-07-02 05:30,0.01,1.56
2018-07-02 05:45,0.06,1.5
2018-07-02 06:00,1.00,1.43
2018-07-02 06:15,2.86,1.42
2018-07-02 06:30,4.48,1.49
2018-07-02 06:45,6.69,1.5
2018-07-02 07:00,4.47,1.52
2018-07-02 07:15,3.69,1.52
2018-07-02 07:30,4.58,1.49
2018-07-02 07:45,6.60,1.5
2018-07-02 08:00,9.72,1.66
2018-07-02 08:15,9.57,1.91
2018-07-02 08:30,10.79,1.84
2018-07-02 08:45,13.49,1.95
2018-07-02 09:00,20.99,1.94
2018-07-02 09:15,21.98,2.34
2018-07-02 09:30,23.09,2.65
2018-07-02 09:45,24.26,2.56
2018-07-02 10:00,25.47,2.49
2018-07-02 10:15,25.50,2.54
2018-07-02 10:30,27.45,2.59
2018-07-02 10:45,28.04,2.33
2018-07-02 11:00,29.49,2.23
2018-07-02 11:15,29.41,2.3
2018-07-02 11:30,19.85,2.42
2018-07-02 11:45,21.65,2.5
2018-07-02 12:00,13.15,2.56
2018-07-02 12:15,18.23,2.31
2018-07-02 12:30,15.36,2.5
2018-07-02 12:45,18.14,2.35
2018-07-02 13:00,21.62,2.46
2018-07-02 13:15,21.20,2.54
2018-07-02 13:30,23.83,2.62
2018-07-02 13:45,21.30,2.73
2018-07-02 14:00,11.62,2.83
2018-07-02 14:15,14.56,2.76
2018-07-02 14:30,18.14,2.78
2018-07-02 14:45,26.74,2.87
2018-07-02 15:00,23.97,2.78
2018-07-02 15:15,19.30,2.73
2018-07-02 15:30,15.98,2.79
2018-07-02 15:45,15.46,2.81
2018-07-02 16:00,4.03,2.78
2018-07-02 16:15,13.61,2.99
2018-07-02 16:30,8.89,3.39
2018-07-02 16:45,6.38,3.44
2018-07-02 17:00,1.99,3.47
2018-07-02 17:15,1.86,3.49
2018-07-02 17:30,1.45,3.21
2018-07-02 17:45,0.75,3.14
2018-07-02 18:00,0.35,3.18
2018-07-02 18:15,0.10,3.25
2018-07-02 18:30,0.00,3.34
2018-07-02 18:45,0.01,3.38
2018-07-02 19:00,0.00,3.27
2018-07-02 19:15,0.00,3.31
2018-07-02 19:30,0.01,2.93
2018-07-02 19:45,0.00,2.82
2018-07-02 20:00,0.00,2.81
2018-07-02 20:15,0.00,2.85
2018-07-02 20:30,0.01,2.81
2018-07-02 20:45,0.00,2.8
2018-07-02 21:00,0.00,2.73
2018-07-02 21:15,0.01,2.01
2018-07-02 21:30,0.00,1.84
2018-07-02 21:45,0.00,1.78
2018-07-02 22:00,0.00,1.8
2018-07-02 22:15,0.01,1.77
2018-07-02 22:30,0.00,1.77
2018-07-02 22:45,0.00,1.77
2018-07-02 23:00,0.00,1.79
2018-07-02 23:15,0.01,1.78
2018-07-02 23:30,0.00,1.77
2018-07-02 23:45,0.00,1.8
2018-07-03 00:00,0.01,1.78
2018-07-03 00:15,0.00,1.64
2018-07-03 00:30,0.00,1.62
2018-07-03 00:45,0.00,1.6
2018-07-03 01:00,0.01,1.62
2018-07-03 01:15,0.00,1.65
2018-07-03 01:30,0.00,1.62
2018-07-03 01:45,0.01,1.66
2018-07-03 02:00,0.00,1.71
2018-07-03 02:15,0.00,1.67
2018-07-03 02:30,0.00,1.69
2018-07-03 02:45,0.01,1.69
2018-07-03 03:00,0.00,1.7
2018-07-03 03:15,0.00,1.64
2018-07-03 03:30,0.01,1.67
2018-07-03 03:45,0.00,1.68
2018-07-03 04:00,0.00,1.66
2018-07-03 04:15,0.01,1.71
2018-07-03 04:30,0.00,1.69
2018-07-03 04:45,0.00,1.67
2018-07-03 05:00,0.01,1.67
2018-07-03 05:15,0.00,1.59
2018-07-03 05:30,0.00,1.56
2018-07-03 05:45,0.01,1.56
2018-07-03 06:00,0.27,1.42
2018-07-03 06:15,0.68,1.38
2018-07-03 06:30,1.45,1.42
2018-07-03 06:45,3.13,1.49
2018-07-03 07:00,5.66,1.47
2018-07-03 07:15,7.22,1.57
2018-07-03 07:30,8.62,1.78
2018-07-03 07:45,10.72,1.75
2018-07-03 08:00,12.70,1.77
2018-07-03 08:15,15.49,1.88
2018-07-03 08:30,19.15,1.81
2018-07-03 08:45,20.76,1.86
2018-07-03 09:00,21.54,1.97
2018-07-03 09:15,22.18,1.99
2018-07-03 09:30,23.22,2.03
2018-07-03 09:45,25.11,2
2018-07-03 10:00,25.27,2.03
2018-07-03 10:15,27.78,2.07
2018-07-03 10:30,28.30,2.02
2018-07-03 10:45,26.73,2.27
2018-07-03 11:00,21.10,3.16
2018-07-03 11:15,26.29,3
2018-07-03 11:30,24.13,3.03
2018-07-03 11:45,30.82,3.11
2018-07-03 12:00,30.72,2.7
2018-07-03 12:15,29.55,2.65
2018-07-03 12:30,22.90,2.55
2018-07-03 12:45,32.03,2.56
2018-07-03 13:00,24.29,2.76
2018-07-03 13:15,21.42,2.64
2018-07-03 13:30,16.21,2.78
2018-07-03 13:45,19.50,2.85
2018-07-03 14:00,22.22,2.84
2018-07-03 14:15,23.50,2.9
2018-07-03 14:30,22.10,3.19
2018-07-03 14:45,19.52,3.16
2018-07-03 15:00,22.10,3.9
2018-07-03 15:15,21.73,4.4
2018-07-03 15:30,18.34,4.51
2018-07-03 15:45,17.81,4.38
2018-07-03 16:00,17.38,4.48
2018-07-03 16:15,14.37,4.52
2018-07-03 16:30,12.80,4.5
2018-07-03 16:45,10.27,4.46
2018-07-03 17:00,8.66,4.38
2018-07-03 17:15,8.08,4.47
2018-07-03 17:30,6.19,4.28
2018-07-03 17:45,2.10,4
2018-07-03 18:00,0.74,4.11
2018-07-03 18:15,0.39,3.92
2018-07-03 18:30,0.93,4.21
2018-07-03 18:45,0.25,4.56
2018-07-03 19:00,0.01,4.42
2018-07-03 19:15,0.00,3.99
2018-07-03 19:30,0.00,3.9
2018-07-03 19:45,0.01,3.84
2018-07-03 20:00,0.00,3.89
2018-07-03 20:15,0.00,3.79
2018-07-03 20:30,0.00,3.63
2018-07-03 20:45,0.01,3.33
2018-07-03 21:00,0.00,3
2018-07-03 21:15,0.00,2.05
2018-07-03 21:30,0.01,1.88
2018-07-03 21:45,0.00,1.9
2018-07-03 22:00,0.00,1.88
2018-07-03 22:15,0.00,1.88
2018-07-03 22:30,0.01,1.86
2018-07-03 22:45,0.00,1.85
2018-07-03 23:00,0.00,1.76
2018-07-03 23:15,0.00,1.73
2018-07-03 23:30,0.01,1.71
2018-07-03 23:45,0.00,1.73
2018-07-04 00:00,0.00,1.75
2018-07-04 00:15,0.00,1.59
2018-07-04 00:30,0.01,1.54
2018-07-04 00:45,0.00,1.56
2018-07-04 01:00,0.00,1.54
2018-07-04 01:15,0.00,1.56
2018-07-04 01:30,0.01,1.59
2018-07-04 01:45,0.00,1.58
2018-07-04 02:00,0.00,1.55
2018-07-04 02:15,0.00,1.57
2018-07-04 02:30,0.01,1.6
2018-07-04 02:45,0.00,1.58
2018-07-04 03:00,0.00,1.57
2018-07-04 03:15,0.00,1.56
2018-07-04 03:30,0.01,1.57
2018-07-04 03:45,0.00,1.54
2018-07-04 04:00,0.00,1.57
2018-07-04 04:15,0.00,1.57
2018-07-04 04:30,0.01,1.56
2018-07-04 04:45,0.00,1.6
2018-07-04 05:00,0.00,1.6
2018-07-04 05:15,0.00,1.53
2018-07-04 05:30,0.01,1.52
2018-07-04 05:45,0.02,1.39
2018-07-04 06:00,0.90,1.34
2018-07-04 06:15,3.02,1.38
2018-07-04 06:30,4.58,1.41
2018-07-04 06:45,5.92,1.37
2018-07-04 07:00,7.31,1.38
2018-07-04 07:15,8.84,1.42
2018-07-04 07:30,8.74,1.4
2018-07-04 07:45,8.69,1.53
2018-07-04 08:00,14.33,1.84
2018-07-04 08:15,15.44,1.83
2018-07-04 08:30,13.73,1.8
2018-07-04 08:45,19.95,1.87
2018-07-04 09:00,20.56,1.88
2018-07-04 09:15,18.66,1.89
2018-07-04 09:30,22.54,1.93
2018-07-04 09:45,25.50,1.91
2018-07-04 10:00,22.86,1.88
2018-07-04 10:15,25.34,2.16
2018-07-04 10:30,27.23,2.13
2018-07-04 10:45,28.09,2.1
2018-07-04 11:00,27.76,2.3
2018-07-04 11:15,28.06,2.2
2018-07-04 11:30,28.18,2.33
2018-07-04 11:45,25.10,2.29
2018-07-04 12:00,30.60,2.5
2018-07-04 12:15,26.19,2.32
2018-07-04 12:30,26.23,2.74
2018-07-04 12:45,18.26,2.59
2018-07-04 13:00,24.70,2.8
2018-07-04 13:15,22.24,2.63
2018-07-04 13:30,19.34,2.46
2018-07-04 13:45,24.44,2.66
2018-07-04 14:00,23.90,2.64
2018-07-04 14:15,22.33,2.69
2018-07-04 14:30,21.27,2.76
2018-07-04 14:45,20.25,2.91
2018-07-04 15:00,19.88,3.43
2018-07-04 15:15,19.78,3.96
2018-07-04 15:30,19.26,3.66
2018-07-04 15:45,18.42,3.48
2018-07-04 16:00,16.45,3.87
2018-07-04 16:15,11.82,3.84
2018-07-04 16:30,14.50,3.87
2018-07-04 16:45,11.29,3.9
2018-07-04 17:00,6.30,3.93
2018-07-04 17:15,4.79,3.87
2018-07-04 17:30,6.22,3.68
2018-07-04 17:45,5.10,3.61
2018-07-04 18:00,3.68,4.05
2018-07-04 18:15,1.49,3.85
2018-07-04 18:30,0.53,3.79
2018-07-04 18:45,0.02,3.96
2018-07-04 19:00,0.00,4.07
2018-07-04 19:15,0.00,3.98
2018-07-04 19:30,0.01,3.89
2018-07-04 19:45,0.00,3.85
2018-07-04 20:00,0.00,3.3
2018-07-04 20:15,0.00,3.15
2018-07-04 20:30,0.01,3.01
2018-07-04 20:45,0.00,2.96
2018-07-04 21:00,0.00,2.86
2018-07-04 21:15,0.00,2.08
2018-07-04 21:30,0.01,1.83
2018-07-04 21:45,0.00,1.74
2018-07-04 22:00,0.00,1.76
2018-07-04 22:15,0.01,1.78
2018-07-04 22:30,0.00,1.78
2018-07-04 22:45,0.00,1.8
2018-07-04 23:00,0.00,1.78
2018-07-04 23:15,0.01,1.78
2018-07-04 23:30,0.00,1.8
2018-07-04 23:45,0.00,1.76
2018-07-05 00:00,0.00,1.74
2018-07-05 00:15,0.01,1.64
2018-07-05 00:30,0.00,1.6
2018-07-05 00:45,0.00,1.62
2018-07-05 01:00,0.00,1.64
2018-07-05 01:15,0.01,1.65
2018-07-05 01:30,0.00,1.59
2018-07-05 01:45,0.00,1.62
2018-07-05 02:00,0.00,1.66
2018-07-05 02:15,0.01,1.65
2018-07-05 02:30,0.00,1.63
2018-07-05 02:45,0.00,1.61
2018-07-05 03:00,0.00,1.6
2018-07-05 03:15,0.01,1.57
2018-07-05 03:30,0.00,1.62
2018-07-05 03:45,0.00,1.59
2018-07-05 04:00,0.00,1.54
2018-07-05 04:15,0.01,1.61
2018-07-05 04:30,0.00,1.63
2018-07-05 04:45,0.00,1.66
2018-07-05 05:00,0.00,1.69
2018-07-05 05:15,0.01,1.6
2018-07-05 05:30,0.00,1.6
2018-07-05 05:45,0.02,1.48
2018-07-05 06:00,0.76,1.44
2018-07-05 06:15,2.36,1.45
2018-07-05 06:30,4.18,1.45
2018-07-05 06:45,5.52,1.43
2018-07-05 07:00,6.86,1.46
2018-07-05 07:15,8.42,1.42
2018-07-05 07:30,9.80,1.41
2018-07-05 07:45,11.41,1.43
2018-07-05 08:00,13.55,1.51
2018-07-05 08:15,15.36,1.82
2018-07-05 08:30,17.22,1.85
2018-07-05 08:45,18.78,1.9
2018-07-05 09:00,20.23,1.94
2018-07-05 09:15,21.62,1.91
2018-07-05 09:30,22.50,2.23
2018-07-05 09:45,21.50,2.22
2018-07-05 10:00,25.60,2.3
2018-07-05 10:15,20.56,2.7
2018-07-05 10:30,24.22,3.8
2018-07-05 10:45,27.39,3.39
2018-07-05 11:00,19.70,2.05
2018-07-05 11:15,30.26,1.95
2018-07-05 11:30,22.90,2.13
2018-07-05 11:45,15.29,2.28
2018-07-05 12:00,13.03,2.35
2018-07-05 12:15,13.87,2.13
2018-07-05 12:30,18.03,2.12
2018-07-05 12:45,22.82,2.17
2018-07-05 13:00,18.70,2.24
2018-07-05 13:15,18.29,2.36
2018-07-05 13:30,12.72,2.64
2018-07-05 13:45,19.39,2.65
2018-07-05 14:00,26.54,2.69
2018-07-05 14:15,18.66,2.72
2018-07-05 14:30,25.98,2.88
2018-07-05 14:45,21.47,2.93
2018-07-05 15:00,22.81,2.91
2018-07-05 15:15,19.22,2.99
2018-07-05 15:30,18.10,2.89
2018-07-05 15:45,16.62,2.84
2018-07-05 16:00,15.83,2.88
2018-07-05 16:15,14.63,2.86
2018-07-05 16:30,9.90,2.83
2018-07-05 16:45,10.46,3.44
2018-07-05 17:00,8.61,3.42
2018-07-05 17:15,6.61,3.4
2018-07-05 17:30,5.36,3.09
2018-07-05 17:45,4.36,2.97
2018-07-05 18:00,3.26,2.96
2018-07-05 18:15,1.60,2.95
2018-07-05 18:30,0.46,3.05
2018-07-05 18:45,0.04,3.5
2018-07-05 19:00,0.00,3.53
2018-07-05 19:15,0.00,3.47
2018-07-05 19:30,0.00,3.43
2018-07-05 19:45,0.01,3.51
2018-07-05 20:00,0.00,3.52
2018-07-05 20:15,0.00,3.33
2018-07-05 20:30,0.01,3.29
2018-07-05 20:45,0.00,3.27
2018-07-05 21:00,0.00,2.85
2018-07-05 21:15,0.00,2.27
2018-07-05 21:30,0.01,2.32
2018-07-05 21:45,0.00,2.3
2018-07-05 22:00,0.00,2.28
2018-07-05 22:15,0.00,2.14
2018-07-05 22:30,0.01,1.79
2018-07-05 22:45,0.00,1.77
2018-07-05 23:00,0.00,1.81
2018-07-05 23:15,0.00,1.79
2018-07-05 23:30,0.01,1.8
2018-07-05 23:45,0.00,1.78
2018-07-06 00:00,0.00,1.84
2018-07-06 00:15,0.00,1.65
2018-07-06 00:30,0.01,1.58
2018-07-06 00:45,0.00,1.6
2018-07-06 01:00,0.00,1.61
2018-07-06 01:15,0.00,1.62
2018-07-06 01:30,0.01,1.67
2018-07-06 01:45,0.00,1.64
2018-07-06 02:00,0.00,1.65
2018-07-06 02:15,0.01,1.62
2018-07-06 02:30,0.00,1.64
2018-07-06 02:45,0.00,1.66
2018-07-06 03:00,0.00,1.66
2018-07-06 03:15,0.01,1.62
2018-07-06 03:30,0.00,1.62
2018-07-06 03:45,0.00,1.61
2018-07-06 04:00,0.00,1.61
2018-07-06 04:15,0.01,1.6
2018-07-06 04:30,0.00,1.62
2018-07-06 04:45,0.00,1.65
2018-07-06 05:00,0.01,1.62
2018-07-06 05:15,0.00,1.56
2018-07-06 05:30,0.00,1.56
2018-07-06 05:45,0.01,1.44
2018-07-06 06:00,0.46,1.38
2018-07-06 06:15,1.02,1.58
2018-07-06 06:30,2.15,2.12
2018-07-06 06:45,2.42,2.31
2018-07-06 07:00,3.41,2.26
2018-07-06 07:15,5.01,14.97
2018-07-06 07:30,5.34,27.09
2018-07-06 07:45,6.47,27.21
2018-07-06 08:00,6.55,26.08
2018-07-06 08:15,7.30,26.29
2018-07-06 08:30,10.89,26.74
2018-07-06 08:45,10.79,26.51
2018-07-06 09:00,12.70,26.42
2018-07-06 09:15,11.64,26.34
2018-07-06 09:30,8.46,26.18
2018-07-06 09:45,11.42,26.23
2018-07-06 10:00,13.40,26.8
2018-07-06 10:15,13.58,26.37
2018-07-06 10:30,17.62,26.64
2018-07-06 10:45,20.56,26.51
2018-07-06 11:00,21.44,27.04
2018-07-06 11:15,14.72,26.96
2018-07-06 11:30,21.58,26.92
2018-07-06 11:45,23.73,27.09
2018-07-06 12:00,24.18,27.48
2018-07-06 12:15,21.57,27.88
2018-07-06 12:30,24.28,28.49
2018-07-06 12:45,25.96,28.48
2018-07-06 13:00,28.00,21.38
2018-07-06 13:15,21.22,2.84
2018-07-06 13:30,19.70,2.69
2018-07-06 13:45,16.78,2.91
2018-07-06 14:00,18.42,2.97
2018-07-06 14:15,15.30,3.07
2018-07-06 14:30,10.94,3.02
2018-07-06 14:45,7.55,3.04
2018-07-06 15:00,5.33,2.97
2018-07-06 15:15,9.28,2.91
2018-07-06 15:30,14.68,2.9
2018-07-06 15:45,22.72,2.77
2018-07-06 16:00,13.94,3.06
2018-07-06 16:15,10.24,2.95
2018-07-06 16:30,13.83,2.85
2018-07-06 16:45,11.94,2.89
2018-07-06 17:00,7.26,2.75
2018-07-06 17:15,5.72,2.85
2018-07-06 17:30,5.07,2.58
2018-07-06 17:45,2.70,2.72
2018-07-06 18:00,1.20,2.58
2018-07-06 18:15,0.31,2.4
2018-07-06 18:30,0.06,2.67
2018-07-06 18:45,0.00,3.07
2018-07-06 19:00,0.01,3.38
2018-07-06 19:15,0.00,3.57
2018-07-06 19:30,0.00,4.83
2018-07-06 19:45,0.00,4.59
2018-07-06 20:00,0.01,4.51
2018-07-06 20:15,0.00,4.51
2018-07-06 20:30,0.00,4.51
2018-07-06 20:45,0.00,4.46
2018-07-06 21:00,0.01,4.44
2018-07-06 21:15,0.00,3.99
2018-07-06 21:30,0.00,4.02
2018-07-06 21:45,0.00,3.95
2018-07-06 22:00,0.01,3.98
2018-07-06 22:15,0.00,4.08
2018-07-06 22:30,0.00,4.25
2018-07-06 22:45,0.00,3.97
2018-07-06 23:00,0.01,3.81
2018-07-06 23:15,0.00,3.74
2018-07-06 23:30,0.00,3.43
2018-07-06 23:45,0.00,3.03
2018-07-07 00:00,0.01,2.23
2018-07-07 00:15,0.00,1.71
2018-07-07 00:30,0.00,1.57
2018-07-07 00:45,0.00,1.56
2018-07-07 01:00,0.01,1.59
2018-07-07 01:15,0.00,1.61
2018-07-07 01:30,0.00,1.61
2018-07-07 01:45,0.01,1.61
2018-07-07 02:00,0.00,1.6
2018-07-07 02:15,0.00,1.6
2018-07-07 02:30,0.00,1.59
2018-07-07 02:45,0.01,1.62
2018-07-07 03:00,0.00,1.61
2018-07-07 03:15,0.00,1.59
2018-07-07 03:30,0.00,1.6
2018-07-07 03:45,0.01,1.59
2018-07-07 04:00,0.00,1.59
2018-07-07 04:15,0.00,1.61
2018-07-07 04:30,0.00,1.63
2018-07-07 04:45,0.01,1.63
2018-07-07 05:00,0.00,1.76
2018-07-07 05:15,0.00,1.82
2018-07-07 05:30,0.01,1.78
2018-07-07 05:45,0.00,1.71
2018-07-07 06:00,0.26,1.64
2018-07-07 06:15,1.05,1.59
2018-07-07 06:30,2.19,1.6
2018-07-07 06:45,3.80,1.65
2018-07-07 07:00,4.98,1.4
2018-07-07 07:15,7.34,1.48
2018-07-07 07:30,9.49,1.47
2018-07-07 07:45,9.83,1.43
2018-07-07 08:00,8.18,1.51
2018-07-07 08:15,14.50,1.55
2018-07-07 08:30,15.50,1.57
2018-07-07 08:45,17.22,1.9
2018-07-07 09:00,18.80,1.91
2018-07-07 09:15,16.87,1.92
2018-07-07 09:30,19.68,1.98
2018-07-07 09:45,16.53,1.97
2018-07-07 10:00,19.62,1.96
2018-07-07 10:15,20.68,1.94
2018-07-07 10:30,21.57,1.78
2018-07-07 10:45,20.57,1.76
2018-07-07 11:00,21.12,1.76
2018-07-07 11:15,20.22,1.74
2018-07-07 11:30,19.45,1.87
2018-07-07 11:45,19.78,1.93
2018-07-07 12:00,22.70,1.92
2018-07-07 12:15,21.70,1.86
2018-07-07 12:30,14.77,1.95
2018-07-07 12:45,16.75,1.94
2018-07-07 13:00,20.10,1.85
2018-07-07 13:15,20.56,1.86
2018-07-07 13:30,11.09,1.83
2018-07-07 13:45,23.26,1.85
2018-07-07 14:00,13.66,1.91
2018-07-07 14:15,4.86,1.85
2018-07-07 14:30,12.78,1.99
2018-07-07 14:45,17.78,2.38
2018-07-07 15:00,22.58,2.38
2018-07-07 15:15,17.98,2.33
2018-07-07 15:30,16.02,2.53
2018-07-07 15:45,11.96,2.78
2018-07-07 16:00,8.13,2.76
2018-07-07 16:15,9.81,2.7
2018-07-07 16:30,9.81,2.77
2018-07-07 16:45,7.26,2.7
2018-07-07 17:00,5.46,2.79
2018-07-07 17:15,3.83,2.56
2018-07-07 17:30,2.97,2.44
2018-07-07 17:45,2.64,2.52
2018-07-07 18:00,1.94,2.49
2018-07-07 18:15,1.00,2.5
2018-07-07 18:30,0.33,2.53
2018-07-07 18:45,0.01,2.62
2018-07-07 19:00,0.00,2.72
2018-07-07 19:15,0.01,2.77
2018-07-07 19:30,0.00,2.68
2018-07-07 19:45,0.00,2.69
2018-07-07 20:00,0.00,2.67
2018-07-07 20:15,0.01,2.42
2018-07-07 20:30,0.00,2.08
2018-07-07 20:45,0.00,2.01
2018-07-07 21:00,0.00,1.96
2018-07-07 21:15,0.00,1.87
2018-07-07 21:30,0.01,1.88
2018-07-07 21:45,0.00,1.88
2018-07-07 22:00,0.00,1.84
2018-07-07 22:15,0.00,1.92
2018-07-07 22:30,0.01,1.83
2018-07-07 22:45,0.00,1.77
2018-07-07 23:00,0.00,1.74
2018-07-07 23:15,0.00,1.77
2018-07-07 23:30,0.00,1.76
2018-07-07 23:45,0.01,1.74
2018-07-08 00:00,0.00,1.77
2018-07-08 00:15,0.00,1.6
2018-07-08 00:30,0.00,1.56
2018-07-08 00:45,0.01,1.61
2018-07-08 01:00,0.00,1.6
2018-07-08 01:15,0.00,1.6
2018-07-08 01:30,0.00,1.65
2018-07-08 01:45,0.00,1.65
2018-07-08 02:00,0.01,1.63
2018-07-08 02:15,0.00,1.62
2018-07-08 02:30,0.00,1.66
2018-07-08 02:45,0.00,1.64
2018-07-08 03:00,0.01,1.66
2018-07-08 03:15,0.00,1.63
2018-07-08 03:30,0.00,1.62
2018-07-08 03:45,0.00,1.6
2018-07-08 04:00,0.01,1.62
2018-07-08 04:15,0.00,1.64
2018-07-08 04:30,0.00,1.62
2018-07-08 04:45,0.01,1.7
2018-07-08 05:00,0.00,1.65
2018-07-08 05:15,0.00,1.56
2018-07-08 05:30,0.00,1.52
2018-07-08 05:45,0.01,1.44
2018-07-08 06:00,0.11,1.43
2018-07-08 06:15,0.67,1.43
2018-07-08 06:30,1.34,1.45
2018-07-08 06:45,2.24,1.45
2018-07-08 07:00,3.38,1.43
2018-07-08 07:15,4.62,1.43
2018-07-08 07:30,5.75,1.45
2018-07-08 07:45,6.89,1.46
2018-07-08 08:00,8.05,1.49
2018-07-08 08:15,9.64,1.53
2018-07-08 08:30,11.99,1.58
2018-07-08 08:45,13.53,1.6
2018-07-08 09:00,13.58,1.71
2018-07-08 09:15,13.94,1.69
2018-07-08 09:30,16.19,1.62
2018-07-08 09:45,13.79,1.66
2018-07-08 10:00,4.55,1.61
2018-07-08 10:15,0.00,1.65
2018-07-08 10:30,0.00,1.59
2018-07-08 10:45,0.00,1.49
2018-07-08 11:00,0.00,1.49
2018-07-08 11:15,0.00,1.53
2018-07-08 11:30,0.00,1.51
2018-07-08 11:45,0.00,1.48
2018-07-08 12:00,0.00,1.47
2018-07-08 12:15,0.00,1.51
2018-07-08 12:30,0.00,1.56
2018-07-08 12:45,0.00,1.55
2018-07-08 13:00,0.00,1.6
2018-07-08 13:15,0.00,1.58
2018-07-08 13:30,0.00,1.56
2018-07-08 13:45,0.00,1.6
2018-07-08 14:00,0.00,1.59
2018-07-08 14:15,0.00,1.67
2018-07-08 14:30,0.00,1.78
2018-07-08 14:45,0.00,1.83
2018-07-08 15:00,0.00,1.96
2018-07-08 15:15,0.00,2.16
2018-07-08 15:30,0.00,2.23
2018-07-08 15:45,0.00,2.22
2018-07-08 16:00,0.00,2.25
2018-07-08 16:15,0.00,2.32
2018-07-08 16:30,0.00,2.37
2018-07-08 16:45,0.00,2.46
2018-07-08 17:00,0.00,2.45
2018-07-08 17:15,0.00,2.28
2018-07-08 17:30,5.29,2.22
2018-07-08 17:45,2.13,2.26
2018-07-08 18:00,1.30,2.31
2018-07-08 18:15,0.62,2.19
2018-07-08 18:30,0.16,2.28
2018-07-08 18:45,0.01,2.34
2018-07-08 19:00,0.00,2.42
2018-07-08 19:15,0.00,2.53
2018-07-08 19:30,0.01,2.56
2018-07-08 19:45,0.00,2.58
2018-07-08 20:00,0.00,2.56
2018-07-08 20:15,0.00,2.37
2018-07-08 20:30,0.01,2.13
2018-07-08 20:45,0.00,2.08
2018-07-08 21:00,0.00,1.84
2018-07-08 21:15,0.00,1.74
2018-07-08 21:30,0.01,1.71
2018-07-08 21:45,0.00,1.74
2018-07-08 22:00,0.00,1.77
2018-07-08 22:15,0.00,1.73
2018-07-08 22:30,0.00,1.71
2018-07-08 22:45,0.01,1.71
2018-07-08 23:00,0.00,1.71
2018-07-08 23:15,0.00,1.74
2018-07-08 23:30,0.00,1.73
2018-07-08 23:45,0.01,1.74
2018-07-09 00:00,0.00,1.73
2018-07-09 00:15,0.00,1.67
2018-07-09 00:30,0.00,1.65
2018-07-09 00:45,0.01,1.64
2018-07-09 01:00,0.00,1.66
2018-07-09 01:15,0.00,1.71
2018-07-09 01:30,0.00,1.68
2018-07-09 01:45,0.01,1.6
2018-07-09 02:00,0.00,1.62
2018-07-09 02:15,0.00,1.61
2018-07-09 02:30,0.00,1.58
2018-07-09 02:45,0.01,1.6
2018-07-09 03:00,0.00,1.6
2018-07-09 03:15,0.00,1.54
2018-07-09 03:30,0.00,1.53
2018-07-09 03:45,0.01,1.59
2018-07-09 04:00,0.00,1.55
2018-07-09 04:15,0.00,1.59
2018-07-09 04:30,0.01,1.62
2018-07-09 04:45,0.00,1.59
2018-07-09 05:00,0.00,1.55
2018-07-09 05:15,0.00,1.52
2018-07-09 05:30,0.01,1.53
2018-07-09 05:45,0.00,1.45
2018-07-09 06:00,0.16,1.39
2018-07-09 06:15,0.85,1.4
2018-07-09 06:30,1.63,1.5
2018-07-09 06:45,2.71,1.54
2018-07-09 07:00,3.96,1.55
2018-07-09 07:15,5.03,1.48
2018-07-09 07:30,6.17,1.44
2018-07-09 07:45,7.80,1.44
2018-07-09 08:00,8.68,1.59
2018-07-09 08:15,8.39,1.98
2018-07-09 08:30,9.33,1.98
2018-07-09 08:45,9.72,2.03
2018-07-09 09:00,10.09,1.95
2018-07-09 09:15,10.93,2.01
2018-07-09 09:30,13.09,2.07
2018-07-09 09:45,13.71,2.07
2018-07-09 10:00,14.42,1.99
2018-07-09 10:15,15.98,2.06
2018-07-09 10:30,16.10,2.06
2018-07-09 10:45,14.26,2.05
2018-07-09 11:00,14.92,2.06
2018-07-09 11:15,16.86,2.1
2018-07-09 11:30,15.30,2.03
2018-07-09 11:45,15.58,1.97
2018-07-09 12:00,19.05,1.97
2018-07-09 12:15,20.99,1.91
2018-07-09 12:30,20.36,1.91
2018-07-09 12:45,17.31,1.86
2018-07-09 13:00,14.40,3.48
2018-07-09 13:15,11.97,4.84
2018-07-09 13:30,11.13,4.83
2018-07-09 13:45,14.10,4.02
2018-07-09 14:00,16.29,2.04
2018-07-09 14:15,16.89,2.03
2018-07-09 14:30,24.06,2.26
2018-07-09 14:45,15.64,2.33
2018-07-09 15:00,17.37,2.39
2018-07-09 15:15,20.03,2.41
2018-07-09 15:30,16.16,2.42
2018-07-09 15:45,15.91,2.41
2018-07-09 16:00,14.49,2.37
2018-07-09 16:15,15.42,2.46
2018-07-09 16:30,8.10,2.49
2018-07-09 16:45,3.70,3.08
2018-07-09 17:00,1.37,3.06
2018-07-09 17:15,1.40,2.93
2018-07-09 17:30,0.70,2.78
2018-07-09 17:45,0.41,3.06
2018-07-09 18:00,0.36,3.16
2018-07-09 18:15,0.10,3.22
2018-07-09 18:30,0.01,3.38
2018-07-09 18:45,0.00,3.77
2018-07-09 19:00,0.00,3.78
2018-07-09 19:15,0.01,3.94
2018-07-09 19:30,0.00,4.05
2018-07-09 19:45,0.00,4.01
2018-07-09 20:00,0.00,3.96
2018-07-09 20:15,0.01,3.95
2018-07-09 20:30,0.00,3.67
2018-07-09 20:45,0.00,3.63
2018-07-09 21:00,0.00,3.68
2018-07-09 21:15,0.01,2.87
2018-07-09 21:30,0.00,2.43
2018-07-09 21:45,0.00,2.23
2018-07-09 22:00,0.00,2.19
2018-07-09 22:15,0.01,2.19
2018-07-09 22:30,0.00,2.17
2018-07-09 22:45,0.00,1.77
2018-07-09 23:00,0.00,1.73
2018-07-09 23:15,0.01,1.73
2018-07-09 23:30,0.00,1.74
2018-07-09 23:45,0.00,1.73
2018-07-10 00:00,0.00,1.74
2018-07-10 00:15,0.01,1.61
2018-07-10 00:30,0.00,1.52
2018-07-10 00:45,0.00,1.55
2018-07-10 01:00,0.00,1.56
2018-07-10 01:15,0.01,1.58
2018-07-10 01:30,0.00,1.58
2018-07-10 01:45,0.00,1.6
2018-07-10 02:00,0.01,1.62
2018-07-10 02:15,0.00,1.61
2018-07-10 02:30,0.00,1.61
2018-07-10 02:45,0.00,1.63
2018-07-10 03:00,0.01,1.59
2018-07-10 03:15,0.00,1.56
2018-07-10 03:30,0.00,1.57
2018-07-10 03:45,0.00,1.59
2018-07-10 04:00,0.01,1.56
2018-07-10 04:15,0.00,1.62
2018-07-10 04:30,0.00,1.59
2018-07-10 04:45,0.00,1.56
2018-07-10 05:00,0.01,1.59
2018-07-10 05:15,0.00,1.55
2018-07-10 05:30,0.00,1.5
2018-07-10 05:45,0.01,1.48
2018-07-10 06:00,0.15,1.38
2018-07-10 06:15,0.78,1.41
2018-07-10 06:30,1.46,1.44
2018-07-10 06:45,2.34,1.42
2018-07-10 07:00,3.50,1.41
2018-07-10 07:15,4.87,1.41
2018-07-10 07:30,5.59,1.4
2018-07-10 07:45,6.10,1.45
2018-07-10 08:00,7.39,1.49
2018-07-10 08:15,12.98,1.61
2018-07-10 08:30,16.36,1.96
2018-07-10 08:45,16.18,1.91
2018-07-10 09:00,15.24,1.92
2018-07-10 09:15,17.14,1.9
2018-07-10 09:30,19.69,1.94
2018-07-10 09:45,18.81,1.97
2018-07-10 10:00,19.54,2.08
2018-07-10 10:15,18.85,2.07
2018-07-10 10:30,18.73,2.05
2018-07-10 10:45,19.39,2.34
2018-07-10 11:00,21.10,2.32
2018-07-10 11:15,25.17,2.29
2018-07-10 11:30,20.16,2.16
2018-07-10 11:45,21.56,2.09
2018-07-10 12:00,20.74,2.1
2018-07-10 12:15,19.26,2.05
2018-07-10 12:30,17.18,2.03
2018-07-10 12:45,15.00,1.97
2018-07-10 13:00,19.51,1.94
2018-07-10 13:15,16.74,2.15
2018-07-10 13:30,21.38,2.23
2018-07-10 13:45,20.89,2.49
2018-07-10 14:00,14.30,2.57
2018-07-10 14:15,14.03,3.03
2018-07-10 14:30,11.70,4.06
2018-07-10 14:45,17.66,5.67
2018-07-10 15:00,17.14,6.69
2018-07-10 15:15,18.60,7.77
2018-07-10 15:30,16.14,2.9
2018-07-10 15:45,14.53,2.35
2018-07-10 16:00,16.13,2.39
2018-07-10 16:15,9.74,2.33
2018-07-10 16:30,6.68,2.42
2018-07-10 16:45,5.95,2.55
2018-07-10 17:00,4.28,3.1
2018-07-10 17:15,3.02,2.97
2018-07-10 17:30,2.66,2.91
2018-07-10 17:45,2.57,3.15
2018-07-10 18:00,2.02,3.19
2018-07-10 18:15,0.97,3.17
2018-07-10 18:30,0.34,3.08
2018-07-10 18:45,0.01,3.5
2018-07-10 19:00,0.00,3.76
2018-07-10 19:15,0.01,3.88
2018-07-10 19:30,0.00,3.85
2018-07-10 19:45,0.00,3.86
2018-07-10 20:00,0.00,3.81
2018-07-10 20:15,0.01,3.74
2018-07-10 20:30,0.00,3.75
2018-07-10 20:45,0.00,3.76
2018-07-10 21:00,0.00,3.71
2018-07-10 21:15,0.01,2.72
2018-07-10 21:30,0.00,2.39
2018-07-10 21:45,0.00,2.38
2018-07-10 22:00,0.00,2.24
2018-07-10 22:15,0.01,2.24
2018-07-10 22:30,0.00,2.12
2018-07-10 22:45,0.00,1.8
2018-07-10 23:00,0.00,1.78
2018-07-10 23:15,0.01,1.78
2018-07-10 23:30,0.00,1.76
2018-07-10 23:45,0.00,1.78
2018-07-11 00:00,0.00,1.75
2018-07-11 00:15,0.01,1.64
2018-07-11 00:30,0.00,1.59
2018-07-11 00:45,0.00,1.62
2018-07-11 01:00,0.01,1.62
2018-07-11 01:15,0.00,1.68
2018-07-11 01:30,0.00,1.67
2018-07-11 01:45,0.00,1.68
2018-07-11 02:00,0.01,1.69
2018-07-11 02:15,0.00,1.62
2018-07-11 02:30,0.00,1.56
2018-07-11 02:45,0.00,1.62
2018-07-11 03:00,0.01,1.59
2018-07-11 03:15,0.00,1.58
2018-07-11 03:30,0.00,1.6
2018-07-11 03:45,0.00,1.58
2018-07-11 04:00,0.01,1.53
2018-07-11 04:15,0.00,1.62
2018-07-11 04:30,0.00,1.61
2018-07-11 04:45,0.00,1.6
2018-07-11 05:00,0.01,1.63
2018-07-11 05:15,0.00,1.57
2018-07-11 05:30,0.00,1.5
2018-07-11 05:45,0.01,1.42
2018-07-11 06:00,0.28,1.34
2018-07-11 06:15,0.60,1.42
2018-07-11 06:30,0.85,1.41
2018-07-11 06:45,2.41,1.46
2018-07-11 07:00,4.31,1.52
2018-07-11 07:15,4.45,1.47
2018-07-11 07:30,4.22,1.44
2018-07-11 07:45,4.54,1.47
2018-07-11 08:00,6.51,1.63
2018-07-11 08:15,8.55,1.91
2018-07-11 08:30,7.15,1.88
2018-07-11 08:45,6.64,1.9
2018-07-11 09:00,10.34,1.91
2018-07-11 09:15,9.47,1.98
2018-07-11 09:30,7.30,2.15
2018-07-11 09:45,7.46,2.1
2018-07-11 10:00,10.44,1.91
2018-07-11 10:15,13.38,1.93
2018-07-11 10:30,10.70,1.96
2018-07-11 10:45,12.94,1.96
2018-07-11 11:00,12.90,1.98
2018-07-11 11:15,12.70,1.99
2018-07-11 11:30,12.15,2
2018-07-11 11:45,13.42,2.1
2018-07-11 12:00,15.25,2.04
2018-07-11 12:15,18.66,1.89
2018-07-11 12:30,16.10,1.89
2018-07-11 12:45,19.47,1.88
2018-07-11 13:00,20.14,1.89
2018-07-11 13:15,21.97,1.92
2018-07-11 13:30,21.11,2.11
2018-07-11 13:45,17.76,2.27
2018-07-11 14:00,19.38,2.21
2018-07-11 14:15,22.87,2.21
2018-07-11 14:30,21.48,3.1
2018-07-11 14:45,25.57,2.89
2018-07-11 15:00,21.41,2.45
2018-07-11 15:15,20.69,2.39
2018-07-11 15:30,14.53,2.36
2018-07-11 15:45,13.25,2.47
2018-07-11 16:00,8.76,2.35
2018-07-11 16:15,7.04,2.34
2018-07-11 16:30,7.73,3.04
2018-07-11 16:45,7.14,3.02
2018-07-11 17:00,6.81,3.39
2018-07-11 17:15,4.86,4.14
2018-07-11 17:30,4.26,3.37
2018-07-11 17:45,2.76,2.94
2018-07-11 18:00,1.70,2.99
2018-07-11 18:15,1.06,3.01
2018-07-11 18:30,0.34,3.09
2018-07-11 18:45,0.00,3.48
2018-07-11 19:00,0.01,3.7
2018-07-11 19:15,0.00,3.85
2018-07-11 19:30,0.00,3.85
2018-07-11 19:45,0.00,3.76
2018-07-11 20:00,0.01,3.76
2018-07-11 20:15,0.00,3.79
2018-07-11 20:30,0.00,3.74
2018-07-11 20:45,0.00,3.76
2018-07-11 21:00,0.01,3.69
2018-07-11 21:15,0.00,2.79
2018-07-11 21:30,0.00,2.28
2018-07-11 21:45,0.00,2.27
2018-07-11 22:00,0.01,2.24
2018-07-11 22:15,0.00,2.23
2018-07-11 22:30,0.00,2.25
2018-07-11 22:45,0.00,2.07
2018-07-11 23:00,0.01,1.86
2018-07-11 23:15,0.00,1.82
2018-07-11 23:30,0.00,1.78
2018-07-11 23:45,0.00,1.81
2018-07-12 00:00,0.01,1.81
2018-07-12 00:15,0.00,1.66
2018-07-12 00:30,0.00,1.65
2018-07-12 00:45,0.00,1.67
2018-07-12 01:00,0.01,1.61
2018-07-12 01:15,0.00,1.63
2018-07-12 01:30,0.00,1.64
2018-07-12 01:45,0.00,1.66
2018-07-12 02:00,0.01,1.65
2018-07-12 02:15,0.00,1.6
2018-07-12 02:30,0.00,1.61
2018-07-12 02:45,0.00,1.64
2018-07-12 03:00,0.01,1.63
2018-07-12 03:15,0.00,1.6
2018-07-12 03:30,0.00,1.63
2018-07-12 03:45,0.00,1.6
2018-07-12 04:00,0.01,1.58
2018-07-12 04:15,0.00,1.61
2018-07-12 04:30,0.00,1.63
2018-07-12 04:45,0.01,1.67
2018-07-12 05:00,0.00,1.65
2018-07-12 05:15,0.00,1.59
2018-07-12 05:30,0.00,1.59
2018-07-12 05:45,0.01,1.43
2018-07-12 06:00,0.19,1.4
2018-07-12 06:15,0.72,1.43
2018-07-12 06:30,1.34,1.41
2018-07-12 06:45,1.69,1.42
2018-07-12 07:00,2.56,1.48
2018-07-12 07:15,3.10,1.43
2018-07-12 07:30,4.26,1.52
2018-07-12 07:45,5.00,1.58
2018-07-12 08:00,6.45,2.01
2018-07-12 08:15,7.22,1.96
2018-07-12 08:30,7.91,1.99
2018-07-12 08:45,9.38,1.98
2018-07-12 09:00,16.76,1.92
2018-07-12 09:15,17.84,1.9
2018-07-12 09:30,16.65,0.19
2018-07-12 09:45,16.93,0
2018-07-12 10:00,17.86,0
2018-07-12 10:15,20.06,0
2018-07-12 10:30,22.80,0
2018-07-12 10:45,22.84,0
2018-07-12 11:00,21.97,0
2018-07-12 11:15,23.32,0
2018-07-12 11:30,23.09,0
2018-07-12 11:45,26.93,0
2018-07-12 12:00,26.18,0
2018-07-12 12:15,30.25,0
2018-07-12 12:30,29.48,0
2018-07-12 12:45,29.91,0
2018-07-12 13:00,18.46,0
2018-07-12 13:15,27.10,0
2018-07-12 13:30,26.53,0
2018-07-12 13:45,23.17,0
2018-07-12 14:00,24.78,0
2018-07-12 14:15,22.85,0
2018-07-12 14:30,21.18,0
2018-07-12 14:45,17.42,0.02
2018-07-12 15:00,15.59,2.05
2018-07-12 15:15,12.17,3.15
2018-07-12 15:30,9.01,2.9
2018-07-12 15:45,2.74,3.2
2018-07-12 16:00,2.11,3.47
2018-07-12 16:15,2.13,3.41
2018-07-12 16:30,1.89,3.62
2018-07-12 16:45,1.95,3.59
2018-07-12 17:00,1.54,3.47
2018-07-12 17:15,1.62,3.34
2018-07-12 17:30,1.50,3.13
2018-07-12 17:45,1.94,3.4
2018-07-12 18:00,0.62,3.8
2018-07-12 18:15,0.34,3.8
2018-07-12 18:30,0.25,3.91
2018-07-12 18:45,0.17,4.1
2018-07-12 19:00,0.00,4.04
2018-07-12 19:15,0.01,3.99
2018-07-12 19:30,0.00,3.9
2018-07-12 19:45,0.00,3.91
2018-07-12 20:00,0.00,3.9
2018-07-12 20:15,0.01,3.76
2018-07-12 20:30,0.00,3.66
2018-07-12 20:45,0.00,3.97
2018-07-12 21:00,0.00,4.29
2018-07-12 21:15,0.01,3.54
2018-07-12 21:30,0.00,2.7
2018-07-12 21:45,0.00,2.52
2018-07-12 22:00,0.00,2.15
2018-07-12 22:15,0.01,2.2
2018-07-12 22:30,0.00,2.17
2018-07-12 22:45,0.00,2.15
2018-07-12 23:00,0.00,2.19
2018-07-12 23:15,0.01,2.16
2018-07-12 23:30,0.00,2.09
2018-07-12 23:45,0.00,2.11
2018-07-13 00:00,0.00,2.15
2018-07-13 00:15,0.01,2.13
2018-07-13 00:30,0.00,2.15
2018-07-13 00:45,0.00,2.17
2018-07-13 01:00,0.00,2.17
2018-07-13 01:15,0.00,2.19
2018-07-13 01:30,0.01,2.15
2018-07-13 01:45,0.00,2.17
2018-07-13 02:00,0.00,2.22
2018-07-13 02:15,0.01,2.17
2018-07-13 02:30,0.00,2.21
2018-07-13 02:45,0.00,2.19
2018-07-13 03:00,0.00,2.14
2018-07-13 03:15,0.01,2.09
2018-07-13 03:30,0.00,2.13
2018-07-13 03:45,0.00,2.06
2018-07-13 04:00,0.00,2.1
2018-07-13 04:15,0.01,2.12
2018-07-13 04:30,0.00,2.1
2018-07-13 04:45,0.00,2.11
2018-07-13 05:00,0.00,2.08
2018-07-13 05:15,0.01,1.99
2018-07-13 05:30,0.00,1.99
2018-07-13 05:45,0.00,1.89
2018-07-13 06:00,0.04,1.7
2018-07-13 06:15,0.61,1.71
2018-07-13 06:30,1.23,1.66
2018-07-13 06:45,2.05,1.73
2018-07-13 07:00,3.62,1.81
2018-07-13 07:15,5.44,1.82
2018-07-13 07:30,4.89,1.86
2018-07-13 07:45,6.96,1.87
2018-07-13 08:00,8.15,1.96
2018-07-13 08:15,9.19,1.9
2018-07-13 08:30,16.71,2.09
2018-07-13 08:45,16.50,2.06
2018-07-13 09:00,12.92,2.06
2018-07-13 09:15,21.77,2.08
2018-07-13 09:30,19.10,2.07
2018-07-13 09:45,22.85,2.2
2018-07-13 10:00,19.66,2.23
2018-07-13 10:15,22.31,2.02
2018-07-13 10:30,25.40,2.09
2018-07-13 10:45,25.66,2.44
2018-07-13 11:00,27.28,2.46
2018-07-13 11:15,22.15,2.49
2018-07-13 11:30,31.66,2.75
2018-07-13 11:45,28.54,2.56
2018-07-13 12:00,31.11,2.77
2018-07-13 12:15,32.02,2.78
2018-07-13 12:30,21.94,2.84
2018-07-13 12:45,20.50,2.9
2018-07-13 13:00,22.99,2.84
2018-07-13 13:15,17.47,2.88
2018-07-13 13:30,13.26,2.89
2018-07-13 13:45,16.77,2.86
2018-07-13 14:00,18.41,2.86
2018-07-13 14:15,15.42,2.55
2018-07-13 14:30,15.75,2.53
2018-07-13 14:45,10.04,2.75
2018-07-13 15:00,7.61,2.75
2018-07-13 15:15,6.89,2.77
2018-07-13 15:30,7.92,2.85
2018-07-13 15:45,16.53,2.8
2018-07-13 16:00,19.65,2.77
2018-07-13 16:15,10.80,2.64
2018-07-13 16:30,2.77,2.76
2018-07-13 16:45,1.50,3.1
2018-07-13 17:00,0.82,3.11
2018-07-13 17:15,0.45,3.43
2018-07-13 17:30,0.64,3.41
2018-07-13 17:45,1.09,3.27
2018-07-13 18:00,2.39,3.26
2018-07-13 18:15,1.82,3.11
2018-07-13 18:30,0.59,3.05
2018-07-13 18:45,0.01,2.88
2018-07-13 19:00,0.00,2.86
2018-07-13 19:15,0.00,3.2
2018-07-13 19:30,0.01,3.35
2018-07-13 19:45,0.00,3.33
2018-07-13 20:00,0.00,3.27
2018-07-13 20:15,0.00,3.25
2018-07-13 20:30,0.01,3.21
2018-07-13 20:45,0.00,3.26
2018-07-13 21:00,0.00,3.17
2018-07-13 21:15,0.01,2.53
2018-07-13 21:30,0.00,2.12
2018-07-13 21:45,0.00,1.95
2018-07-13 22:00,0.00,1.9
2018-07-13 22:15,0.01,1.95
2018-07-13 22:30,0.00,1.91
2018-07-13 22:45,0.00,1.9
2018-07-13 23:00,0.00,2.02
2018-07-13 23:15,0.01,2.43
2018-07-13 23:30,0.00,2.34
2018-07-13 23:45,0.00,2.32
2018-07-14 00:00,0.01,2.25
2018-07-14 00:15,0.00,2.16
2018-07-14 00:30,0.00,2.15
2018-07-14 00:45,0.00,2.15
2018-07-14 01:00,0.01,1.96
2018-07-14 01:15,0.00,2.1
2018-07-14 01:30,0.00,2.11
2018-07-14 01:45,0.00,2.02
2018-07-14 02:00,0.01,2.06
2018-07-14 02:15,0.00,2.05
2018-07-14 02:30,0.00,2.01
2018-07-14 02:45,0.00,2
2018-07-14 03:00,0.01,2.04
2018-07-14 03:15,0.00,1.95
2018-07-14 03:30,0.00,2.02
2018-07-14 03:45,0.01,2.03
2018-07-14 04:00,0.00,1.97
2018-07-14 04:15,0.00,2
2018-07-14 04:30,0.00,2.05
2018-07-14 04:45,0.01,2.03
2018-07-14 05:00,0.00,2.01
2018-07-14 05:15,0.00,1.99
2018-07-14 05:30,0.00,1.89
2018-07-14 05:45,0.01,1.93
2018-07-14 06:00,0.02,1.76
2018-07-14 06:15,0.33,1.83
2018-07-14 06:30,0.78,1.78
2018-07-14 06:45,1.41,1.71
2018-07-14 07:00,2.23,1.75
2018-07-14 07:15,4.05,1.79
2018-07-14 07:30,6.82,1.79
2018-07-14 07:45,9.55,1.9
2018-07-14 08:00,9.00,1.93
2018-07-14 08:15,9.44,1.99
2018-07-14 08:30,10.26,2.14
2018-07-14 08:45,14.65,2.29
2018-07-14 09:00,16.47,2.2
2018-07-14 09:15,17.78,2.2
2018-07-14 09:30,18.26,2.17
2018-07-14 09:45,16.85,2.15
2018-07-14 10:00,15.91,2.02
2018-07-14 10:15,12.34,2.06
2018-07-14 10:30,13.46,2.15
2018-07-14 10:45,17.31,2.21
2018-07-14 11:00,17.55,2.35
2018-07-14 11:15,14.52,2.39
2018-07-14 11:30,15.60,2.35
2018-07-14 11:45,16.05,2.43
2018-07-14 12:00,13.63,2.21
2018-07-14 12:15,14.80,2.2
2018-07-14 12:30,17.98,2.33
2018-07-14 12:45,18.42,2.42
2018-07-14 13:00,18.57,2.3
2018-07-14 13:15,18.85,2.19
2018-07-14 13:30,21.41,2.21
2018-07-14 13:45,26.86,2.6
2018-07-14 14:00,28.10,3.69
2018-07-14 14:15,18.97,5.13
2018-07-14 14:30,13.19,4.16
2018-07-14 14:45,17.18,7.83
2018-07-14 15:00,22.24,10.45
2018-07-14 15:15,14.05,10.72
2018-07-14 15:30,11.70,4.06
2018-07-14 15:45,12.82,3.53
2018-07-14 16:00,12.20,3.94
2018-07-14 16:15,13.02,3.78
2018-07-14 16:30,7.66,3.5
2018-07-14 16:45,4.63,3.04
2018-07-14 17:00,2.72,2.5
2018-07-14 17:15,3.83,2.46
2018-07-14 17:30,3.46,2.16
2018-07-14 17:45,1.27,1.93
2018-07-14 18:00,0.45,2.03
2018-07-14 18:15,0.79,2.05
2018-07-14 18:30,0.66,2.04
2018-07-14 18:45,0.07,1.99
2018-07-14 19:00,0.00,1.96
2018-07-14 19:15,0.00,2.03
2018-07-14 19:30,0.00,2.06
2018-07-14 19:45,0.01,2.04
2018-07-14 20:00,0.00,2.08
2018-07-14 20:15,0.00,2.1
2018-07-14 20:30,0.00,1.94
2018-07-14 20:45,0.01,1.73
2018-07-14 21:00,0.00,1.76
2018-07-14 21:15,0.00,1.71
2018-07-14 21:30,0.01,1.79
2018-07-14 21:45,0.00,1.78
2018-07-14 22:00,0.00,1.76
2018-07-14 22:15,0.00,1.76
2018-07-14 22:30,0.01,1.75
2018-07-14 22:45,0.00,1.8
2018-07-14 23:00,0.00,1.78
2018-07-14 23:15,0.00,1.77
2018-07-14 23:30,0.01,1.8
2018-07-14 23:45,0.00,1.76
2018-07-15 00:00,0.00,1.67
2018-07-15 00:15,0.00,1.6
2018-07-15 00:30,0.01,1.62
2018-07-15 00:45,0.00,1.56
2018-07-15 01:00,0.00,1.56
2018-07-15 01:15,0.00,1.6
2018-07-15 01:30,0.01,1.6
2018-07-15 01:45,0.00,1.61
2018-07-15 02:00,0.00,1.63
2018-07-15 02:15,0.00,1.6
2018-07-15 02:30,0.01,1.59
2018-07-15 02:45,0.00,1.58
2018-07-15 03:00,0.00,1.58
2018-07-15 03:15,0.01,1.56
2018-07-15 03:30,0.00,1.57
2018-07-15 03:45,0.00,1.59
2018-07-15 04:00,0.00,1.59
2018-07-15 04:15,0.01,1.57
2018-07-15 04:30,0.00,1.56
2018-07-15 04:45,0.00,1.65
2018-07-15 05:00,0.00,1.6
2018-07-15 05:15,0.01,1.59
2018-07-15 05:30,0.00,1.56
2018-07-15 05:45,0.00,1.45
2018-07-15 06:00,0.03,1.88
2018-07-15 06:15,0.34,23.23
2018-07-15 06:30,1.01,30.37
2018-07-15 06:45,2.18,31.53
2018-07-15 07:00,2.65,32.62
2018-07-15 07:15,2.88,32.32
2018-07-15 07:30,4.74,40.87
2018-07-15 07:45,5.83,61.57
2018-07-15 08:00,6.78,77.02
2018-07-15 08:15,7.60,78.51
2018-07-15 08:30,8.36,78.69
2018-07-15 08:45,9.36,79.1
2018-07-15 09:00,13.92,79.22
2018-07-15 09:15,13.54,79.11
2018-07-15 09:30,14.77,79.29
2018-07-15 09:45,12.70,78.33
2018-07-15 10:00,17.30,78.91
2018-07-15 10:15,14.79,79.02
2018-07-15 10:30,21.49,79.06
2018-07-15 10:45,18.17,78.43
2018-07-15 11:00,17.10,78.17
2018-07-15 11:15,22.03,78.48
2018-07-15 11:30,22.15,77.84
2018-07-15 11:45,27.50,79.18
2018-07-15 12:00,22.62,79.16
2018-07-15 12:15,25.48,78.99
2018-07-15 12:30,32.67,79.23
2018-07-15 12:45,20.31,79.89
2018-07-15 13:00,18.23,79.97
2018-07-15 13:15,19.29,79.56
2018-07-15 13:30,17.17,75.35
2018-07-15 13:45,20.72,46.22
2018-07-15 14:00,13.64,34.75
2018-07-15 14:15,14.62,34.27
2018-07-15 14:30,14.03,33.57
2018-07-15 14:45,13.23,33.43
2018-07-15 15:00,12.35,33.58
2018-07-15 15:15,13.27,34.02
2018-07-15 15:30,13.71,34.24
2018-07-15 15:45,11.06,33.79
2018-07-15 16:00,10.00,33.76
2018-07-15 16:15,5.81,33.14
2018-07-15 16:30,4.10,32.97
2018-07-15 16:45,4.27,32.8
2018-07-15 17:00,3.22,32.7
2018-07-15 17:15,1.90,9.05
2018-07-15 17:30,1.49,6.94
2018-07-15 17:45,1.43,6.14
2018-07-15 18:00,0.89,4.27
2018-07-15 18:15,0.32,3.56
2018-07-15 18:30,0.10,2.82
2018-07-15 18:45,0.00,2.24
2018-07-15 19:00,0.01,2.13
2018-07-15 19:15,0.00,1.88
2018-07-15 19:30,0.00,2.01
2018-07-15 19:45,0.00,1.88
2018-07-15 20:00,0.01,1.93
2018-07-15 20:15,0.00,1.95
2018-07-15 20:30,0.00,1.9
2018-07-15 20:45,0.00,1.86
2018-07-15 21:00,0.01,1.86
2018-07-15 21:15,0.00,1.85
2018-07-15 21:30,0.00,1.84
2018-07-15 21:45,0.00,1.74
2018-07-15 22:00,0.01,1.73
2018-07-15 22:15,0.00,1.7
2018-07-15 22:30,0.00,1.71
2018-07-15 22:45,0.00,1.71
2018-07-15 23:00,0.01,1.71
2018-07-15 23:15,0.00,1.75
2018-07-15 23:30,0.00,1.77
2018-07-15 23:45,0.01,1.66
2018-07-16 00:00,0.00,1.6
2018-07-16 00:15,0.00,1.58
2018-07-16 00:30,0.00,1.59
2018-07-16 00:45,0.01,1.62
2018-07-16 01:00,0.00,1.56
2018-07-16 01:15,0.00,1.62
2018-07-16 01:30,0.00,1.64
2018-07-16 01:45,0.01,1.66
2018-07-16 02:00,0.00,1.66
2018-07-16 02:15,0.00,1.66
2018-07-16 02:30,0.01,1.63
2018-07-16 02:45,0.00,1.62
2018-07-16 03:00,0.00,1.62
2018-07-16 03:15,0.00,1.54
2018-07-16 03:30,0.01,1.54
2018-07-16 03:45,0.00,1.58
2018-07-16 04:00,0.00,1.53
2018-07-16 04:15,0.01,1.56
2018-07-16 04:30,0.00,1.6
2018-07-16 04:45,0.00,1.6
2018-07-16 05:00,0.00,1.61
2018-07-16 05:15,0.01,1.55
2018-07-16 05:30,0.00,1.57
2018-07-16 05:45,0.00,1.52
2018-07-16 06:00,0.01,1.49
2018-07-16 06:15,0.10,1.36
2018-07-16 06:30,0.55,1.43
2018-07-16 06:45,1.02,1.52
2018-07-16 07:00,1.42,1.59
2018-07-16 07:15,2.80,1.6
2018-07-16 07:30,3.71,1.71
2018-07-16 07:45,4.03,1.91
2018-07-16 08:00,4.21,2.58
2018-07-16 08:15,5.76,2.92
2018-07-16 08:30,8.85,3.02
2018-07-16 08:45,9.41,3.47
2018-07-16 09:00,10.31,4.31
2018-07-16 09:15,15.94,4.06
2018-07-16 09:30,18.30,3.51
2018-07-16 09:45,15.93,3.93
2018-07-16 10:00,21.54,3.08
2018-07-16 10:15,21.50,2.43
2018-07-16 10:30,18.02,2.67
2018-07-16 10:45,15.54,3.08
2018-07-16 11:00,17.76,2.65
2018-07-16 11:15,20.20,2.59
2018-07-16 11:30,20.04,2.47
2018-07-16 11:45,19.62,2.36
2018-07-16 12:00,23.38,2.4
2018-07-16 12:15,26.54,2.7
2018-07-16 12:30,19.63,2.8
2018-07-16 12:45,19.65,2.82
2018-07-16 13:00,18.14,2.64
2018-07-16 13:15,14.90,3.33
2018-07-16 13:30,16.11,3.47
2018-07-16 13:45,13.27,3.77
2018-07-16 14:00,9.80,3.75
2018-07-16 14:15,10.09,3.88
2018-07-16 14:30,10.38,3.69
2018-07-16 14:45,10.28,3.44
2018-07-16 15:00,9.20,3.61
2018-07-16 15:15,6.53,4.31
2018-07-16 15:30,5.59,4.53
2018-07-16 15:45,4.70,4.84
2018-07-16 16:00,4.23,5.03
2018-07-16 16:15,4.15,5.14
2018-07-16 16:30,4.62,5.2
2018-07-16 16:45,4.67,5.15
2018-07-16 17:00,3.44,4.77
2018-07-16 17:15,3.01,4.48
2018-07-16 17:30,2.18,4.29
2018-07-16 17:45,1.52,4.35
2018-07-16 18:00,0.80,4.95
2018-07-16 18:15,0.27,5.07
2018-07-16 18:30,0.04,5.24
2018-07-16 18:45,0.00,5.64
2018-07-16 19:00,0.00,5.93
2018-07-16 19:15,0.01,6.11
2018-07-16 19:30,0.00,6.16
2018-07-16 19:45,0.00,6.41
2018-07-16 20:00,0.00,6.2
2018-07-16 20:15,0.01,6.11
2018-07-16 20:30,0.00,6.05
2018-07-16 20:45,0.00,5.97
2018-07-16 21:00,0.00,5.83
2018-07-16 21:15,0.01,5.56
2018-07-16 21:30,0.00,5.21
2018-07-16 21:45,0.00,5.14
2018-07-16 22:00,0.00,5.08
2018-07-16 22:15,0.01,4.75
2018-07-16 22:30,0.00,4.55
2018-07-16 22:45,0.00,4.53
2018-07-16 23:00,0.00,4.48
2018-07-16 23:15,0.01,4.43
2018-07-16 23:30,0.00,4.32
2018-07-16 23:45,0.00,4.04
2018-07-17 00:00,0.00,4.02
2018-07-17 00:15,0.01,3.95
2018-07-17 00:30,0.00,3.95
2018-07-17 00:45,0.00,3.95
2018-07-17 01:00,0.00,3.96
2018-07-17 01:15,0.01,3.88
2018-07-17 01:30,0.00,3.88
2018-07-17 01:45,0.00,3.81
2018-07-17 02:00,0.00,3.79
2018-07-17 02:15,0.01,3.83
2018-07-17 02:30,0.00,3.79
2018-07-17 02:45,0.00,3.77
2018-07-17 03:00,0.01,3.74
2018-07-17 03:15,0.00,3.6
2018-07-17 03:30,0.00,3.7
2018-07-17 03:45,0.00,3.71
2018-07-17 04:00,0.01,3.61
2018-07-17 04:15,0.00,3.66
2018-07-17 04:30,0.00,3.77
2018-07-17 04:45,0.00,3.69
2018-07-17 05:00,0.01,3.71
2018-07-17 05:15,0.00,3.64
2018-07-17 05:30,0.00,3.72
2018-07-17 05:45,0.01,3.65
2018-07-17 06:00,0.00,3.55
2018-07-17 06:15,0.09,3.52
2018-07-17 06:30,0.39,3.54
2018-07-17 06:45,0.54,3.24
2018-07-17 07:00,0.45,3.26
2018-07-17 07:15,0.88,3.13
2018-07-17 07:30,1.40,3.07
2018-07-17 07:45,1.91,2.78
2018-07-17 08:00,2.27,2.87
2018-07-17 08:15,2.72,2.72
2018-07-17 08:30,3.74,2.96
2018-07-17 08:45,4.36,2.85
2018-07-17 09:00,5.82,2.84
2018-07-17 09:15,7.40,2.86
2018-07-17 09:30,6.64,3.26
2018-07-17 09:45,8.05,3.48
2018-07-17 10:00,7.92,3.44
2018-07-17 10:15,6.31,3.55
2018-07-17 10:30,5.71,3.71
2018-07-17 10:45,6.59,3.86
2018-07-17 11:00,7.68,3.97
2018-07-17 11:15,7.62,3.95
2018-07-17 11:30,6.99,3.97
2018-07-17 11:45,7.51,3.78
2018-07-17 12:00,7.78,3.77
2018-07-17 12:15,8.76,3.91
2018-07-17 12:30,9.18,3.8
2018-07-17 12:45,10.18,3.59
2018-07-17 13:00,9.98,3.83
2018-07-17 13:15,10.09,3.71
2018-07-17 13:30,9.23,3.76
2018-07-17 13:45,7.55,4.09
2018-07-17 14:00,6.35,4.46
2018-07-17 14:15,5.59,4.61
2018-07-17 14:30,4.87,4.78
2018-07-17 14:45,4.14,5.07
2018-07-17 15:00,3.58,5.76
2018-07-17 15:15,3.55,5.77
2018-07-17 15:30,4.51,6.25
2018-07-17 15:45,4.17,6.52
2018-07-17 16:00,3.58,6.59
2018-07-17 16:15,3.58,6.51
2018-07-17 16:30,3.17,6
2018-07-17 16:45,2.82,6.28
2018-07-17 17:00,2.13,5.7
2018-07-17 17:15,1.35,5.2
2018-07-17 17:30,1.12,5.17
2018-07-17 17:45,1.01,5.35
2018-07-17 18:00,0.39,5.53
2018-07-17 18:15,0.14,5.72
2018-07-17 18:30,0.00,5.89
2018-07-17 18:45,0.01,6.35
2018-07-17 19:00,0.00,6.55
2018-07-17 19:15,0.00,6.72
2018-07-17 19:30,0.01,6.43
2018-07-17 19:45,0.00,6.45
2018-07-17 20:00,0.00,6.32
2018-07-17 20:15,0.00,6.33
2018-07-17 20:30,0.01,6.43
2018-07-17 20:45,0.00,6.66
2018-07-17 21:00,0.00,6.24
2018-07-17 21:15,0.01,5.76
2018-07-17 21:30,0.00,5.69
2018-07-17 21:45,0.00,5.59
2018-07-17 22:00,0.00,5.44
2018-07-17 22:15,0.01,5.1
2018-07-17 22:30,0.00,5.06
2018-07-17 22:45,0.00,4.9
2018-07-17 23:00,0.00,4.98
2018-07-17 23:15,0.01,4.79
2018-07-17 23:30,0.00,4.78
2018-07-17 23:45,0.00,4.75
2018-07-18 00:00,0.00,4.51
2018-07-18 00:15,0.01,4.63
2018-07-18 00:30,0.00,4.52
2018-07-18 00:45,0.00,4.51
2018-07-18 01:00,0.00,4.44
2018-07-18 01:15,0.01,4.49
2018-07-18 01:30,0.00,4.43
2018-07-18 01:45,0.00,4.43
2018-07-18 02:00,0.00,4.47
2018-07-18 02:15,0.01,4.32
2018-07-18 02:30,0.00,4.42
2018-07-18 02:45,0.00,4.27
2018-07-18 03:00,0.00,4.35
2018-07-18 03:15,0.01,4.2
2018-07-18 03:30,0.00,4.39
2018-07-18 03:45,0.00,4.3
2018-07-18 04:00,0.00,4.34
2018-07-18 04:15,0.01,4.25
2018-07-18 04:30,0.00,4.26
2018-07-18 04:45,0.00,4.22
2018-07-18 05:00,0.00,4.35
2018-07-18 05:15,0.01,4.33
2018-07-18 05:30,0.00,4.26
2018-07-18 05:45,0.00,4.58
2018-07-18 06:00,0.01,4.15
2018-07-18 06:15,0.06,4.21
2018-07-18 06:30,0.42,4.1
2018-07-18 06:45,0.76,4.24
2018-07-18 07:00,1.50,4.44
2018-07-18 07:15,2.53,4.26
2018-07-18 07:30,4.54,4.35
2018-07-18 07:45,5.13,12.01
2018-07-18 08:00,6.34,26.83
2018-07-18 08:15,9.63,26.47
2018-07-18 08:30,10.06,26.08
2018-07-18 08:45,11.98,25.8
2018-07-18 09:00,12.54,25.98
2018-07-18 09:15,19.14,25.97
2018-07-18 09:30,18.39,25.99
2018-07-18 09:45,15.98,27.14
2018-07-18 10:00,14.85,12.23
2018-07-18 10:15,11.22,5.82
2018-07-18 10:30,10.95,5.19
2018-07-18 10:45,9.42,5.09
2018-07-18 11:00,12.40,5.04
2018-07-18 11:15,11.13,5.09
2018-07-18 11:30,13.44,5.4
2018-07-18 11:45,13.31,6.14
2018-07-18 12:00,17.01,5.89
2018-07-18 12:15,24.35,5.99
2018-07-18 12:30,28.03,5.99
2018-07-18 12:45,28.71,6.14
2018-07-18 13:00,29.83,6.23
2018-07-18 13:15,24.18,6.03
2018-07-18 13:30,13.38,6.2
2018-07-18 13:45,14.84,5.78
2018-07-18 14:00,13.81,5.86
2018-07-18 14:15,10.37,6.38
2018-07-18 14:30,13.69,7.14
2018-07-18 14:45,20.47,7.53
2018-07-18 15:00,24.82,7.5
2018-07-18 15:15,17.18,7.72
2018-07-18 15:30,15.70,7.4
2018-07-18 15:45,15.65,7.77
2018-07-18 16:00,9.70,7.33
2018-07-18 16:15,5.83,7.05
2018-07-18 16:30,3.39,6.81
2018-07-18 16:45,2.05,6.5
2018-07-18 17:00,1.68,6.34
2018-07-18 17:15,1.98,6.4
2018-07-18 17:30,1.45,6.21
2018-07-18 17:45,0.78,6.43
2018-07-18 18:00,0.61,6.58
2018-07-18 18:15,0.37,7.06
2018-07-18 18:30,0.10,7.39
2018-07-18 18:45,0.00,7.74
2018-07-18 19:00,0.00,7.5
2018-07-18 19:15,0.00,7.75
2018-07-18 19:30,0.01,7.85
2018-07-18 19:45,0.00,7.59
2018-07-18 20:00,0.00,7.65
2018-07-18 20:15,0.00,7.41
2018-07-18 20:30,0.01,7.45
2018-07-18 20:45,0.00,7.45
2018-07-18 21:00,0.00,7.54
2018-07-18 21:15,0.00,6.44
2018-07-18 21:30,0.01,6.34
2018-07-18 21:45,0.00,6.22
2018-07-18 22:00,0.00,5.81
2018-07-18 22:15,0.00,5.7
2018-07-18 22:30,0.00,5.48
2018-07-18 22:45,0.01,5.3
2018-07-18 23:00,0.00,5.43
2018-07-18 23:15,0.00,5.39
2018-07-18 23:30,0.00,5.29
2018-07-18 23:45,0.01,5.19
2018-07-19 00:00,0.00,5.25
2018-07-19 00:15,0.00,5.13
2018-07-19 00:30,0.00,5.31
2018-07-19 00:45,0.01,5.26
2018-07-19 01:00,0.00,5.17
2018-07-19 01:15,0.00,5.27
2018-07-19 01:30,0.00,5.25
2018-07-19 01:45,0.01,5.16
2018-07-19 02:00,0.00,5.04
2018-07-19 02:15,0.00,5.01
2018-07-19 02:30,0.00,5.02
2018-07-19 02:45,0.01,5
2018-07-19 03:00,0.00,4.95
2018-07-19 03:15,0.00,4.92
2018-07-19 03:30,0.00,4.88
2018-07-19 03:45,0.01,4.84
2018-07-19 04:00,0.00,4.85
2018-07-19 04:15,0.00,4.78
2018-07-19 04:30,0.01,4.72
2018-07-19 04:45,0.00,4.9
2018-07-19 05:00,0.00,4.7
2018-07-19 05:15,0.00,4.69
2018-07-19 05:30,0.01,4.56
2018-07-19 05:45,0.00,4.6
2018-07-19 06:00,0.03,4.52
2018-07-19 06:15,0.30,4.55
2018-07-19 06:30,0.56,4.6
2018-07-19 06:45,1.65,4.49
2018-07-19 07:00,1.74,4.47
2018-07-19 07:15,2.14,4.54
2018-07-19 07:30,1.61,4.16
2018-07-19 07:45,2.26,4.12
2018-07-19 08:00,3.21,4.3
2018-07-19 08:15,3.26,4.82
2018-07-19 08:30,3.26,4.82
2018-07-19 08:45,7.48,4.74
2018-07-19 09:00,4.43,4.85
2018-07-19 09:15,5.63,4.37
2018-07-19 09:30,11.35,4.06
2018-07-19 09:45,12.47,4.14
2018-07-19 10:00,13.50,4.33
2018-07-19 10:15,20.49,4.64
2018-07-19 10:30,18.47,5.32
2018-07-19 10:45,16.43,5.23
2018-07-19 11:00,18.02,5.06
2018-07-19 11:15,18.84,5.15
2018-07-19 11:30,14.63,5.22
2018-07-19 11:45,12.66,5.03
2018-07-19 12:00,14.30,4.95
2018-07-19 12:15,17.14,4.89
2018-07-19 12:30,18.70,4.94
2018-07-19 12:45,16.13,4.93
2018-07-19 13:00,16.39,4.91
2018-07-19 13:15,14.45,5.04
2018-07-19 13:30,13.00,5.13
2018-07-19 13:45,11.26,5.11
2018-07-19 14:00,11.18,5.14
2018-07-19 14:15,11.61,5.37
2018-07-19 14:30,13.00,5.86
2018-07-19 14:45,12.06,5.72
2018-07-19 15:00,11.34,5.61
2018-07-19 15:15,11.65,6.06
2018-07-19 15:30,11.82,6.23
2018-07-19 15:45,11.14,6.5
2018-07-19 16:00,9.32,6.61
2018-07-19 16:15,8.74,6.49
2018-07-19 16:30,7.21,6.31
2018-07-19 16:45,11.61,6.34
2018-07-19 17:00,5.46,5.69
2018-07-19 17:15,4.97,5.32
2018-07-19 17:30,4.24,5.54
2018-07-19 17:45,3.38,5.89
2018-07-19 18:00,2.33,5.81
2018-07-19 18:15,1.33,5.72
2018-07-19 18:30,0.46,5.56
2018-07-19 18:45,0.02,5.81
2018-07-19 19:00,0.00,5.81
2018-07-19 19:15,0.00,6.01
2018-07-19 19:30,0.00,6.23
2018-07-19 19:45,0.01,6.2
2018-07-19 20:00,0.00,6.16
2018-07-19 20:15,0.00,6.04
2018-07-19 20:30,0.00,5.82
2018-07-19 20:45,0.01,5.32
2018-07-19 21:00,0.00,5.13
2018-07-19 21:15,0.00,5.14
2018-07-19 21:30,0.00,5.2
2018-07-19 21:45,0.00,5.13
2018-07-19 22:00,0.01,5.11
2018-07-19 22:15,0.00,5.13
2018-07-19 22:30,0.00,5.14
2018-07-19 22:45,0.00,5.25
2018-07-19 23:00,0.01,5.18
2018-07-19 23:15,0.00,5.17
2018-07-19 23:30,0.00,5.11
2018-07-19 23:45,0.00,4.92
2018-07-20 00:00,0.01,4.83
2018-07-20 00:15,0.00,4.71
2018-07-20 00:30,0.00,4.67
2018-07-20 00:45,0.00,4.46
2018-07-20 01:00,0.01,4.46
2018-07-20 01:15,0.00,4.42
2018-07-20 01:30,0.00,4.31
2018-07-20 01:45,0.00,4.39
2018-07-20 02:00,0.00,4.31
2018-07-20 02:15,0.01,4.35
2018-07-20 02:30,0.00,4.27
2018-07-20 02:45,0.00,4.23
2018-07-20 03:00,0.00,4.33
2018-07-20 03:15,0.01,4.34
2018-07-20 03:30,0.00,4.35
2018-07-20 03:45,0.00,4.26
2018-07-20 04:00,0.00,4.26
2018-07-20 04:15,0.01,4.2
2018-07-20 04:30,0.00,4.18
2018-07-20 04:45,0.00,4.15
2018-07-20 05:00,0.00,4.16
2018-07-20 05:15,0.01,4.12
2018-07-20 05:30,0.00,4.19
2018-07-20 05:45,0.00,4.01
2018-07-20 06:00,0.04,4.03
2018-07-20 06:15,0.37,4.05
2018-07-20 06:30,1.01,4.15
2018-07-20 06:45,1.74,4.24
2018-07-20 07:00,2.02,4.05
2018-07-20 07:15,1.70,4.18
2018-07-20 07:30,2.38,4.34
2018-07-20 07:45,3.30,4.53
2018-07-20 08:00,4.86,4.33
2018-07-20 08:15,7.40,4.27
2018-07-20 08:30,9.89,3.94
2018-07-20 08:45,13.94,4.26
2018-07-20 09:00,15.78,4.06
2018-07-20 09:15,18.50,4.5
2018-07-20 09:30,17.06,4.72
2018-07-20 09:45,21.65,4.66
2018-07-20 10:00,22.84,4.97
2018-07-20 10:15,22.39,4.87
2018-07-20 10:30,20.77,4.42
2018-07-20 10:45,25.02,4.42
2018-07-20 11:00,26.06,4.55
2018-07-20 11:15,20.06,4.4
2018-07-20 11:30,18.21,4.35
2018-07-20 11:45,21.62,4.72
2018-07-20 12:00,24.78,5.32
2018-07-20 12:15,28.12,5.45
2018-07-20 12:30,29.66,5.39
2018-07-20 12:45,26.32,5.41
2018-07-20 13:00,24.60,5.44
2018-07-20 13:15,29.07,5.19
2018-07-20 13:30,27.34,5.41
2018-07-20 13:45,14.09,5.03
2018-07-20 14:00,16.57,5.18
2018-07-20 14:15,12.66,5.05
2018-07-20 14:30,9.80,4.91
2018-07-20 14:45,12.69,5.04
2018-07-20 15:00,12.53,4.93
2018-07-20 15:15,16.91,5.07
2018-07-20 15:30,10.66,5.09
2018-07-20 15:45,5.51,5.05
2018-07-20 16:00,5.06,4.8
2018-07-20 16:15,5.89,7.2
2018-07-20 16:30,5.56,6.39
2018-07-20 16:45,5.49,3.68
2018-07-20 17:00,4.94,3.52
2018-07-20 17:15,4.03,3.11
2018-07-20 17:30,2.62,2.84
2018-07-20 17:45,2.36,2.6
2018-07-20 18:00,1.86,2.71
2018-07-20 18:15,1.01,2.61
2018-07-20 18:30,0.34,2.58
2018-07-20 18:45,0.01,2.63
2018-07-20 19:00,0.00,2.59
2018-07-20 19:15,0.00,2.5
2018-07-20 19:30,0.01,2.49
2018-07-20 19:45,0.00,2.45
2018-07-20 20:00,0.00,2.41
2018-07-20 20:15,0.00,2.34
2018-07-20 20:30,0.01,2.33
2018-07-20 20:45,0.00,2.31
2018-07-20 21:00,0.00,2.19
2018-07-20 21:15,0.00,2.2
2018-07-20 21:30,0.01,2.19
2018-07-20 21:45,0.00,2.19
2018-07-20 22:00,0.00,2.11
2018-07-20 22:15,0.00,2.04
2018-07-20 22:30,0.01,2.09
2018-07-20 22:45,0.00,2.2
2018-07-20 23:00,0.00,2.95
2018-07-20 23:15,0.00,2.92
2018-07-20 23:30,0.01,3.06
2018-07-20 23:45,0.00,3.06
2018-07-21 00:00,0.00,2.81
2018-07-21 00:15,0.00,2.72
2018-07-21 00:30,0.01,2.62
2018-07-21 00:45,0.00,2.62
2018-07-21 01:00,0.00,2.64
2018-07-21 01:15,0.00,2.62
2018-07-21 01:30,0.01,2.65
2018-07-21 01:45,0.00,2.67
2018-07-21 02:00,0.00,2.59
2018-07-21 02:15,0.00,2.6
2018-07-21 02:30,0.01,2.62
2018-07-21 02:45,0.00,2.6
2018-07-21 03:00,0.00,2.63
2018-07-21 03:15,0.00,2.55
2018-07-21 03:30,0.00,2.51
2018-07-21 03:45,0.01,2.54
2018-07-21 04:00,0.00,2.56
2018-07-21 04:15,0.00,2.64
2018-07-21 04:30,0.00,2.66
2018-07-21 04:45,0.01,2.64
2018-07-21 05:00,0.00,2.66
2018-07-21 05:15,0.00,3
2018-07-21 05:30,0.01,3.24
2018-07-21 05:45,0.00,3.29
2018-07-21 06:00,0.02,3.77
2018-07-21 06:15,0.42,20.54
2018-07-21 06:30,0.98,47.06
2018-07-21 06:45,1.64,51.91
2018-07-21 07:00,2.37,51.27
2018-07-21 07:15,2.70,51.05
2018-07-21 07:30,3.48,50.49
2018-07-21 07:45,4.11,48.79
2018-07-21 08:00,5.69,48.38
2018-07-21 08:15,6.10,47.74
2018-07-21 08:30,6.06,48.08
2018-07-21 08:45,4.79,47.22
2018-07-21 09:00,8.09,47.56
2018-07-21 09:15,10.30,48.05
2018-07-21 09:30,13.40,48
2018-07-21 09:45,22.01,48.32
2018-07-21 10:00,17.21,49.5
2018-07-21 10:15,13.98,49.7
2018-07-21 10:30,15.94,48.83
2018-07-21 10:45,17.13,48.63
2018-07-21 11:00,15.87,49.03
2018-07-21 11:15,14.30,49.74
2018-07-21 11:30,16.01,49.87
2018-07-21 11:45,17.56,51.14
2018-07-21 12:00,18.84,50.77
2018-07-21 12:15,20.01,49.85
2018-07-21 12:30,15.44,49.9
2018-07-21 12:45,13.04,49.07
2018-07-21 13:00,20.34,48.76
2018-07-21 13:15,20.39,49.27
2018-07-21 13:30,21.97,49.39
2018-07-21 13:45,20.69,50.28
2018-07-21 14:00,18.31,49.68
2018-07-21 14:15,18.27,48.91
2018-07-21 14:30,16.16,49.27
2018-07-21 14:45,19.89,49.95
2018-07-21 15:00,15.19,49.98
2018-07-21 15:15,13.50,46.34
2018-07-21 15:30,12.31,46.41
2018-07-21 15:45,6.30,48.56
2018-07-21 16:00,3.90,47.48
2018-07-21 16:15,3.77,37.69
2018-07-21 16:30,3.42,24.56
2018-07-21 16:45,3.45,10.53
2018-07-21 17:00,3.07,5.81
2018-07-21 17:15,2.66,4.99
2018-07-21 17:30,2.11,5.02
2018-07-21 17:45,1.41,4.92
2018-07-21 18:00,0.84,3.83
2018-07-21 18:15,0.50,2.82
2018-07-21 18:30,0.18,2.84
2018-07-21 18:45,0.01,3.15
2018-07-21 19:00,0.00,3.19
2018-07-21 19:15,0.00,3.25
2018-07-21 19:30,0.00,3.06
2018-07-21 19:45,0.01,3.01
2018-07-21 20:00,0.00,2.97
2018-07-21 20:15,0.00,2.8
2018-07-21 20:30,0.00,2.25
2018-07-21 20:45,0.01,2.18
2018-07-21 21:00,0.00,1.76
2018-07-21 21:15,0.00,1.67
2018-07-21 21:30,0.00,1.69
2018-07-21 21:45,0.01,1.64
2018-07-21 22:00,0.00,1.51
2018-07-21 22:15,0.00,1.52
2018-07-21 22:30,0.00,1.54
2018-07-21 22:45,0.00,1.59
2018-07-21 23:00,0.01,1.57
2018-07-21 23:15,0.00,1.51
2018-07-21 23:30,0.00,1.55
2018-07-21 23:45,0.00,1.49
2018-07-22 00:00,0.01,1.44
2018-07-22 00:15,0.00,1.41
2018-07-22 00:30,0.00,1.37
2018-07-22 00:45,0.00,1.4
2018-07-22 01:00,0.01,1.4
2018-07-22 01:15,0.00,1.4
2018-07-22 01:30,0.00,1.4
2018-07-22 01:45,0.00,1.41
2018-07-22 02:00,0.01,1.43
2018-07-22 02:15,0.00,1.45
2018-07-22 02:30,0.00,1.4
2018-07-22 02:45,0.00,1.41
2018-07-22 03:00,0.00,1.39
2018-07-22 03:15,0.01,1.39
2018-07-22 03:30,0.00,1.39
2018-07-22 03:45,0.00,1.38
2018-07-22 04:00,0.00,1.41
2018-07-22 04:15,0.01,1.39
2018-07-22 04:30,0.00,1.4
2018-07-22 04:45,0.00,1.42
2018-07-22 05:00,0.00,1.44
2018-07-22 05:15,0.01,1.4
2018-07-22 05:30,0.00,1.34
2018-07-22 05:45,0.00,1.31
2018-07-22 06:00,0.01,1.21
2018-07-22 06:15,0.03,1.18
2018-07-22 06:30,0.33,1.21
2018-07-22 06:45,0.78,1.23
2018-07-22 07:00,1.84,1.19
2018-07-22 07:15,2.92,1.22
2018-07-22 07:30,4.18,1.3
2018-07-22 07:45,5.21,1.43
2018-07-22 08:00,6.01,1.49
2018-07-22 08:15,7.77,1.44
2018-07-22 08:30,8.90,1.44
2018-07-22 08:45,9.40,1.54
2018-07-22 09:00,13.14,1.73
2018-07-22 09:15,12.59,1.74
2018-07-22 09:30,15.16,1.9
2018-07-22 09:45,11.76,1.85
2018-07-22 10:00,14.46,1.78
2018-07-22 10:15,21.34,2.06
2018-07-22 10:30,20.16,1.95
2018-07-22 10:45,22.26,1.79
2018-07-22 11:00,26.86,1.98
2018-07-22 11:15,27.54,2.02
2018-07-22 11:30,25.17,1.93
2018-07-22 11:45,20.69,2.1
2018-07-22 12:00,30.23,2.17
2018-07-22 12:15,21.13,2.18
2018-07-22 12:30,12.10,2.09
2018-07-22 12:45,5.77,2.41
2018-07-22 13:00,9.62,2.63
2018-07-22 13:15,13.98,2.67
2018-07-22 13:30,8.76,2.8
2018-07-22 13:45,10.85,3.48
2018-07-22 14:00,8.55,4.33
2018-07-22 14:15,8.51,5.21
2018-07-22 14:30,13.34,5.53
2018-07-22 14:45,8.07,6.13
2018-07-22 15:00,4.03,3.34
2018-07-22 15:15,5.48,3.2
2018-07-22 15:30,4.98,3.16
2018-07-22 15:45,8.38,2.97
2018-07-22 16:00,10.62,3.12
2018-07-22 16:15,8.95,3.05
2018-07-22 16:30,5.20,2.81
2018-07-22 16:45,3.92,2.77
2018-07-22 17:00,4.03,2.63
2018-07-22 17:15,2.50,2.2
2018-07-22 17:30,2.08,2.06
2018-07-22 17:45,2.25,2.16
2018-07-22 18:00,0.97,2.29
2018-07-22 18:15,0.48,2.22
2018-07-22 18:30,0.33,2.28
2018-07-22 18:45,0.06,2.38
2018-07-22 19:00,0.00,2.42
2018-07-22 19:15,0.00,2.57
2018-07-22 19:30,0.00,2.62
2018-07-22 19:45,0.00,2.62
2018-07-22 20:00,0.01,2.51
2018-07-22 20:15,0.00,2.6
2018-07-22 20:30,0.00,2.78
2018-07-22 20:45,0.00,2.71
2018-07-22 21:00,0.01,2.59
2018-07-22 21:15,0.00,2.04
2018-07-22 21:30,0.00,2.02
2018-07-22 21:45,0.00,2.07
2018-07-22 22:00,0.00,1.95
2018-07-22 22:15,0.01,1.89
2018-07-22 22:30,0.00,1.9
2018-07-22 22:45,0.00,1.92
2018-07-22 23:00,0.00,1.91
2018-07-22 23:15,0.01,1.92
2018-07-22 23:30,0.00,1.87
2018-07-22 23:45,0.00,1.75
2018-07-23 00:00,0.00,1.68
2018-07-23 00:15,0.01,1.7
2018-07-23 00:30,0.00,1.69
2018-07-23 00:45,0.00,1.76
2018-07-23 01:00,0.00,1.8
2018-07-23 01:15,0.01,1.73
2018-07-23 01:30,0.00,1.8
2018-07-23 01:45,0.00,1.85
2018-07-23 02:00,0.00,1.83
2018-07-23 02:15,0.00,1.84
2018-07-23 02:30,0.01,1.92
2018-07-23 02:45,0.00,1.98
2018-07-23 03:00,0.00,1.98
2018-07-23 03:15,0.01,1.88
2018-07-23 03:30,0.00,1.84
2018-07-23 03:45,0.00,1.87
2018-07-23 04:00,0.00,1.83
2018-07-23 04:15,0.01,1.89
2018-07-23 04:30,0.00,1.88
2018-07-23 04:45,0.00,1.89
2018-07-23 05:00,0.00,1.81
2018-07-23 05:15,0.01,1.82
2018-07-23 05:30,0.00,1.85
2018-07-23 05:45,0.00,1.76
2018-07-23 06:00,0.05,1.69
2018-07-23 06:15,0.72,1.68
2018-07-23 06:30,2.08,1.81
2018-07-23 06:45,4.79,1.91
2018-07-23 07:00,4.93,2.04
2018-07-23 07:15,5.17,2.53
2018-07-23 07:30,9.21,2.46
2018-07-23 07:45,7.79,2.53
2018-07-23 08:00,8.56,2.81
2018-07-23 08:15,9.50,2.78
2018-07-23 08:30,9.38,2.99
2018-07-23 08:45,12.71,2.95
2018-07-23 09:00,13.14,2.83
2018-07-23 09:15,10.92,4.14
2018-07-23 09:30,12.88,3.91
2018-07-23 09:45,9.77,4.15
2018-07-23 10:00,11.58,5.31
2018-07-23 10:15,15.14,6.22
2018-07-23 10:30,17.66,6.08
2018-07-23 10:45,20.22,7.6
2018-07-23 11:00,19.66,8.09
2018-07-23 11:15,16.42,7.16
2018-07-23 11:30,18.22,4.41
2018-07-23 11:45,22.07,4.89
2018-07-23 12:00,27.68,5.02
2018-07-23 12:15,21.40,5.03
2018-07-23 12:30,14.54,4.45
2018-07-23 12:45,22.95,4.47
2018-07-23 13:00,24.18,4.62
2018-07-23 13:15,28.44,4.79
2018-07-23 13:30,25.86,4.89
2018-07-23 13:45,18.70,9.04
2018-07-23 14:00,18.13,12.52
2018-07-23 14:15,14.29,13.18
2018-07-23 14:30,12.73,13.13
2018-07-23 14:45,12.63,13.12
2018-07-23 15:00,12.82,13.06
2018-07-23 15:15,18.90,9.06
2018-07-23 15:30,15.06,4.6
2018-07-23 15:45,11.85,5.31
2018-07-23 16:00,5.42,5.33
2018-07-23 16:15,7.06,4.96
2018-07-23 16:30,6.98,4.49
2018-07-23 16:45,10.51,3.94
2018-07-23 17:00,7.20,4.04
2018-07-23 17:15,2.55,4.03
2018-07-23 17:30,1.99,3.66
2018-07-23 17:45,1.53,3.69
2018-07-23 18:00,1.06,3.72
2018-07-23 18:15,0.66,3.59
2018-07-23 18:30,0.30,3.55
2018-07-23 18:45,0.02,3.65
2018-07-23 19:00,0.01,3.27
2018-07-23 19:15,0.00,3.24
2018-07-23 19:30,0.00,3.29
2018-07-23 19:45,0.00,3.3
2018-07-23 20:00,0.01,3.3
2018-07-23 20:15,0.00,3.21
2018-07-23 20:30,0.00,3.34
2018-07-23 20:45,0.01,3.29
2018-07-23 21:00,0.00,3.09
2018-07-23 21:15,0.00,2.37
2018-07-23 21:30,0.00,2.09
2018-07-23 21:45,0.01,2.14
2018-07-23 22:00,0.00,2.11
2018-07-23 22:15,0.00,2.02
2018-07-23 22:30,0.00,2.03
2018-07-23 22:45,0.01,2
2018-07-23 23:00,0.00,1.99
2018-07-23 23:15,0.00,2.05
2018-07-23 23:30,0.00,2
2018-07-23 23:45,0.01,1.92
2018-07-24 00:00,0.00,1.88
2018-07-24 00:15,0.00,1.79
2018-07-24 00:30,0.01,1.78
2018-07-24 00:45,0.00,1.81
2018-07-24 01:00,0.00,1.8
2018-07-24 01:15,0.00,1.79
2018-07-24 01:30,0.01,1.81
2018-07-24 01:45,0.00,1.8
2018-07-24 02:00,0.00,1.79
2018-07-24 02:15,0.00,1.79
2018-07-24 02:30,0.01,1.77
2018-07-24 02:45,0.00,1.81
2018-07-24 03:00,0.00,1.79
2018-07-24 03:15,0.00,1.76
2018-07-24 03:30,0.01,1.77
2018-07-24 03:45,0.00,1.75
2018-07-24 04:00,0.00,1.74
2018-07-24 04:15,0.00,1.84
2018-07-24 04:30,0.01,1.8
2018-07-24 04:45,0.00,1.78
2018-07-24 05:00,0.00,1.76
2018-07-24 05:15,0.00,1.71
2018-07-24 05:30,0.01,1.72
2018-07-24 05:45,0.00,1.72
2018-07-24 06:00,0.15,1.59
2018-07-24 06:15,1.03,1.62
2018-07-24 06:30,2.08,1.6
2018-07-24 06:45,3.22,1.59
2018-07-24 07:00,4.18,1.58
2018-07-24 07:15,5.69,1.78
2018-07-24 07:30,8.94,2.19
2018-07-24 07:45,11.24,2.26
2018-07-24 08:00,10.98,2.82
2018-07-24 08:15,9.14,2.67
2018-07-24 08:30,10.98,2.63
2018-07-24 08:45,18.09,2.78
2018-07-24 09:00,20.76,2.9
2018-07-24 09:15,23.72,4.37
2018-07-24 09:30,24.51,6.78
2018-07-24 09:45,21.25,9.77
2018-07-24 10:00,17.69,8.93
2018-07-24 10:15,24.88,8.94
2018-07-24 10:30,29.78,8.94
2018-07-24 10:45,29.24,9.05
2018-07-24 11:00,22.94,9.08
2018-07-24 11:15,17.99,8.99
2018-07-24 11:30,18.61,8.99
2018-07-24 11:45,19.12,9.03
2018-07-24 12:00,7.99,9.1
2018-07-24 12:15,13.99,9.09
2018-07-24 12:30,27.28,9.02
2018-07-24 12:45,19.64,9.08
2018-07-24 13:00,22.44,9.13
2018-07-24 13:15,28.18,9.44
2018-07-24 13:30,24.30,10.48
2018-07-24 13:45,17.32,11.05
2018-07-24 14:00,15.90,11.11
2018-07-24 14:15,19.16,10.95
2018-07-24 14:30,21.50,10.71
2018-07-24 14:45,20.23,10.46
2018-07-24 15:00,16.95,9.89
2018-07-24 15:15,23.75,9.54
2018-07-24 15:30,16.98,9.2
2018-07-24 15:45,13.54,9.01
2018-07-24 16:00,16.52,8.32
2018-07-24 16:15,15.34,8.2
2018-07-24 16:30,14.06,8.27
2018-07-24 16:45,8.94,7.94
2018-07-24 17:00,8.50,7.65
2018-07-24 17:15,4.83,7.46
2018-07-24 17:30,3.74,7.19
2018-07-24 17:45,3.30,7.08
2018-07-24 18:00,2.14,7.09
2018-07-24 18:15,1.01,4.55
2018-07-24 18:30,0.26,2.37
2018-07-24 18:45,0.01,2.45
2018-07-24 19:00,0.00,2.37
2018-07-24 19:15,0.00,2.5
2018-07-24 19:30,0.00,2.58
2018-07-24 19:45,0.01,2.34
2018-07-24 20:00,0.00,2.3
2018-07-24 20:15,0.00,2.3
2018-07-24 20:30,0.00,2.37
2018-07-24 20:45,0.01,2.7
2018-07-24 21:00,0.00,2.72
2018-07-24 21:15,0.00,2.94
2018-07-24 21:30,0.00,2.8
2018-07-24 21:45,0.01,2.77
2018-07-24 22:00,0.00,2.59
2018-07-24 22:15,0.00,2.27
2018-07-24 22:30,0.00,2.35
2018-07-24 22:45,0.01,2.34
2018-07-24 23:00,0.00,2.26
2018-07-24 23:15,0.00,2.05
2018-07-24 23:30,0.01,2.01
2018-07-24 23:45,0.00,1.95
2018-07-25 00:00,0.00,1.89
2018-07-25 00:15,0.00,1.97
2018-07-25 00:30,0.01,1.99
2018-07-25 00:45,0.00,1.95
2018-07-25 01:00,0.00,1.96
2018-07-25 01:15,0.00,2.03
2018-07-25 01:30,0.01,2.02
2018-07-25 01:45,0.00,2.01
2018-07-25 02:00,0.00,2.02
2018-07-25 02:15,0.00,2
2018-07-25 02:30,0.00,1.99
2018-07-25 02:45,0.01,2.01
2018-07-25 03:00,0.00,1.98
2018-07-25 03:15,0.00,1.83
2018-07-25 03:30,0.01,1.85
2018-07-25 03:45,0.00,1.84
2018-07-25 04:00,0.00,1.84
2018-07-25 04:15,0.00,1.87
2018-07-25 04:30,0.01,1.86
2018-07-25 04:45,0.00,1.87
2018-07-25 05:00,0.00,1.84
2018-07-25 05:15,0.00,1.78
2018-07-25 05:30,0.01,1.68
2018-07-25 05:45,0.00,1.67
2018-07-25 06:00,0.07,1.73
2018-07-25 06:15,0.61,1.85
2018-07-25 06:30,1.59,1.87
2018-07-25 06:45,2.48,1.81
2018-07-25 07:00,4.26,1.98
2018-07-25 07:15,7.66,2.12
2018-07-25 07:30,7.67,2.2
2018-07-25 07:45,9.27,2.38
2018-07-25 08:00,12.68,2.68
2018-07-25 08:15,13.82,2.73
2018-07-25 08:30,11.99,2.83
2018-07-25 08:45,13.32,2.81
2018-07-25 09:00,11.75,2.81
2018-07-25 09:15,11.85,2.94
2018-07-25 09:30,13.06,3.88
2018-07-25 09:45,11.22,3.78
2018-07-25 10:00,14.17,4.25
2018-07-25 10:15,20.94,3.67
2018-07-25 10:30,19.84,2.97
2018-07-25 10:45,18.93,3.11
2018-07-25 11:00,28.50,3
2018-07-25 11:15,22.42,2.92
2018-07-25 11:30,15.43,3.28
2018-07-25 11:45,18.46,3.36
2018-07-25 12:00,14.96,2.97
2018-07-25 12:15,25.59,2.96
2018-07-25 12:30,15.69,3.08
2018-07-25 12:45,8.38,3.39
2018-07-25 13:00,7.86,3.34
2018-07-25 13:15,10.19,3.02
2018-07-25 13:30,13.02,2.96
2018-07-25 13:45,17.39,3.3
2018-07-25 14:00,17.17,3.45
2018-07-25 14:15,15.58,3.61
2018-07-25 14:30,17.06,3.54
2018-07-25 14:45,20.57,3.42
2018-07-25 15:00,19.24,3.58
2018-07-25 15:15,7.62,3.56
2018-07-25 15:30,8.45,3.49
2018-07-25 15:45,6.01,3.51
2018-07-25 16:00,4.87,3.53
2018-07-25 16:15,3.25,3.47
2018-07-25 16:30,1.56,3.35
2018-07-25 16:45,2.82,3.1
2018-07-25 17:00,4.30,2.95
2018-07-25 17:15,4.75,2.92
2018-07-25 17:30,2.73,2.74
2018-07-25 17:45,1.40,2.53
2018-07-25 18:00,0.71,2.79
2018-07-25 18:15,0.29,2.75
2018-07-25 18:30,0.02,2.7
2018-07-25 18:45,0.01,2.66
2018-07-25 19:00,0.00,2.64
2018-07-25 19:15,0.00,2.67
2018-07-25 19:30,0.00,3.03
2018-07-25 19:45,0.01,3.07
2018-07-25 20:00,0.00,3.03
2018-07-25 20:15,0.00,2.82
2018-07-25 20:30,0.01,2.85
2018-07-25 20:45,0.00,2.89
2018-07-25 21:00,0.00,2.79
2018-07-25 21:15,0.00,2.76
2018-07-25 21:30,0.01,2.74
2018-07-25 21:45,0.00,2.62
2018-07-25 22:00,0.00,2.53
2018-07-25 22:15,0.00,2.5
2018-07-25 22:30,0.00,2.07
2018-07-25 22:45,0.01,2.06
2018-07-25 23:00,0.00,2.09
2018-07-25 23:15,0.00,2.04
2018-07-25 23:30,0.00,2.06
2018-07-25 23:45,0.01,2.12
2018-07-26 00:00,0.00,2.07
2018-07-26 00:15,0.00,2
2018-07-26 00:30,0.00,1.98
2018-07-26 00:45,0.01,1.99
2018-07-26 01:00,0.00,2.01
2018-07-26 01:15,0.00,2
2018-07-26 01:30,0.00,1.99
2018-07-26 01:45,0.01,2
2018-07-26 02:00,0.00,2.01
2018-07-26 02:15,0.00,2.02
2018-07-26 02:30,0.01,2.01
2018-07-26 02:45,0.00,1.95
2018-07-26 03:00,0.00,1.94
2018-07-26 03:15,0.00,1.89
2018-07-26 03:30,0.01,1.89
2018-07-26 03:45,0.00,1.91
2018-07-26 04:00,0.00,1.93
2018-07-26 04:15,0.00,1.95
2018-07-26 04:30,0.01,1.95
2018-07-26 04:45,0.00,1.96
2018-07-26 05:00,0.00,1.8
2018-07-26 05:15,0.01,1.79
2018-07-26 05:30,0.00,1.8
2018-07-26 05:45,0.00,1.79
2018-07-26 06:00,0.08,1.77
2018-07-26 06:15,0.50,1.66
2018-07-26 06:30,1.21,1.7
2018-07-26 06:45,2.01,1.64
2018-07-26 07:00,3.50,1.61
2018-07-26 07:15,5.50,1.77
2018-07-26 07:30,9.03,2.31
2018-07-26 07:45,10.91,2.6
2018-07-26 08:00,9.30,2.62
2018-07-26 08:15,7.44,2.89
2018-07-26 08:30,8.22,3.03
2018-07-26 08:45,13.94,3.26
2018-07-26 09:00,18.04,3.37
2018-07-26 09:15,18.18,3.58
2018-07-26 09:30,19.96,3.62
2018-07-26 09:45,23.02,3.15
2018-07-26 10:00,18.41,3.1
2018-07-26 10:15,18.10,3.1
2018-07-26 10:30,21.22,3.17
2018-07-26 10:45,19.81,3.41
2018-07-26 11:00,19.14,3.44
2018-07-26 11:15,20.17,3.3
2018-07-26 11:30,16.21,3.67
2018-07-26 11:45,19.34,3.78
2018-07-26 12:00,21.51,3.71
2018-07-26 12:15,30.97,3.48
2018-07-26 12:30,21.02,3.45
2018-07-26 12:45,27.61,3.81
2018-07-26 13:00,25.01,3.68
2018-07-26 13:15,13.43,3.67
2018-07-26 13:30,6.44,3.54
2018-07-26 13:45,9.11,3.68
2018-07-26 14:00,19.20,3.95
2018-07-26 14:15,16.36,4.11
2018-07-26 14:30,4.67,4.14
2018-07-26 14:45,12.71,3.92
2018-07-26 15:00,14.33,3.84
2018-07-26 15:15,9.75,4
2018-07-26 15:30,8.47,3.97
2018-07-26 15:45,1.94,4.02
2018-07-26 16:00,3.34,4.53
2018-07-26 16:15,6.07,4.49
2018-07-26 16:30,9.57,4.37
2018-07-26 16:45,9.49,4.61
2018-07-26 17:00,8.77,4.51
2018-07-26 17:15,6.48,4.75
2018-07-26 17:30,7.68,4.67
2018-07-26 17:45,7.31,4.57
2018-07-26 18:00,4.62,4.64
2018-07-26 18:15,2.37,4.46
2018-07-26 18:30,0.87,4.43
2018-07-26 18:45,0.07,4.39
2018-07-26 19:00,0.00,4.09
2018-07-26 19:15,0.00,4.03
2018-07-26 19:30,0.00,4.02
2018-07-26 19:45,0.00,3.98
2018-07-26 20:00,0.01,4.24
2018-07-26 20:15,0.00,3.84
2018-07-26 20:30,0.00,3.52
2018-07-26 20:45,0.00,3.41
2018-07-26 21:00,0.01,3.32
2018-07-26 21:15,0.00,3.26
2018-07-26 21:30,0.00,3.25
2018-07-26 21:45,0.00,3.11
2018-07-26 22:00,0.01,3.02
2018-07-26 22:15,0.00,2.87
2018-07-26 22:30,0.00,2.97
2018-07-26 22:45,0.00,3.08
2018-07-26 23:00,0.01,3.05
2018-07-26 23:15,0.00,2.98
2018-07-26 23:30,0.00,2.95
2018-07-26 23:45,0.00,2.9
2018-07-27 00:00,0.01,2.84
2018-07-27 00:15,0.00,2.78
2018-07-27 00:30,0.00,2.74
2018-07-27 00:45,0.00,2.69
2018-07-27 01:00,0.01,2.73
2018-07-27 01:15,0.00,2.7
2018-07-27 01:30,0.00,2.72
2018-07-27 01:45,0.00,2.77
2018-07-27 02:00,0.01,2.69
2018-07-27 02:15,0.00,2.7
2018-07-27 02:30,0.00,2.66
2018-07-27 02:45,0.00,2.7
2018-07-27 03:00,0.01,2.69
2018-07-27 03:15,0.00,2.65
2018-07-27 03:30,0.00,2.68
2018-07-27 03:45,0.00,2.63
2018-07-27 04:00,0.01,2.66
2018-07-27 04:15,0.00,2.69
2018-07-27 04:30,0.00,2.68
2018-07-27 04:45,0.00,2.68
2018-07-27 05:00,0.01,2.69
2018-07-27 05:15,0.00,2.61
2018-07-27 05:30,0.00,2.42
2018-07-27 05:45,0.00,2.38
2018-07-27 06:00,0.01,2.32
2018-07-27 06:15,0.06,2.5
2018-07-27 06:30,0.30,2.51
2018-07-27 06:45,0.73,3.64
2018-07-27 07:00,1.14,3.93
2018-07-27 07:15,1.90,4.28
2018-07-27 07:30,3.17,5.29
2018-07-27 07:45,5.21,5.08
2018-07-27 08:00,5.46,8.34
2018-07-27 08:15,3.69,28.08
2018-07-27 08:30,3.06,49.19
2018-07-27 08:45,5.90,54.11
2018-07-27 09:00,9.26,57.09
2018-07-27 09:15,10.62,56.57
2018-07-27 09:30,12.87,56.98
2018-07-27 09:45,15.42,57.18
2018-07-27 10:00,13.79,56.96
2018-07-27 10:15,13.86,56.88
2018-07-27 10:30,15.04,56.29
2018-07-27 10:45,14.61,56.14
2018-07-27 11:00,18.80,56.3
2018-07-27 11:15,22.81,55.98
2018-07-27 11:30,13.97,56.54
2018-07-27 11:45,15.24,56.96
2018-07-27 12:00,22.42,56.36
2018-07-27 12:15,17.67,56.95
2018-07-27 12:30,27.63,57.09
2018-07-27 12:45,24.74,57.65
2018-07-27 13:00,24.06,57.28
2018-07-27 13:15,27.02,57.26
2018-07-27 13:30,23.58,57.98
2018-07-27 13:45,10.60,58.42
2018-07-27 14:00,13.58,58.56
2018-07-27 14:15,15.09,57.68
2018-07-27 14:30,16.35,57.79
2018-07-27 14:45,16.82,57.53
2018-07-27 15:00,13.86,57.42
2018-07-27 15:15,14.03,56.95
2018-07-27 15:30,11.78,56.71
2018-07-27 15:45,12.46,56.96
2018-07-27 16:00,13.31,56.82
2018-07-27 16:15,9.68,56.61
2018-07-27 16:30,5.18,56.77
2018-07-27 16:45,5.32,56.44
2018-07-27 17:00,3.19,56.34
2018-07-27 17:15,2.42,56.26
2018-07-27 17:30,2.95,55.4
2018-07-27 17:45,1.25,55.13
2018-07-27 18:00,1.96,55.38
2018-07-27 18:15,1.71,55.94
2018-07-27 18:30,0.45,55.77
2018-07-27 18:45,0.00,55.33
2018-07-27 19:00,0.00,55.01
2018-07-27 19:15,0.01,55.27
2018-07-27 19:30,0.00,55.21
2018-07-27 19:45,0.00,54.54
2018-07-27 20:00,0.00,42.9
2018-07-27 20:15,0.00,30.78
2018-07-27 20:30,0.01,30.66
2018-07-27 20:45,0.00,30.9
2018-07-27 21:00,0.00,30.73
2018-07-27 21:15,0.00,30.71
2018-07-27 21:30,0.01,30.72
2018-07-27 21:45,0.00,20.12
2018-07-27 22:00,0.00,4.97
2018-07-27 22:15,0.00,4.14
2018-07-27 22:30,0.01,3.71
2018-07-27 22:45,0.00,3.68
2018-07-27 23:00,0.00,3.67
2018-07-27 23:15,0.00,3.51
2018-07-27 23:30,0.01,3.56
2018-07-27 23:45,0.00,3.53
2018-07-28 00:00,0.00,3.52
2018-07-28 00:15,0.00,3.51
2018-07-28 00:30,0.01,3.52
2018-07-28 00:45,0.00,3.49
2018-07-28 01:00,0.00,3.43
2018-07-28 01:15,0.00,3.44
2018-07-28 01:30,0.01,3.34
2018-07-28 01:45,0.00,3.47
2018-07-28 02:00,0.00,3.47
2018-07-28 02:15,0.00,3.43
2018-07-28 02:30,0.01,3.37
2018-07-28 02:45,0.00,3.33
2018-07-28 03:00,0.00,3.39
2018-07-28 03:15,0.01,3.35
2018-07-28 03:30,0.00,3.32
2018-07-28 03:45,0.00,3.34
2018-07-28 04:00,0.00,3.32
2018-07-28 04:15,0.01,3.27
2018-07-28 04:30,0.00,3.26
2018-07-28 04:45,0.00,3.35
2018-07-28 05:00,0.01,3.3
2018-07-28 05:15,0.00,3.3
2018-07-28 05:30,0.00,3.22
2018-07-28 05:45,0.00,3.18
2018-07-28 06:00,0.03,2.97
2018-07-28 06:15,0.51,3.07
2018-07-28 06:30,1.06,3.03
2018-07-28 06:45,1.88,4.44
2018-07-28 07:00,4.38,4.73
2018-07-28 07:15,6.62,4.71
2018-07-28 07:30,9.43,4.59
2018-07-28 07:45,13.06,12.14
2018-07-28 08:00,15.58,30.26
2018-07-28 08:15,10.82,53.52
2018-07-28 08:30,9.43,59.47
2018-07-28 08:45,8.98,58.08
2018-07-28 09:00,9.45,53.34
2018-07-28 09:15,10.20,52.09
2018-07-28 09:30,13.45,52.99
2018-07-28 09:45,13.92,53.03
2018-07-28 10:00,19.63,53.07
2018-07-28 10:15,21.70,52.82
2018-07-28 10:30,22.77,52.86
2018-07-28 10:45,26.77,53.05
2018-07-28 11:00,23.52,53.43
2018-07-28 11:15,22.91,53.94
2018-07-28 11:30,20.59,55.05
2018-07-28 11:45,16.79,55.54
2018-07-28 12:00,16.08,56.26
2018-07-28 12:15,15.58,55.71
2018-07-28 12:30,16.34,55.59
2018-07-28 12:45,16.83,56.03
2018-07-28 13:00,18.78,56
2018-07-28 13:15,21.61,55.77
2018-07-28 13:30,23.78,55.44
2018-07-28 13:45,17.76,56.68
2018-07-28 14:00,12.87,55.83
2018-07-28 14:15,11.37,55.79
2018-07-28 14:30,12.97,55.04
2018-07-28 14:45,11.57,54.96
2018-07-28 15:00,9.75,55.42
2018-07-28 15:15,6.31,55.08
2018-07-28 15:30,5.26,54.83
2018-07-28 15:45,7.94,54.69
2018-07-28 16:00,7.42,54.72
2018-07-28 16:15,7.37,54.3
2018-07-28 16:30,4.25,54.15
2018-07-28 16:45,1.51,54.29
2018-07-28 17:00,0.25,54.07
2018-07-28 17:15,0.83,52.89
2018-07-28 17:30,1.82,47.14
2018-07-28 17:45,3.60,46.23
2018-07-28 18:00,3.82,47.22
2018-07-28 18:15,1.37,47.18
2018-07-28 18:30,0.48,47.17
2018-07-28 18:45,0.02,47.29
2018-07-28 19:00,0.00,48.03
2018-07-28 19:15,0.00,48.1
2018-07-28 19:30,0.00,48.1
2018-07-28 19:45,0.01,44.83
2018-07-28 20:00,0.00,27.3
2018-07-28 20:15,0.00,27.14
2018-07-28 20:30,0.00,27.03
2018-07-28 20:45,0.01,26.81
2018-07-28 21:00,0.00,26.51
2018-07-28 21:15,0.00,17.29
2018-07-28 21:30,0.01,4.48
2018-07-28 21:45,0.00,3.71
2018-07-28 22:00,0.00,3.37
2018-07-28 22:15,0.00,3.46
2018-07-28 22:30,0.01,3.31
2018-07-28 22:45,0.00,3.18
2018-07-28 23:00,0.00,3.01
2018-07-28 23:15,0.00,2.99
2018-07-28 23:30,0.01,2.87
2018-07-28 23:45,0.00,2.76
2018-07-29 00:00,0.00,2.74
2018-07-29 00:15,0.00,2.7
2018-07-29 00:30,0.01,2.72
2018-07-29 00:45,0.00,2.66
2018-07-29 01:00,0.00,2.64
2018-07-29 01:15,0.01,2.7
2018-07-29 01:30,0.00,2.77
2018-07-29 01:45,0.00,2.71
2018-07-29 02:00,0.00,2.71
2018-07-29 02:15,0.01,2.65
2018-07-29 02:30,0.00,2.64
2018-07-29 02:45,0.00,2.64
2018-07-29 03:00,0.01,2.68
2018-07-29 03:15,0.00,2.64
2018-07-29 03:30,0.00,2.63
2018-07-29 03:45,0.00,2.62
2018-07-29 04:00,0.01,2.6
2018-07-29 04:15,0.00,2.66
2018-07-29 04:30,0.00,2.67
2018-07-29 04:45,0.01,2.69
2018-07-29 05:00,0.00,2.79
2018-07-29 05:15,0.00,2.72
2018-07-29 05:30,0.00,2.7
2018-07-29 05:45,0.01,2.7
2018-07-29 06:00,0.11,2.56
2018-07-29 06:15,1.11,2.58
2018-07-29 06:30,2.78,2.79
2018-07-29 06:45,3.36,3.91
2018-07-29 07:00,3.83,4.43
2018-07-29 07:15,3.31,4.6
2018-07-29 07:30,5.68,4.61
2018-07-29 07:45,7.49,4.4
2018-07-29 08:00,8.50,9.7
2018-07-29 08:15,11.96,37.51
2018-07-29 08:30,15.20,52.88
2018-07-29 08:45,11.85,50.2
2018-07-29 09:00,10.59,47.33
2018-07-29 09:15,17.64,48.06
2018-07-29 09:30,16.21,48.24
2018-07-29 09:45,16.97,48.48
2018-07-29 10:00,21.89,48.61
2018-07-29 10:15,28.64,48.96
2018-07-29 10:30,27.53,48.96
2018-07-29 10:45,29.98,49.17
2018-07-29 11:00,29.21,49.67
2018-07-29 11:15,29.13,49.89
2018-07-29 11:30,27.44,50.15
2018-07-29 11:45,28.62,50.91
2018-07-29 12:00,18.17,51.8
2018-07-29 12:15,22.45,52.11
2018-07-29 12:30,20.96,53.58
2018-07-29 12:45,15.69,52.54
2018-07-29 13:00,21.55,52.77
2018-07-29 13:15,17.50,52.4
2018-07-29 13:30,15.30,52.56
2018-07-29 13:45,15.05,52.03
2018-07-29 14:00,13.61,51.27
2018-07-29 14:15,11.94,50.01
2018-07-29 14:30,8.10,50.1
2018-07-29 14:45,5.48,50.27
2018-07-29 15:00,8.00,49.8
2018-07-29 15:15,13.78,46.82
2018-07-29 15:30,6.62,47.29
2018-07-29 15:45,6.49,47.05
2018-07-29 16:00,2.92,47.07
2018-07-29 16:15,1.78,46.73
2018-07-29 16:30,1.26,45.08
2018-07-29 16:45,0.94,44.88
2018-07-29 17:00,0.56,45.02
2018-07-29 17:15,0.34,44.63
2018-07-29 17:30,0.20,38.7
2018-07-29 17:45,0.11,26.52
2018-07-29 18:00,0.02,25.79
2018-07-29 18:15,0.00,25.28
2018-07-29 18:30,0.01,25.32
2018-07-29 18:45,0.00,26
2018-07-29 19:00,0.00,25.49
2018-07-29 19:15,0.01,25.9
2018-07-29 19:30,0.00,25.91
2018-07-29 19:45,0.00,10.88
2018-07-29 20:00,0.00,5.85
2018-07-29 20:15,0.01,4.3
2018-07-29 20:30,0.00,4.19
2018-07-29 20:45,0.00,4.05
2018-07-29 21:00,0.00,3.33
2018-07-29 21:15,0.01,3.24
2018-07-29 21:30,0.00,3.34
2018-07-29 21:45,0.00,3.17
2018-07-29 22:00,0.00,3.14
2018-07-29 22:15,0.01,3.17
2018-07-29 22:30,0.00,3.16
2018-07-29 22:45,0.00,3.09
2018-07-29 23:00,0.00,3.06
2018-07-29 23:15,0.01,3.01
2018-07-29 23:30,0.00,2.92
2018-07-29 23:45,0.00,2.9
2018-07-30 00:00,0.00,2.82
2018-07-30 00:15,0.01,2.74
2018-07-30 00:30,0.00,2.9
2018-07-30 00:45,0.00,2.78
2018-07-30 01:00,0.01,2.84
2018-07-30 01:15,0.00,2.86
2018-07-30 01:30,0.00,2.83
2018-07-30 01:45,0.00,2.83
2018-07-30 02:00,0.01,2.84
2018-07-30 02:15,0.00,2.83
2018-07-30 02:30,0.00,2.78
2018-07-30 02:45,0.00,2.87
2018-07-30 03:00,0.01,2.82
2018-07-30 03:15,0.00,2.82
2018-07-30 03:30,0.00,2.81
2018-07-30 03:45,0.01,2.81
2018-07-30 04:00,0.00,2.8
2018-07-30 04:15,0.00,2.77
2018-07-30 04:30,0.00,2.8
2018-07-30 04:45,0.01,2.78
2018-07-30 05:00,0.00,2.8
2018-07-30 05:15,0.00,2.76
2018-07-30 05:30,0.01,2.68
2018-07-30 05:45,0.00,2.61
2018-07-30 06:00,0.02,2.52
2018-07-30 06:15,0.54,2.74
2018-07-30 06:30,1.17,2.86
2018-07-30 06:45,2.70,3.6
2018-07-30 07:00,4.54,3.87
2018-07-30 07:15,6.59,3.88
2018-07-30 07:30,6.42,3.96
2018-07-30 07:45,7.37,4.25
2018-07-30 08:00,12.15,4.35
2018-07-30 08:15,9.78,4.43
2018-07-30 08:30,9.52,8.82
2018-07-30 08:45,14.90,26.65
2018-07-30 09:00,17.24,26.25
2018-07-30 09:15,15.65,25.6
2018-07-30 09:30,15.14,25.69
2018-07-30 09:45,16.43,25.83
2018-07-30 10:00,16.02,25.41
2018-07-30 10:15,17.53,25.62
2018-07-30 10:30,20.02,25.3
2018-07-30 10:45,22.06,25.26
2018-07-30 11:00,26.42,25.56
2018-07-30 11:15,29.03,25.87
2018-07-30 11:30,16.93,26.31
2018-07-30 11:45,18.35,26.43
2018-07-30 12:00,16.21,26.58
2018-07-30 12:15,20.62,26.64
2018-07-30 12:30,15.55,27.06
2018-07-30 12:45,8.77,26.76
2018-07-30 13:00,10.83,26.75
2018-07-30 13:15,13.55,26.24
2018-07-30 13:30,14.65,26.07
2018-07-30 13:45,11.92,26.29
2018-07-30 14:00,11.27,26.58
2018-07-30 14:15,7.49,26.4
2018-07-30 14:30,5.76,26.22
2018-07-30 14:45,3.62,25.71
2018-07-30 15:00,1.74,26
2018-07-30 15:15,1.30,25.35
2018-07-30 15:30,2.09,24.24
2018-07-30 15:45,2.44,4.92
2018-07-30 16:00,1.58,3.39
2018-07-30 16:15,1.34,3.23
2018-07-30 16:30,1.14,2.94
2018-07-30 16:45,1.08,2.81
2018-07-30 17:00,1.20,2.69
2018-07-30 17:15,1.70,2.55
2018-07-30 17:30,1.99,2.52
2018-07-30 17:45,1.88,2.47
2018-07-30 18:00,1.22,2.34
2018-07-30 18:15,0.54,2.3
2018-07-30 18:30,0.08,2.24
2018-07-30 18:45,0.01,2.27
2018-07-30 19:00,0.00,2.31
2018-07-30 19:15,0.00,2.38
2018-07-30 19:30,0.00,2.34
2018-07-30 19:45,0.01,2.29
2018-07-30 20:00,0.00,2.35
2018-07-30 20:15,0.00,2.24
2018-07-30 20:30,0.00,2.19
2018-07-30 20:45,0.01,2.1
2018-07-30 21:00,0.00,2.06
2018-07-30 21:15,0.00,2.1
2018-07-30 21:30,0.00,1.96
2018-07-30 21:45,0.01,1.81
2018-07-30 22:00,0.00,1.78
2018-07-30 22:15,0.00,1.81
2018-07-30 22:30,0.00,1.81
2018-07-30 22:45,0.01,1.82
2018-07-30 23:00,0.00,1.99
2018-07-30 23:15,0.00,2.04
2018-07-30 23:30,0.00,2.06
2018-07-30 23:45,0.01,1.95
2018-07-31 00:00,0.00,1.82
2018-07-31 00:15,0.00,1.66
2018-07-31 00:30,0.01,1.6
2018-07-31 00:45,0.00,1.58
2018-07-31 01:00,0.00,1.57
2018-07-31 01:15,0.00,1.6
2018-07-31 01:30,0.01,1.59
2018-07-31 01:45,0.00,1.58
2018-07-31 02:00,0.00,1.62
2018-07-31 02:15,0.00,1.56
2018-07-31 02:30,0.01,1.59
2018-07-31 02:45,0.00,1.56
2018-07-31 03:00,0.00,1.55
2018-07-31 03:15,0.00,1.56
2018-07-31 03:30,0.01,1.55
2018-07-31 03:45,0.00,1.55
2018-07-31 04:00,0.00,1.57
2018-07-31 04:15,0.00,1.56
2018-07-31 04:30,0.01,1.58
2018-07-31 04:45,0.00,1.56
2018-07-31 05:00,0.00,1.54
2018-07-31 05:15,0.01,1.55
2018-07-31 05:30,0.00,1.55
2018-07-31 05:45,0.00,1.52
2018-07-31 06:00,0.06,1.38
2018-07-31 06:15,0.56,1.36
2018-07-31 06:30,1.11,1.46
2018-07-31 06:45,1.74,1.45
2018-07-31 07:00,2.54,1.48
2018-07-31 07:15,3.78,1.5
2018-07-31 07:30,5.22,1.48
2018-07-31 07:45,6.38,1.72
2018-07-31 08:00,9.06,2.45
2018-07-31 08:15,11.48,2.82
2018-07-31 08:30,11.72,2.8
2018-07-31 08:45,11.34,2.81
2018-07-31 09:00,16.35,2.92
2018-07-31 09:15,15.47,2.98
2018-07-31 09:30,12.82,3.07
2018-07-31 09:45,9.38,3.14
2018-07-31 10:00,10.31,3.19
2018-07-31 10:15,12.22,3.44
2018-07-31 10:30,12.94,3.64
2018-07-31 10:45,14.39,3.75
2018-07-31 11:00,18.76,3.62
2018-07-31 11:15,24.63,3.62
2018-07-31 11:30,22.58,3.42
2018-07-31 11:45,20.34,3.5
2018-07-31 12:00,20.82,3.44
2018-07-31 12:15,9.25,2.74
2018-07-31 12:30,28.77,2.46
2018-07-31 12:45,20.32,2.69
2018-07-31 13:00,14.08,3.16
2018-07-31 13:15,14.97,3.46
2018-07-31 13:30,18.80,4.18
2018-07-31 13:45,16.70,3.84
2018-07-31 14:00,18.41,2.92
2018-07-31 14:15,14.42,2.64
2018-07-31 14:30,13.67,2.56
2018-07-31 14:45,23.14,2.53
2018-07-31 15:00,21.72,2.53
2018-07-31 15:15,16.70,3.16
2018-07-31 15:30,17.01,3.63
2018-07-31 15:45,17.07,3.68
2018-07-31 16:00,9.93,3.7
2018-07-31 16:15,10.63,4.09
2018-07-31 16:30,15.10,4.16
2018-07-31 16:45,9.96,3.84
2018-07-31 17:00,10.02,3.71
2018-07-31 17:15,7.13,3.75
2018-07-31 17:30,6.48,3.72
2018-07-31 17:45,4.29,3.74
2018-07-31 18:00,2.76,3.82
2018-07-31 18:15,0.85,3.97
2018-07-31 18:30,0.20,4.21
2018-07-31 18:45,0.01,4.32
2018-07-31 19:00,0.00,4.6
2018-07-31 19:15,0.00,4.83
2018-07-31 19:30,0.01,5.14
2018-07-31 19:45,0.00,5.57
2018-07-31 20:00,0.00,5.6
2018-07-31 20:15,0.00,5.63
2018-07-31 20:30,0.01,5.66
2018-07-31 20:45,0.00,5.75
2018-07-31 21:00,0.00,6.14
2018-07-31 21:15,0.00,5.19
2018-07-31 21:30,0.01,5.05
2018-07-31 21:45,0.00,4.85
2018-07-31 22:00,0.00,4.82
2018-07-31 22:15,0.00,4.81
2018-07-31 22:30,0.01,3.89
2018-07-31 22:45,0.00,3.44
2018-07-31 23:00,0.00,3.46
2018-07-31 23:15,0.00,3.45
2018-07-31 23:30,0.01,3.28
2018-07-31 23:45,0.00,3.12
2018-08-01 00:00,0.00,3.08
