2018-04-01 00:15,0.04,18.95
2018-04-01 00:30,0.09,19.89
2018-04-01 00:45,0.02,19.16
2018-04-01 01:00,0.08,19
2018-04-01 01:15,0.03,18.81
2018-04-01 01:30,0.05,19.42
2018-04-01 01:45,0.06,19.58
2018-04-01 02:00,0.04,18.74
2018-04-01 02:15,0.03,18.82
2018-04-01 02:30,0.05,19.5
2018-04-01 02:45,0.06,19.21
2018-04-01 03:00,0.02,18.74
2018-04-01 03:15,0.08,18.82
2018-04-01 03:30,0.06,19.71
2018-04-01 03:45,0.05,18.95
2018-04-01 04:00,0.04,18.97
2018-04-01 04:15,0.02,18.92
2018-04-01 04:30,0.05,18.9
2018-04-01 04:45,0.12,18.81
2018-04-01 05:00,0.02,20.05
2018-04-01 05:15,0.02,18.93
2018-04-01 05:30,0.06,18.84
2018-04-01 05:45,0.03,18.77
2018-04-01 06:00,0.10,18
2018-04-01 06:15,0.34,17
2018-04-01 06:30,2.10,16.21
2018-04-01 06:45,1.73,8.92
2018-04-01 07:00,3.14,4.74
2018-04-01 07:15,4.67,4.5
2018-04-01 07:30,7.48,4.55
2018-04-01 07:45,12.98,5.63
2018-04-01 08:00,20.62,4.53
2018-04-01 08:15,32.02,4.52
2018-04-01 08:30,42.06,5.68
2018-04-01 08:45,47.06,4.52
2018-04-01 09:00,45.51,5.79
2018-04-01 09:15,39.94,4.6
2018-04-01 09:30,36.24,5.31
2018-04-01 09:45,46.72,4.89
2018-04-01 10:00,34.22,22.58
2018-04-01 10:15,47.41,307.92
2018-04-01 10:30,66.28,423.62
2018-04-01 10:45,87.90,484.44
2018-04-01 11:00,92.57,516.21
2018-04-01 11:15,113.64,516.93
2018-04-01 11:30,173.49,493.5
2018-04-01 11:45,156.60,468.74
2018-04-01 12:00,167.29,481.79
2018-04-01 12:15,118.58,460.79
2018-04-01 12:30,116.17,504.29
2018-04-01 12:45,107.15,523.69
2018-04-01 13:00,55.50,526.03
2018-04-01 13:15,37.50,560.35
2018-04-01 13:30,58.01,570.92
2018-04-01 13:45,83.33,557.27
2018-04-01 14:00,100.27,533.87
2018-04-01 14:15,103.14,523.39
2018-04-01 14:30,86.25,522.19
2018-04-01 14:45,91.07,540.03
2018-04-01 15:00,103.43,527.11
2018-04-01 15:15,99.82,527.58
2018-04-01 15:30,90.86,527.76
2018-04-01 15:45,87.46,538.72
2018-04-01 16:00,79.71,528.77
2018-04-01 16:15,50.54,525.97
2018-04-01 16:30,14.22,543.09
2018-04-01 16:45,14.31,549.98
2018-04-01 17:00,12.86,542.76
2018-04-01 17:15,11.49,533.79
2018-04-01 17:30,7.63,520.37
2018-04-01 17:45,3.30,527.13
2018-04-01 18:00,0.99,526.27
2018-04-01 18:15,0.06,530.76
2018-04-01 18:30,0.02,531.93
2018-04-01 18:45,0.05,534.34
2018-04-01 19:00,0.07,533.01
2018-04-01 19:15,0.01,532.92
2018-04-01 19:30,0.10,526.13
2018-04-01 19:45,0.04,522.48
2018-04-01 20:00,0.04,518.64
2018-04-01 20:15,0.04,514.87
2018-04-01 20:30,0.03,511.53
2018-04-01 20:45,0.01,511.32
2018-04-01 21:00,0.11,509.34
2018-04-01 21:15,0.04,506.47
2018-04-01 21:30,0.03,504.69
2018-04-01 21:45,0.03,502.37
2018-04-01 22:00,0.06,510.48
2018-04-01 22:15,0.05,510.31
2018-04-01 22:30,0.06,505.16
2018-04-01 22:45,0.02,504.48
2018-04-01 23:00,0.03,498.53
2018-04-01 23:15,0.08,494.84
2018-04-01 23:30,0.03,499.87
2018-04-01 23:45,0.03,498.05
2018-04-02 00:00,0.07,492.42
2018-04-02 00:15,0.04,486.37
2018-04-02 00:30,0.05,487.48
2018-04-02 00:45,0.04,485.5
2018-04-02 01:00,0.04,479.44
2018-04-02 01:15,0.04,476.13
2018-04-02 01:30,0.09,476.49
2018-04-02 01:45,0.03,469.92
2018-04-02 02:00,0.02,469.79
2018-04-02 02:15,0.06,465
2018-04-02 02:30,0.06,464.81
2018-04-02 02:45,0.02,459.65
2018-04-02 03:00,0.06,461.1
2018-04-02 03:15,0.03,456.62
2018-04-02 03:30,0.09,459.54
2018-04-02 03:45,0.04,458.52
2018-04-02 04:00,0.01,456.86
2018-04-02 04:15,0.07,459.84
2018-04-02 04:30,0.09,455.05
2018-04-02 04:45,0.03,455.55
2018-04-02 05:00,0.04,462.16
2018-04-02 05:15,0.01,469.58
2018-04-02 05:30,0.03,477.36
2018-04-02 05:45,0.14,478.02
2018-04-02 06:00,0.02,487.73
2018-04-02 06:15,1.38,507.9
2018-04-02 06:30,6.76,516.11
2018-04-02 06:45,13.82,534.19
2018-04-02 07:00,26.18,547.3
2018-04-02 07:15,23.33,581.75
2018-04-02 07:30,27.89,644.78
2018-04-02 07:45,28.96,735.21
2018-04-02 08:00,36.50,825.33
2018-04-02 08:15,61.25,930.78
2018-04-02 08:30,60.13,985.13
2018-04-02 08:45,48.78,1047.71
2018-04-02 09:00,73.74,1091.88
2018-04-02 09:15,82.50,1133.48
2018-04-02 09:30,119.36,1139.89
2018-04-02 09:45,55.69,1122.98
2018-04-02 10:00,35.06,1176.47
2018-04-02 10:15,40.10,1213.95
2018-04-02 10:30,45.58,1188.46
2018-04-02 10:45,39.44,1185.46
2018-04-02 11:00,37.02,1195.92
2018-04-02 11:15,37.62,1200.12
2018-04-02 11:30,39.49,1183.89
2018-04-02 11:45,41.43,1190.21
2018-04-02 12:00,56.09,1195.67
2018-04-02 12:15,91.10,1152.07
2018-04-02 12:30,113.79,1099.03
2018-04-02 12:45,104.23,1096.56
2018-04-02 13:00,106.82,1098.59
2018-04-02 13:15,94.18,1106.83
2018-04-02 13:30,185.24,1164.12
2018-04-02 13:45,145.05,1110.28
2018-04-02 14:00,153.75,1137.75
2018-04-02 14:15,139.05,1160.8
2018-04-02 14:30,137.76,1161.36
2018-04-02 14:45,137.27,1146.12
2018-04-02 15:00,128.98,1125.38
2018-04-02 15:15,110.81,1131.46
2018-04-02 15:30,102.68,1128.86
2018-04-02 15:45,82.56,1123.73
2018-04-02 16:00,54.10,1116.48
2018-04-02 16:15,47.51,1074.25
2018-04-02 16:30,38.78,1038.56
2018-04-02 16:45,16.01,989.6
2018-04-02 17:00,15.08,947.73
2018-04-02 17:15,9.70,907.46
2018-04-02 17:30,5.43,872.36
2018-04-02 17:45,2.77,855.36
2018-04-02 18:00,1.35,829.72
2018-04-02 18:15,0.13,822.19
2018-04-02 18:30,0.02,818.19
2018-04-02 18:45,0.02,799.05
2018-04-02 19:00,0.06,775.11
2018-04-02 19:15,0.04,764.44
2018-04-02 19:30,0.09,736.05
2018-04-02 19:45,0.04,702.31
2018-04-02 20:00,0.04,676.54
2018-04-02 20:15,0.02,634.38
2018-04-02 20:30,0.06,612.3
2018-04-02 20:45,0.03,579.59
2018-04-02 21:00,0.10,565.06
2018-04-02 21:15,0.02,552.53
2018-04-02 21:30,0.06,538.63
2018-04-02 21:45,0.02,535.69
2018-04-02 22:00,0.06,524.69
2018-04-02 22:15,0.07,522.45
2018-04-02 22:30,0.06,519.53
2018-04-02 22:45,0.02,511.94
2018-04-02 23:00,0.02,506.44
2018-04-02 23:15,0.07,502.37
2018-04-02 23:30,0.06,500.63
2018-04-02 23:45,0.08,503.87
2018-04-03 00:00,0.01,506.21
2018-04-03 00:15,0.05,501.66
2018-04-03 00:30,0.07,494.86
2018-04-03 00:45,0.03,486.95
2018-04-03 01:00,0.04,478.5
2018-04-03 01:15,0.06,475.76
2018-04-03 01:30,0.09,471.86
2018-04-03 01:45,0.02,470.26
2018-04-03 02:00,0.02,464.95
2018-04-03 02:15,0.06,467.73
2018-04-03 02:30,0.08,461.23
2018-04-03 02:45,0.06,459.1
2018-04-03 03:00,0.01,457.99
2018-04-03 03:15,0.06,457.31
2018-04-03 03:30,0.04,454.79
2018-04-03 03:45,0.04,454.68
2018-04-03 04:00,0.09,451.73
2018-04-03 04:15,0.02,458.92
2018-04-03 04:30,0.05,453.57
2018-04-03 04:45,0.06,453.6
2018-04-03 05:00,0.03,456.71
2018-04-03 05:15,0.04,464.53
2018-04-03 05:30,0.07,472.68
2018-04-03 05:45,0.07,483.31
2018-04-03 06:00,0.03,489.05
2018-04-03 06:15,1.04,507.56
2018-04-03 06:30,6.62,516.21
2018-04-03 06:45,13.37,513.14
2018-04-03 07:00,22.56,564.56
2018-04-03 07:15,27.94,605.57
2018-04-03 07:30,42.30,653.54
2018-04-03 07:45,54.29,732.7
2018-04-03 08:00,69.69,801.45
2018-04-03 08:15,75.05,890.7
2018-04-03 08:30,92.42,965.57
2018-04-03 08:45,63.72,994.48
2018-04-03 09:00,82.54,1061.93
2018-04-03 09:15,64.54,1065.08
2018-04-03 09:30,80.29,1080.91
2018-04-03 09:45,148.28,1072.14
2018-04-03 10:00,128.88,1039.4
2018-04-03 10:15,163.47,1071.9
2018-04-03 10:30,181.80,1048.79
2018-04-03 10:45,176.00,1059.84
2018-04-03 11:00,175.08,1058.46
2018-04-03 11:15,167.18,1075.12
2018-04-03 11:30,187.12,1090.93
2018-04-03 11:45,185.80,1068.88
2018-04-03 12:00,187.50,1078.77
2018-04-03 12:15,184.73,1069.17
2018-04-03 12:30,167.20,1066
2018-04-03 12:45,183.02,1101.91
2018-04-03 13:00,167.11,1081.83
2018-04-03 13:15,146.42,1124.49
2018-04-03 13:30,129.75,1160.09
2018-04-03 13:45,89.47,1168.14
2018-04-03 14:00,125.96,1186.92
2018-04-03 14:15,99.21,1168.65
2018-04-03 14:30,73.40,1188.39
2018-04-03 14:45,122.79,1214.26
2018-04-03 15:00,132.41,1175.7
2018-04-03 15:15,112.00,1140.98
2018-04-03 15:30,99.92,1148.49
2018-04-03 15:45,87.71,1154.25
2018-04-03 16:00,78.95,1138.31
2018-04-03 16:15,63.12,1091.7
2018-04-03 16:30,50.46,1033.87
2018-04-03 16:45,35.88,959.07
2018-04-03 17:00,21.23,919.6
2018-04-03 17:15,12.81,899.83
2018-04-03 17:30,8.11,883.07
2018-04-03 17:45,5.10,856.51
2018-04-03 18:00,2.22,838.74
2018-04-03 18:15,0.13,814.43
2018-04-03 18:30,0.06,812.03
2018-04-03 18:45,0.00,795.03
2018-04-03 19:00,0.06,763.31
2018-04-03 19:15,0.07,743.19
2018-04-03 19:30,0.05,730.18
2018-04-03 19:45,0.03,711.83
2018-04-03 20:00,0.03,692.33
2018-04-03 20:15,0.09,648.59
2018-04-03 20:30,0.05,624.12
2018-04-03 20:45,0.04,598.53
2018-04-03 21:00,0.05,585.91
2018-04-03 21:15,0.06,577.54
2018-04-03 21:30,0.04,574.09
2018-04-03 21:45,0.07,561.56
2018-04-03 22:00,0.02,556.43
2018-04-03 22:15,0.08,553.95
2018-04-03 22:30,0.02,551.96
2018-04-03 22:45,0.06,544.82
2018-04-03 23:00,0.06,544.55
2018-04-03 23:15,0.05,541.18
2018-04-03 23:30,0.05,544.17
2018-04-03 23:45,0.04,539.61
2018-04-04 00:00,0.06,532.85
2018-04-04 00:15,0.06,533.66
2018-04-04 00:30,0.03,531.53
2018-04-04 00:45,0.06,527.58
2018-04-04 01:00,0.02,522.24
2018-04-04 01:15,0.10,517.58
2018-04-04 01:30,0.03,521.11
2018-04-04 01:45,0.06,516.35
2018-04-04 02:00,0.03,515.77
2018-04-04 02:15,0.04,508.26
2018-04-04 02:30,0.06,505.39
2018-04-04 02:45,0.06,500.44
2018-04-04 03:00,0.04,503
2018-04-04 03:15,0.06,501.32
2018-04-04 03:30,0.04,498.9
2018-04-04 03:45,0.06,496.95
2018-04-04 04:00,0.05,492
2018-04-04 04:15,0.06,499.52
2018-04-04 04:30,0.03,494.84
2018-04-04 04:45,0.06,497.13
2018-04-04 05:00,0.02,491.07
2018-04-04 05:15,0.10,500.84
2018-04-04 05:30,0.02,504.31
2018-04-04 05:45,0.07,515.76
2018-04-04 06:00,0.02,528.21
2018-04-04 06:15,0.19,553.11
2018-04-04 06:30,3.99,578.43
2018-04-04 06:45,5.42,600.9
2018-04-04 07:00,10.26,650.1
2018-04-04 07:15,19.79,696.5
2018-04-04 07:30,30.09,762.13
2018-04-04 07:45,35.22,852.99
2018-04-04 08:00,51.88,938.29
2018-04-04 08:15,58.16,1011.97
2018-04-04 08:30,83.69,1079.48
2018-04-04 08:45,82.30,1115.49
2018-04-04 09:00,107.26,1149.02
2018-04-04 09:15,119.19,1173.07
2018-04-04 09:30,94.49,1169.6
2018-04-04 09:45,103.28,1203.76
2018-04-04 10:00,75.13,1209.13
2018-04-04 10:15,57.27,1241.81
2018-04-04 10:30,83.85,1262.9
2018-04-04 10:45,67.72,1238.26
2018-04-04 11:00,119.74,1235.7
2018-04-04 11:15,45.06,1204.13
2018-04-04 11:30,29.29,1259.32
2018-04-04 11:45,47.23,1251.29
2018-04-04 12:00,80.42,1192.75
2018-04-04 12:15,56.73,1131.35
2018-04-04 12:30,37.14,1135.27
2018-04-04 12:45,182.97,1149.49
2018-04-04 13:00,177.86,1040.24
2018-04-04 13:15,159.01,1100.38
2018-04-04 13:30,162.56,1123.52
2018-04-04 13:45,167.22,1159.62
2018-04-04 14:00,161.96,1154.35
2018-04-04 14:15,142.42,1179.39
2018-04-04 14:30,146.74,1178.26
2018-04-04 14:45,106.69,1181.63
2018-04-04 15:00,125.43,1185.2
2018-04-04 15:15,53.47,1171.72
2018-04-04 15:30,72.74,1196.23
2018-04-04 15:45,67.35,1160.68
2018-04-04 16:00,61.49,1143.6
2018-04-04 16:15,52.34,1098.66
2018-04-04 16:30,52.30,1053.64
2018-04-04 16:45,43.84,998.58
2018-04-04 17:00,31.35,942.54
2018-04-04 17:15,31.00,915.14
2018-04-04 17:30,25.59,897.25
2018-04-04 17:45,14.04,880.14
2018-04-04 18:00,8.84,854.93
2018-04-04 18:15,1.15,837.22
2018-04-04 18:30,0.06,809.22
2018-04-04 18:45,0.04,781.85
2018-04-04 19:00,0.07,759.47
2018-04-04 19:15,0.03,730.99
2018-04-04 19:30,0.06,713.12
2018-04-04 19:45,0.04,680.34
2018-04-04 20:00,0.06,656.44
2018-04-04 20:15,0.04,636.27
2018-04-04 20:30,0.07,608.61
2018-04-04 20:45,0.05,583.8
2018-04-04 21:00,0.02,577.79
2018-04-04 21:15,0.04,561.42
2018-04-04 21:30,0.06,556.01
2018-04-04 21:45,0.09,560.9
2018-04-04 22:00,0.02,563.88
2018-04-04 22:15,0.02,562.09
2018-04-04 22:30,0.03,548.26
2018-04-04 22:45,0.06,541.51
2018-04-04 23:00,0.10,536.43
2018-04-04 23:15,0.03,530.97
2018-04-04 23:30,0.02,532.08
2018-04-04 23:45,0.05,530.84
2018-04-05 00:00,0.05,523.1
2018-04-05 00:15,0.06,519.34
2018-04-05 00:30,0.05,516.26
2018-04-05 00:45,0.06,512.06
2018-04-05 01:00,0.04,506.39
2018-04-05 01:15,0.05,504.65
2018-04-05 01:30,0.03,496.97
2018-04-05 01:45,0.07,502.18
2018-04-05 02:00,0.05,498.68
2018-04-05 02:15,0.03,495.18
2018-04-05 02:30,0.07,498.87
2018-04-05 02:45,0.02,499.81
2018-04-05 03:00,0.07,496.1
2018-04-05 03:15,0.06,491.97
2018-04-05 03:30,0.04,485.03
2018-04-05 03:45,0.05,478.1
2018-04-05 04:00,0.06,480.44
2018-04-05 04:15,0.04,485.82
2018-04-05 04:30,0.06,482.08
2018-04-05 04:45,0.04,479
2018-04-05 05:00,0.08,474
2018-04-05 05:15,0.03,480.81
2018-04-05 05:30,0.04,487.45
2018-04-05 05:45,0.01,498.71
2018-04-05 06:00,0.10,506.53
2018-04-05 06:15,1.78,529.06
2018-04-05 06:30,7.02,547.43
2018-04-05 06:45,13.39,559.38
2018-04-05 07:00,23.75,591.53
2018-04-05 07:15,32.36,640.15
2018-04-05 07:30,38.47,707.13
2018-04-05 07:45,34.75,781.56
2018-04-05 08:00,62.86,863.12
2018-04-05 08:15,65.30,928.41
2018-04-05 08:30,70.83,991.07
2018-04-05 08:45,101.68,1054.76
2018-04-05 09:00,114.48,1063.53
2018-04-05 09:15,121.53,1068.27
2018-04-05 09:30,132.71,1076.95
2018-04-05 09:45,105.25,1082.93
2018-04-05 10:00,159.50,1124.67
2018-04-05 10:15,148.03,1096.66
2018-04-05 10:30,108.15,1122.28
2018-04-05 10:45,97.85,1144.15
2018-04-05 11:00,116.24,1165.83
2018-04-05 11:15,122.17,1172.83
2018-04-05 11:30,56.35,1168.59
2018-04-05 11:45,24.38,1195.2
2018-04-05 12:00,26.52,1203.34
2018-04-05 12:15,15.17,1152.07
2018-04-05 12:30,47.82,1136.1
2018-04-05 12:45,68.04,1087.74
2018-04-05 13:00,83.70,1077.11
2018-04-05 13:15,104.33,1084.85
2018-04-05 13:30,197.11,1097.67
2018-04-05 13:45,180.74,1044.26
2018-04-05 14:00,138.16,1068.13
2018-04-05 14:15,137.14,1108.67
2018-04-05 14:30,104.16,1120.33
2018-04-05 14:45,96.22,1121.12
2018-04-05 15:00,99.29,1129.14
2018-04-05 15:15,80.09,1096.08
2018-04-05 15:30,46.46,1109.45
2018-04-05 15:45,35.66,1129.25
2018-04-05 16:00,38.58,1108.67
2018-04-05 16:15,32.48,1041.05
2018-04-05 16:30,28.66,984.18
2018-04-05 16:45,6.38,917.67
2018-04-05 17:00,3.35,879.3
2018-04-05 17:15,2.79,844.51
2018-04-05 17:30,7.46,808.08
2018-04-05 17:45,6.52,772.37
2018-04-05 18:00,2.75,750.26
2018-04-05 18:15,0.29,734.28
2018-04-05 18:30,0.09,728.11
2018-04-05 18:45,0.02,711.79
2018-04-05 19:00,0.02,700.34
2018-04-05 19:15,0.06,670.36
2018-04-05 19:30,0.07,663.68
2018-04-05 19:45,0.08,646.49
2018-04-05 20:00,0.03,620.23
2018-04-05 20:15,0.04,594.69
2018-04-05 20:30,0.08,585.35
2018-04-05 20:45,0.03,569.87
2018-04-05 21:00,0.07,548.11
2018-04-05 21:15,0.02,544.13
2018-04-05 21:30,0.08,530.22
2018-04-05 21:45,0.05,526.03
2018-04-05 22:00,0.02,519.22
2018-04-05 22:15,0.07,510.58
2018-04-05 22:30,0.06,508
2018-04-05 22:45,0.06,504.32
2018-04-05 23:00,0.02,504.11
2018-04-05 23:15,0.02,500.53
2018-04-05 23:30,0.07,500.11
2018-04-05 23:45,0.07,498.39
2018-04-06 00:00,0.04,494.9
2018-04-06 00:15,0.02,486.6
2018-04-06 00:30,0.03,484.61
2018-04-06 00:45,0.08,486.68
2018-04-06 01:00,0.07,480.2
2018-04-06 01:15,0.03,468.92
2018-04-06 01:30,0.04,469.86
2018-04-06 01:45,0.03,463.36
2018-04-06 02:00,0.06,461.94
2018-04-06 02:15,0.05,461.15
2018-04-06 02:30,0.06,456.68
2018-04-06 02:45,0.06,453.78
2018-04-06 03:00,0.03,457.92
2018-04-06 03:15,0.06,456.84
2018-04-06 03:30,0.04,450.83
2018-04-06 03:45,0.07,450.83
2018-04-06 04:00,0.06,453
2018-04-06 04:15,0.02,459.83
2018-04-06 04:30,0.05,453.86
2018-04-06 04:45,0.03,450.21
2018-04-06 05:00,0.11,450.04
2018-04-06 05:15,0.02,458.05
2018-04-06 05:30,0.03,461.45
2018-04-06 05:45,0.05,462.7
2018-04-06 06:00,0.09,466.99
2018-04-06 06:15,1.18,473.39
2018-04-06 06:30,4.97,462.5
2018-04-06 06:45,10.02,463.44
2018-04-06 07:00,20.90,463.55
2018-04-06 07:15,31.70,466.16
2018-04-06 07:30,46.55,467.2
2018-04-06 07:45,57.14,465.99
2018-04-06 08:00,72.02,465.08
2018-04-06 08:15,83.47,474.15
2018-04-06 08:30,84.92,477.44
2018-04-06 08:45,72.57,441.67
2018-04-06 09:00,80.98,404.04
2018-04-06 09:15,86.83,407.09
2018-04-06 09:30,101.41,432.55
2018-04-06 09:45,103.27,469.73
2018-04-06 10:00,113.02,497.34
2018-04-06 10:15,107.61,500.32
2018-04-06 10:30,147.22,492.79
2018-04-06 10:45,155.10,471.05
2018-04-06 11:00,113.99,465.76
2018-04-06 11:15,139.67,506.84
2018-04-06 11:30,160.66,485
2018-04-06 11:45,165.45,481.26
2018-04-06 12:00,154.02,458.02
2018-04-06 12:15,151.14,478.74
2018-04-06 12:30,158.51,473.16
2018-04-06 12:45,150.96,464.79
2018-04-06 13:00,127.83,475.21
2018-04-06 13:15,155.77,500.11
2018-04-06 13:30,147.24,467.45
2018-04-06 13:45,141.06,491.87
2018-04-06 14:00,138.73,498.16
2018-04-06 14:15,138.17,514.71
2018-04-06 14:30,144.23,510.89
2018-04-06 14:45,119.65,508.08
2018-04-06 15:00,98.84,514.16
2018-04-06 15:15,60.42,538.05
2018-04-06 15:30,50.63,559.8
2018-04-06 15:45,51.32,566.42
2018-04-06 16:00,59.26,556.8
2018-04-06 16:15,65.42,543.47
2018-04-06 16:30,56.66,530.76
2018-04-06 16:45,24.00,533.21
2018-04-06 17:00,12.70,544.16
2018-04-06 17:15,8.82,544.85
2018-04-06 17:30,8.30,530.34
2018-04-06 17:45,5.70,524.1
2018-04-06 18:00,3.42,527.82
2018-04-06 18:15,0.60,531.58
2018-04-06 18:30,0.02,539.32
2018-04-06 18:45,0.03,545.19
2018-04-06 19:00,0.03,544.06
2018-04-06 19:15,0.07,541.5
2018-04-06 19:30,0.03,541.79
2018-04-06 19:45,0.05,533.93
2018-04-06 20:00,0.03,525.72
2018-04-06 20:15,0.02,515.68
2018-04-06 20:30,0.10,508.82
2018-04-06 20:45,0.04,510.55
2018-04-06 21:00,0.01,504.18
2018-04-06 21:15,0.04,502.15
2018-04-06 21:30,0.05,495.24
2018-04-06 21:45,0.04,491.95
2018-04-06 22:00,0.06,493.87
2018-04-06 22:15,0.02,491.89
2018-04-06 22:30,0.04,493.1
2018-04-06 22:45,0.04,497.76
2018-04-06 23:00,0.05,499.29
2018-04-06 23:15,0.06,488.42
2018-04-06 23:30,0.01,491.61
2018-04-06 23:45,0.07,495.68
2018-04-07 00:00,0.03,489.61
2018-04-07 00:15,0.02,484.44
2018-04-07 00:30,0.02,489.21
2018-04-07 00:45,0.09,483.81
2018-04-07 01:00,0.05,480.18
2018-04-07 01:15,0.02,484.78
2018-04-07 01:30,0.01,481.24
2018-04-07 01:45,0.07,479.4
2018-04-07 02:00,0.04,479.36
2018-04-07 02:15,0.06,477.11
2018-04-07 02:30,0.03,467.16
2018-04-07 02:45,0.01,465.24
2018-04-07 03:00,0.08,453.26
2018-04-07 03:15,0.03,451.08
2018-04-07 03:30,0.06,443.89
2018-04-07 03:45,0.02,442.86
2018-04-07 04:00,0.04,445.81
2018-04-07 04:15,0.06,449.79
2018-04-07 04:30,0.03,443.2
2018-04-07 04:45,0.02,437.86
2018-04-07 05:00,0.08,434.89
2018-04-07 05:15,0.02,441.76
2018-04-07 05:30,0.06,444.55
2018-04-07 05:45,0.02,443.44
2018-04-07 06:00,0.05,450.58
2018-04-07 06:15,0.07,465.08
2018-04-07 06:30,0.01,460.92
2018-04-07 06:45,0.30,470.5
2018-04-07 07:00,1.40,493.18
2018-04-07 07:15,3.12,501.87
2018-04-07 07:30,7.62,508.39
2018-04-07 07:45,11.12,517.31
2018-04-07 08:00,15.06,542.06
2018-04-07 08:15,15.22,563.01
2018-04-07 08:30,13.51,586.11
2018-04-07 08:45,14.18,622.28
2018-04-07 09:00,23.88,627.38
2018-04-07 09:15,35.06,613.38
2018-04-07 09:30,45.18,611.93
2018-04-07 09:45,53.18,615.51
2018-04-07 10:00,68.34,607.7
2018-04-07 10:15,86.43,595.93
2018-04-07 10:30,87.70,580.33
2018-04-07 10:45,69.20,600.07
2018-04-07 11:00,56.81,619.82
2018-04-07 11:15,41.11,641.65
2018-04-07 11:30,74.26,641.85
2018-04-07 11:45,106.75,605.99
2018-04-07 12:00,95.59,585.08
2018-04-07 12:15,59.86,586.27
2018-04-07 12:30,64.67,608.75
2018-04-07 12:45,79.61,602.91
2018-04-07 13:00,79.18,585.01
2018-04-07 13:15,91.13,594.8
2018-04-07 13:30,88.48,583.99
2018-04-07 13:45,72.69,595.06
2018-04-07 14:00,82.36,605.64
2018-04-07 14:15,53.17,586.27
2018-04-07 14:30,44.07,601.33
2018-04-07 14:45,35.09,598.75
2018-04-07 15:00,38.18,593.19
2018-04-07 15:15,30.83,593.82
2018-04-07 15:30,40.44,581.91
2018-04-07 15:45,47.38,572.33
2018-04-07 16:00,69.90,532.8
2018-04-07 16:15,72.03,504.92
2018-04-07 16:30,60.53,497.18
2018-04-07 16:45,34.79,484.61
2018-04-07 17:00,24.71,485.76
2018-04-07 17:15,13.10,480.71
2018-04-07 17:30,9.45,483.94
2018-04-07 17:45,4.62,477.1
2018-04-07 18:00,2.17,471.66
2018-04-07 18:15,0.36,459.7
2018-04-07 18:30,0.03,473.34
2018-04-07 18:45,0.02,478.15
2018-04-07 19:00,0.06,481.78
2018-04-07 19:15,0.07,480.99
2018-04-07 19:30,0.02,476.18
2018-04-07 19:45,0.03,472.26
2018-04-07 20:00,0.06,463.94
2018-04-07 20:15,0.00,469.02
2018-04-07 20:30,0.06,466.07
2018-04-07 20:45,0.05,463.47
2018-04-07 21:00,0.06,459.26
2018-04-07 21:15,0.02,458.42
2018-04-07 21:30,0.03,453.08
2018-04-07 21:45,0.03,450.46
2018-04-07 22:00,0.06,445.18
2018-04-07 22:15,0.06,440.15
2018-04-07 22:30,0.05,435.65
2018-04-07 22:45,0.00,433.2
2018-04-07 23:00,0.05,436.23
2018-04-07 23:15,0.06,432.36
2018-04-07 23:30,0.05,435.89
2018-04-07 23:45,0.03,436.38
2018-04-08 00:00,0.02,433.29
2018-04-08 00:15,0.04,421.15
2018-04-08 00:30,0.06,419.8
2018-04-08 00:45,0.07,413.91
2018-04-08 01:00,0.02,410.1
2018-04-08 01:15,0.06,405.47
2018-04-08 01:30,0.02,408.57
2018-04-08 01:45,0.06,403.17
2018-04-08 02:00,0.01,403.86
2018-04-08 02:15,0.06,401.3
2018-04-08 02:30,0.05,396.28
2018-04-08 02:45,0.03,393.57
2018-04-08 03:00,0.05,391.59
2018-04-08 03:15,0.02,394.7
2018-04-08 03:30,0.06,391.46
2018-04-08 03:45,0.06,391.27
2018-04-08 04:00,0.03,392.38
2018-04-08 04:15,0.03,387.89
2018-04-08 04:30,0.03,389.12
2018-04-08 04:45,0.03,388.83
2018-04-08 05:00,0.09,387.15
2018-04-08 05:15,0.02,385.59
2018-04-08 05:30,0.04,391.75
2018-04-08 05:45,0.06,390.14
2018-04-08 06:00,0.14,393.22
2018-04-08 06:15,3.54,396.28
2018-04-08 06:30,10.05,391.12
2018-04-08 06:45,13.14,385.78
2018-04-08 07:00,22.76,391.81
2018-04-08 07:15,39.99,382.49
2018-04-08 07:30,40.51,367.65
2018-04-08 07:45,34.64,378.69
2018-04-08 08:00,31.58,398.25
2018-04-08 08:15,33.10,452.62
2018-04-08 08:30,40.06,473.89
2018-04-08 08:45,50.46,468.45
2018-04-08 09:00,71.99,458.73
2018-04-08 09:15,92.46,431.02
2018-04-08 09:30,121.98,406.76
2018-04-08 09:45,80.18,386.09
2018-04-08 10:00,134.93,419.49
2018-04-08 10:15,137.83,380.99
2018-04-08 10:30,173.62,384.39
2018-04-08 10:45,180.94,363.12
2018-04-08 11:00,191.77,352.56
2018-04-08 11:15,164.75,355.45
2018-04-08 11:30,196.37,382.1
2018-04-08 11:45,182.02,355.99
2018-04-08 12:00,188.26,360.64
2018-04-08 12:15,188.39,369.49
2018-04-08 12:30,182.52,364.75
2018-04-08 12:45,198.46,376.59
2018-04-08 13:00,136.32,366.59
2018-04-08 13:15,164.52,428
2018-04-08 13:30,177.35,406.44
2018-04-08 13:45,169.49,398.96
2018-04-08 14:00,161.50,385.57
2018-04-08 14:15,162.38,410.33
2018-04-08 14:30,152.47,412.59
2018-04-08 14:45,112.66,415.55
2018-04-08 15:00,102.28,433.21
2018-04-08 15:15,101.18,428.25
2018-04-08 15:30,106.57,414.43
2018-04-08 15:45,88.14,408.23
2018-04-08 16:00,67.22,413.68
2018-04-08 16:15,43.51,435.73
2018-04-08 16:30,48.22,438.47
2018-04-08 16:45,39.60,433.2
2018-04-08 17:00,38.02,434.36
2018-04-08 17:15,35.29,427.75
2018-04-08 17:30,23.42,424.39
2018-04-08 17:45,13.74,439.84
2018-04-08 18:00,4.31,438.83
2018-04-08 18:15,0.70,449.46
2018-04-08 18:30,0.02,464.28
2018-04-08 18:45,0.05,473.21
2018-04-08 19:00,0.08,477.36
2018-04-08 19:15,0.03,464.29
2018-04-08 19:30,0.02,456.73
2018-04-08 19:45,0.06,462.16
2018-04-08 20:00,0.01,448.94
2018-04-08 20:15,0.06,447.78
2018-04-08 20:30,0.06,443.39
2018-04-08 20:45,0.02,448.6
2018-04-08 21:00,0.05,446.05
2018-04-08 21:15,0.03,446.6
2018-04-08 21:30,0.04,445.6
2018-04-08 21:45,0.06,444.71
2018-04-08 22:00,0.06,441.73
2018-04-08 22:15,0.02,445.28
2018-04-08 22:30,0.03,440.67
2018-04-08 22:45,0.03,438.68
2018-04-08 23:00,0.07,436.1
2018-04-08 23:15,0.05,435.07
2018-04-08 23:30,0.03,435.99
2018-04-08 23:45,0.03,432.31
2018-04-09 00:00,0.02,433.99
2018-04-09 00:15,0.06,434.79
2018-04-09 00:30,0.06,426.02
2018-04-09 00:45,0.02,419.07
2018-04-09 01:00,0.04,418.31
2018-04-09 01:15,0.03,418.09
2018-04-09 01:30,0.06,411.68
2018-04-09 01:45,0.01,407.73
2018-04-09 02:00,0.08,413.07
2018-04-09 02:15,0.04,406.47
2018-04-09 02:30,0.02,405.39
2018-04-09 02:45,0.06,408.36
2018-04-09 03:00,0.01,409.31
2018-04-09 03:15,0.07,407.43
2018-04-09 03:30,0.06,400.14
2018-04-09 03:45,0.03,401.57
2018-04-09 04:00,0.02,401.09
2018-04-09 04:15,0.03,404.78
2018-04-09 04:30,0.06,399.54
2018-04-09 04:45,0.07,400.1
2018-04-09 05:00,0.02,402.41
2018-04-09 05:15,0.03,412.13
2018-04-09 05:30,0.06,419.62
2018-04-09 05:45,0.02,430.89
2018-04-09 06:00,0.18,438.44
2018-04-09 06:15,2.35,466.12
2018-04-09 06:30,7.54,467.1
2018-04-09 06:45,13.62,480.49
2018-04-09 07:00,22.71,479.37
2018-04-09 07:15,32.98,523.06
2018-04-09 07:30,47.62,579.2
2018-04-09 07:45,56.27,647.2
2018-04-09 08:00,67.83,695.04
2018-04-09 08:15,79.85,761.74
2018-04-09 08:30,96.81,803.35
2018-04-09 08:45,105.55,855.56
2018-04-09 09:00,119.94,861.75
2018-04-09 09:15,127.33,883.09
2018-04-09 09:30,144.55,905.07
2018-04-09 09:45,145.44,909.04
2018-04-09 10:00,156.29,921.94
2018-04-09 10:15,159.66,937.54
2018-04-09 10:30,172.18,940.17
2018-04-09 10:45,168.14,964.41
2018-04-09 11:00,1984.09,961.07
2018-04-09 11:15,196.38,973.03
2018-04-09 11:30,208.14,968.16
2018-04-09 11:45,204.47,951.96
2018-04-09 12:00,206.74,943.05
2018-04-09 12:15,202.26,925.34
2018-04-09 12:30,210.56,925.17
2018-04-09 12:45,201.88,930.7
2018-04-09 13:00,201.74,925.83
2018-04-09 13:15,193.44,953.87
2018-04-09 13:30,199.55,966.33
2018-04-09 13:45,184.20,975.08
2018-04-09 14:00,181.69,973.32
2018-04-09 14:15,170.39,982.52
2018-04-09 14:30,169.01,1001.45
2018-04-09 14:45,153.08,1001.53
2018-04-09 15:00,144.98,1010.24
2018-04-09 15:15,127.23,1020.87
2018-04-09 15:30,122.46,1015.05
2018-04-09 15:45,103.98,1002.18
2018-04-09 16:00,94.59,996.19
2018-04-09 16:15,78.60,978
2018-04-09 16:30,68.98,925.47
2018-04-09 16:45,52.65,871.7
2018-04-09 17:00,40.52,832.45
2018-04-09 17:15,25.37,795.09
2018-04-09 17:30,16.26,787.14
2018-04-09 17:45,9.46,768.34
2018-04-09 18:00,4.85,754.47
2018-04-09 18:15,1.26,726.13
2018-04-09 18:30,0.05,719.34
2018-04-09 18:45,0.04,722.57
2018-04-09 19:00,0.02,701.83
2018-04-09 19:15,0.06,672.88
2018-04-09 19:30,0.09,659.41
2018-04-09 19:45,0.03,626.98
2018-04-09 20:00,0.03,606.88
2018-04-09 20:15,0.05,571.93
2018-04-09 20:30,0.07,565.56
2018-04-09 20:45,0.07,561.04
2018-04-09 21:00,0.01,555.3
2018-04-09 21:15,0.05,537.53
2018-04-09 21:30,0.04,522
2018-04-09 21:45,0.04,510.16
2018-04-09 22:00,0.06,504.71
2018-04-09 22:15,0.06,500.34
2018-04-09 22:30,0.06,495.82
2018-04-09 22:45,0.04,492.98
2018-04-09 23:00,0.02,487.61
2018-04-09 23:15,0.05,484.26
2018-04-09 23:30,0.07,477.07
2018-04-09 23:45,0.07,473.57
2018-04-10 00:00,0.02,472.37
2018-04-10 00:15,0.02,467.16
2018-04-10 00:30,0.06,466.94
2018-04-10 00:45,0.10,461.97
2018-04-10 01:00,0.03,460.74
2018-04-10 01:15,0.02,457.36
2018-04-10 01:30,0.04,449.05
2018-04-10 01:45,0.09,446.26
2018-04-10 02:00,0.06,447.7
2018-04-10 02:15,0.02,443.73
2018-04-10 02:30,0.05,445.79
2018-04-10 02:45,0.06,439.38
2018-04-10 03:00,0.06,433.89
2018-04-10 03:15,0.02,434.33
2018-04-10 03:30,0.06,433.34
2018-04-10 03:45,0.04,431.68
2018-04-10 04:00,0.07,433.18
2018-04-10 04:15,0.04,436
2018-04-10 04:30,0.04,429.96
2018-04-10 04:45,0.06,432.92
2018-04-10 05:00,0.06,438.47
2018-04-10 05:15,0.05,440.21
2018-04-10 05:30,0.06,446.29
2018-04-10 05:45,0.02,453.86
2018-04-10 06:00,0.34,465.95
2018-04-10 06:15,3.38,490.58
2018-04-10 06:30,9.46,493.61
2018-04-10 06:45,16.44,515.32
2018-04-10 07:00,26.79,556.53
2018-04-10 07:15,37.84,600.17
2018-04-10 07:30,53.29,634.67
2018-04-10 07:45,64.21,691.62
2018-04-10 08:00,78.54,746.79
2018-04-10 08:15,88.25,828.16
2018-04-10 08:30,105.46,918.8
2018-04-10 08:45,115.76,963.55
2018-04-10 09:00,132.09,980.55
2018-04-10 09:15,140.19,992.07
2018-04-10 09:30,161.65,1010.48
2018-04-10 09:45,161.73,1012.92
2018-04-10 10:00,174.66,996.26
2018-04-10 10:15,174.42,1000.45
2018-04-10 10:30,189.16,1006.47
2018-04-10 10:45,187.50,999.73
2018-04-10 11:00,196.82,1019.56
2018-04-10 11:15,195.17,1005.03
2018-04-10 11:30,209.21,1001.48
2018-04-10 11:45,197.35,1003.74
2018-04-10 12:00,205.30,998.66
2018-04-10 12:15,201.27,994.94
2018-04-10 12:30,210.31,997.92
2018-04-10 12:45,194.07,976.41
2018-04-10 13:00,203.31,968.03
2018-04-10 13:15,193.97,964.13
2018-04-10 13:30,193.18,982
2018-04-10 13:45,180.20,1001.98
2018-04-10 14:00,180.23,997.19
2018-04-10 14:15,166.82,1004.34
2018-04-10 14:30,161.42,1016.03
2018-04-10 14:45,146.02,1013.42
2018-04-10 15:00,142.22,1009.08
2018-04-10 15:15,125.69,1018.21
2018-04-10 15:30,118.53,1007.47
2018-04-10 15:45,97.56,1004.4
2018-04-10 16:00,86.65,985.23
2018-04-10 16:15,71.55,947.94
2018-04-10 16:30,62.36,924.36
2018-04-10 16:45,46.42,857.9
2018-04-10 17:00,34.58,825.95
2018-04-10 17:15,20.30,797.74
2018-04-10 17:30,12.73,789.98
2018-04-10 17:45,7.63,760.42
2018-04-10 18:00,4.04,750.23
2018-04-10 18:15,1.13,736.78
2018-04-10 18:30,0.06,734.42
2018-04-10 18:45,0.10,728.26
2018-04-10 19:00,0.02,716.55
2018-04-10 19:15,0.03,680.99
2018-04-10 19:30,0.03,656.99
2018-04-10 19:45,0.06,638.12
2018-04-10 20:00,0.08,611.54
2018-04-10 20:15,0.03,571.16
2018-04-10 20:30,0.03,558.11
2018-04-10 20:45,0.03,558.04
2018-04-10 21:00,0.09,545.97
2018-04-10 21:15,0.06,549.05
2018-04-10 21:30,0.04,545.67
2018-04-10 21:45,0.03,537.01
2018-04-10 22:00,0.06,529.89
2018-04-10 22:15,0.02,528.05
2018-04-10 22:30,0.10,520.5
2018-04-10 22:45,0.02,521.1
2018-04-10 23:00,0.07,515.21
2018-04-10 23:15,0.02,507.29
2018-04-10 23:30,0.03,506.44
2018-04-10 23:45,0.10,499.24
2018-04-11 00:00,0.05,498.19
2018-04-11 00:15,0.03,500.34
2018-04-11 00:30,0.04,501
2018-04-11 00:45,0.03,488.16
2018-04-11 01:00,0.08,484.4
2018-04-11 01:15,0.06,487.47
2018-04-11 01:30,0.03,489.02
2018-04-11 01:45,0.05,480.84
2018-04-11 02:00,0.06,484.86
2018-04-11 02:15,0.05,486.86
2018-04-11 02:30,0.06,478.13
2018-04-11 02:45,0.05,471.87
2018-04-11 03:00,0.06,467.55
2018-04-11 03:15,0.02,469.66
2018-04-11 03:30,0.04,466.16
2018-04-11 03:45,0.04,464.63
2018-04-11 04:00,0.08,468.94
2018-04-11 04:15,0.06,468.13
2018-04-11 04:30,0.01,465.34
2018-04-11 04:45,0.06,466.42
2018-04-11 05:00,0.03,466.73
2018-04-11 05:15,0.12,468.21
2018-04-11 05:30,0.01,472.18
2018-04-11 05:45,0.02,483.23
2018-04-11 06:00,0.30,494.98
2018-04-11 06:15,3.03,507.77
2018-04-11 06:30,9.12,523.37
2018-04-11 06:45,16.74,549.05
2018-04-11 07:00,26.97,571.25
2018-04-11 07:15,37.02,619.44
2018-04-11 07:30,52.52,688.75
2018-04-11 07:45,63.23,761.45
2018-04-11 08:00,78.20,820.69
2018-04-11 08:15,87.93,892.17
2018-04-11 08:30,104.70,981.99
2018-04-11 08:45,114.60,1027.34
2018-04-11 09:00,128.99,1049.67
2018-04-11 09:15,139.48,1052.74
2018-04-11 09:30,148.84,1043.5
2018-04-11 09:45,94.81,1043.27
2018-04-11 10:00,100.42,1100.62
2018-04-11 10:15,141.98,1106.88
2018-04-11 10:30,186.97,1074.37
2018-04-11 10:45,138.45,1040.45
2018-04-11 11:00,181.50,1075.88
2018-04-11 11:15,194.98,1063.13
2018-04-11 11:30,207.54,1050.47
2018-04-11 11:45,78.42,1047.82
2018-04-11 12:00,164.36,1120.77
2018-04-11 12:15,149.90,1020.27
2018-04-11 12:30,162.17,1024.89
2018-04-11 12:45,194.94,994.53
2018-04-11 13:00,199.51,986.37
2018-04-11 13:15,174.97,1005.94
2018-04-11 13:30,189.15,1005.24
2018-04-11 13:45,170.54,967.33
2018-04-11 14:00,179.37,1023.48
2018-04-11 14:15,154.93,1010.61
2018-04-11 14:30,162.09,1020.48
2018-04-11 14:45,146.35,1020.27
2018-04-11 15:00,140.84,1018.24
2018-04-11 15:15,124.16,1029.11
2018-04-11 15:30,108.51,1008.9
2018-04-11 15:45,83.35,1009.32
2018-04-11 16:00,61.55,986.28
2018-04-11 16:15,60.75,984.24
2018-04-11 16:30,51.18,937.99
2018-04-11 16:45,39.00,863.28
2018-04-11 17:00,34.45,818.66
2018-04-11 17:15,22.79,780.26
2018-04-11 17:30,14.42,764.16
2018-04-11 17:45,8.25,750.21
2018-04-11 18:00,4.12,740.42
2018-04-11 18:15,0.64,721.41
2018-04-11 18:30,0.04,716.99
2018-04-11 18:45,0.05,711.63
2018-04-11 19:00,0.06,694.55
2018-04-11 19:15,0.06,665.49
2018-04-11 19:30,0.02,648.73
2018-04-11 19:45,0.02,634.57
2018-04-11 20:00,0.09,628.91
2018-04-11 20:15,0.06,604.86
2018-04-11 20:30,0.04,573.54
2018-04-11 20:45,0.04,554.13
2018-04-11 21:00,0.02,529.4
2018-04-11 21:15,0.09,536.56
2018-04-11 21:30,0.06,534.63
2018-04-11 21:45,0.03,538.11
2018-04-11 22:00,0.05,537.84
2018-04-11 22:15,0.05,542.55
2018-04-11 22:30,0.08,535.51
2018-04-11 22:45,0.03,530.51
2018-04-11 23:00,0.03,524.34
2018-04-11 23:15,0.05,528.48
2018-04-11 23:30,0.07,523.1
2018-04-11 23:45,0.02,524.98
2018-04-12 00:00,0.07,514.77
2018-04-12 00:15,0.06,512.81
2018-04-12 00:30,0.03,510.98
2018-04-12 00:45,0.06,509.79
2018-04-12 01:00,0.00,507.32
2018-04-12 01:15,0.11,506.4
2018-04-12 01:30,0.05,505.24
2018-04-12 01:45,0.04,500.63
2018-04-12 02:00,0.02,498.08
2018-04-12 02:15,0.02,498.4
2018-04-12 02:30,0.11,494.98
2018-04-12 02:45,0.04,490.47
2018-04-12 03:00,0.03,488.08
2018-04-12 03:15,0.04,487.19
2018-04-12 03:30,0.07,478.24
2018-04-12 03:45,0.02,482.13
2018-04-12 04:00,0.10,481.71
2018-04-12 04:15,0.01,481.86
2018-04-12 04:30,0.10,476.87
2018-04-12 04:45,0.01,472.78
2018-04-12 05:00,0.06,475.68
2018-04-12 05:15,0.06,478.42
2018-04-12 05:30,0.08,485.61
2018-04-12 05:45,0.01,495.4
2018-04-12 06:00,0.30,487.61
2018-04-12 06:15,2.75,489.87
2018-04-12 06:30,9.14,486.98
2018-04-12 06:45,16.45,503.47
2018-04-12 07:00,27.06,496.16
2018-04-12 07:15,38.19,500.27
2018-04-12 07:30,53.02,495.32
2018-04-12 07:45,63.53,505.68
2018-04-12 08:00,78.79,506.44
2018-04-12 08:15,88.77,508.56
2018-04-12 08:30,108.33,509.55
2018-04-12 08:45,108.51,509.55
2018-04-12 09:00,129.30,512.56
2018-04-12 09:15,144.18,494.9
2018-04-12 09:30,159.17,485.97
2018-04-12 09:45,162.39,489.03
2018-04-12 10:00,174.70,482.74
2018-04-12 10:15,170.93,479.4
2018-04-12 10:30,168.74,488.34
2018-04-12 10:45,143.04,497.24
2018-04-12 11:00,174.23,507.18
2018-04-12 11:15,194.39,487.97
2018-04-12 11:30,207.34,465.31
2018-04-12 11:45,194.27,465.44
2018-04-12 12:00,208.59,467.99
2018-04-12 12:15,199.08,451.75
2018-04-12 12:30,210.72,452.97
2018-04-12 12:45,198.80,444.52
2018-04-12 13:00,197.30,444.97
2018-04-12 13:15,190.21,455.99
2018-04-12 13:30,185.79,460.6
2018-04-12 13:45,178.56,467.28
2018-04-12 14:00,177.42,447.6
2018-04-12 14:15,159.90,461.34
2018-04-12 14:30,165.25,482.42
2018-04-12 14:45,148.39,480.15
2018-04-12 15:00,140.95,477.53
2018-04-12 15:15,127.08,494.65
2018-04-12 15:30,119.90,496.73
2018-04-12 15:45,101.06,504.29
2018-04-12 16:00,91.01,510.06
2018-04-12 16:15,75.54,522.93
2018-04-12 16:30,64.83,523.81
2018-04-12 16:45,49.34,523.47
2018-04-12 17:00,38.93,536.79
2018-04-12 17:15,24.79,535.34
2018-04-12 17:30,16.16,537.47
2018-04-12 17:45,9.73,540.82
2018-04-12 18:00,5.06,541.5
2018-04-12 18:15,1.45,535.47
2018-04-12 18:30,0.06,538.35
2018-04-12 18:45,0.03,557.87
2018-04-12 19:00,0.06,553.34
2018-04-12 19:15,0.04,545.35
2018-04-12 19:30,0.09,535.68
2018-04-12 19:45,0.02,536.55
2018-04-12 20:00,0.02,531.27
2018-04-12 20:15,0.09,527.08
2018-04-12 20:30,0.06,526
2018-04-12 20:45,0.02,521.35
2018-04-12 21:00,0.04,521.9
2018-04-12 21:15,0.03,521.79
2018-04-12 21:30,0.10,518.02
2018-04-12 21:45,0.06,520.77
2018-04-12 22:00,0.02,517.84
2018-04-12 22:15,0.06,518.43
2018-04-12 22:30,0.04,519.19
2018-04-12 22:45,0.06,518.05
2018-04-12 23:00,0.07,516.63
2018-04-12 23:15,0.03,516.81
2018-04-12 23:30,0.02,512.64
2018-04-12 23:45,0.06,509.34
2018-04-13 00:00,0.04,507.69
2018-04-13 00:15,0.10,506.05
2018-04-13 00:30,0.01,508.32
2018-04-13 00:45,0.06,507.08
2018-04-13 01:00,0.04,504.02
2018-04-13 01:15,0.04,506.92
2018-04-13 01:30,0.07,501.06
2018-04-13 01:45,0.07,494.32
2018-04-13 02:00,0.02,496.18
2018-04-13 02:15,0.05,497.47
2018-04-13 02:30,0.05,490.55
2018-04-13 02:45,0.03,489.03
2018-04-13 03:00,0.10,484.9
2018-04-13 03:15,0.02,484.79
2018-04-13 03:30,0.04,482.61
2018-04-13 03:45,0.05,478.55
2018-04-13 04:00,0.05,483.63
2018-04-13 04:15,0.06,485.6
2018-04-13 04:30,0.06,474.92
2018-04-13 04:45,0.02,476.65
2018-04-13 05:00,0.04,482.65
2018-04-13 05:15,0.06,479.07
2018-04-13 05:30,0.05,483.36
2018-04-13 05:45,0.08,485.29
2018-04-13 06:00,0.31,480.4
2018-04-13 06:15,3.54,486.07
2018-04-13 06:30,9.80,476.08
2018-04-13 06:45,16.89,473
2018-04-13 07:00,27.25,470.62
2018-04-13 07:15,38.66,467.97
2018-04-13 07:30,53.55,468.65
2018-04-13 07:45,63.98,471.63
2018-04-13 08:00,78.51,472.92
2018-04-13 08:15,92.49,472.86
2018-04-13 08:30,110.78,473.07
2018-04-13 08:45,117.43,469.44
2018-04-13 09:00,134.97,477.49
2018-04-13 09:15,138.10,465.18
2018-04-13 09:30,150.26,468.02
2018-04-13 09:45,161.58,465.57
2018-04-13 10:00,173.58,444.97
2018-04-13 10:15,176.74,438.44
2018-04-13 10:30,191.86,442.79
2018-04-13 10:45,187.67,435.42
2018-04-13 11:00,194.82,436.81
2018-04-13 11:15,194.90,432.92
2018-04-13 11:30,204.66,425.7
2018-04-13 11:45,202.02,437.2
2018-04-13 12:00,199.77,431.84
2018-04-13 12:15,180.53,429.84
2018-04-13 12:30,223.57,434.73
2018-04-13 12:45,190.61,421.49
2018-04-13 13:00,209.94,441.78
2018-04-13 13:15,194.73,425.09
2018-04-13 13:30,166.06,435.17
2018-04-13 13:45,159.88,470.49
2018-04-13 14:00,175.64,468.31
2018-04-13 14:15,183.14,466.95
2018-04-13 14:30,121.69,453.78
2018-04-13 14:45,150.55,514.19
2018-04-13 15:00,160.33,470.99
2018-04-13 15:15,144.28,471.1
2018-04-13 15:30,123.32,474.68
2018-04-13 15:45,103.20,482.28
2018-04-13 16:00,92.47,501.06
2018-04-13 16:15,75.02,504.66
2018-04-13 16:30,63.42,511.47
2018-04-13 16:45,49.81,524.26
2018-04-13 17:00,39.11,524.11
2018-04-13 17:15,25.17,527.84
2018-04-13 17:30,16.03,531.42
2018-04-13 17:45,9.50,525.98
2018-04-13 18:00,4.94,525.03
2018-04-13 18:15,1.22,532.43
2018-04-13 18:30,0.06,537.45
2018-04-13 18:45,0.04,548.98
2018-04-13 19:00,0.01,549.92
2018-04-13 19:15,0.08,547.22
2018-04-13 19:30,0.05,541.48
2018-04-13 19:45,0.04,537.71
2018-04-13 20:00,0.06,534.35
2018-04-13 20:15,0.02,524.48
2018-04-13 20:30,0.09,525.95
2018-04-13 20:45,0.03,520.06
2018-04-13 21:00,0.03,514.14
2018-04-13 21:15,0.06,517.13
2018-04-13 21:30,0.04,514.29
2018-04-13 21:45,0.07,510.71
2018-04-13 22:00,0.04,511.73
2018-04-13 22:15,0.02,511.63
2018-04-13 22:30,0.06,505.5
2018-04-13 22:45,0.07,503.61
2018-04-13 23:00,0.06,505.9
2018-04-13 23:15,0.02,504.98
2018-04-13 23:30,0.02,502.77
2018-04-13 23:45,0.06,497.89
2018-04-14 00:00,0.08,497.9
2018-04-14 00:15,0.06,492.13
2018-04-14 00:30,0.02,495.98
2018-04-14 00:45,0.02,493.84
2018-04-14 01:00,0.10,495.23
2018-04-14 01:15,0.06,498.97
2018-04-14 01:30,0.02,491.87
2018-04-14 01:45,0.04,497.26
2018-04-14 02:00,0.06,487.29
2018-04-14 02:15,0.05,481.58
2018-04-14 02:30,0.02,480.79
2018-04-14 02:45,0.06,482.66
2018-04-14 03:00,0.07,473.95
2018-04-14 03:15,0.05,481.6
2018-04-14 03:30,0.02,476.6
2018-04-14 03:45,0.04,467.1
2018-04-14 04:00,0.08,472.7
2018-04-14 04:15,0.05,472.74
2018-04-14 04:30,0.06,469.81
2018-04-14 04:45,0.02,472.99
2018-04-14 05:00,0.02,470.15
2018-04-14 05:15,0.10,472.11
2018-04-14 05:30,0.06,476.36
2018-04-14 05:45,0.04,472.57
2018-04-14 06:00,0.36,479.45
2018-04-14 06:15,3.78,480.18
2018-04-14 06:30,10.23,470.26
2018-04-14 06:45,18.63,473.76
2018-04-14 07:00,26.90,467.39
2018-04-14 07:15,36.05,468.07
2018-04-14 07:30,53.63,465.23
2018-04-14 07:45,66.97,463.13
2018-04-14 08:00,88.97,458.08
2018-04-14 08:15,112.38,452.75
2018-04-14 08:30,122.75,442.42
2018-04-14 08:45,122.51,446.29
2018-04-14 09:00,130.08,451.26
2018-04-14 09:15,133.09,450.97
2018-04-14 09:30,161.16,436.49
2018-04-14 09:45,163.31,416.59
2018-04-14 10:00,170.88,414.84
2018-04-14 10:15,177.68,418.18
2018-04-14 10:30,172.94,409.12
2018-04-14 10:45,183.58,431.49
2018-04-14 11:00,180.79,423.44
2018-04-14 11:15,178.66,432.81
2018-04-14 11:30,200.86,430.75
2018-04-14 11:45,133.86,428.97
2018-04-14 12:00,126.22,472.02
2018-04-14 12:15,163.71,481.63
2018-04-14 12:30,214.82,440.86
2018-04-14 12:45,200.65,411.23
2018-04-14 13:00,203.11,412.1
2018-04-14 13:15,199.90,411.88
2018-04-14 13:30,200.80,410.23
2018-04-14 13:45,148.11,423.09
2018-04-14 14:00,185.68,455.21
2018-04-14 14:15,160.30,430.2
2018-04-14 14:30,149.62,447.76
2018-04-14 14:45,146.74,461.45
2018-04-14 15:00,142.67,460.45
2018-04-14 15:15,125.42,473.23
2018-04-14 15:30,119.96,476.13
2018-04-14 15:45,100.09,476.78
2018-04-14 16:00,90.18,481.68
2018-04-14 16:15,75.52,485.03
2018-04-14 16:30,65.29,489.34
2018-04-14 16:45,50.07,493.95
2018-04-14 17:00,38.82,503
2018-04-14 17:15,24.57,507.39
2018-04-14 17:30,16.22,508.94
2018-04-14 17:45,9.58,511.11
2018-04-14 18:00,5.09,514.26
2018-04-14 18:15,1.49,520.84
2018-04-14 18:30,0.11,523.79
2018-04-14 18:45,0.01,530.63
2018-04-14 19:00,0.04,533.87
2018-04-14 19:15,0.04,526.64
2018-04-14 19:30,0.07,526.64
2018-04-14 19:45,0.06,533.14
2018-04-14 20:00,0.02,527.55
2018-04-14 20:15,0.03,521.32
2018-04-14 20:30,0.06,515.26
2018-04-14 20:45,0.06,512.31
2018-04-14 21:00,0.06,512.4
2018-04-14 21:15,0.02,513.84
2018-04-14 21:30,0.04,512.66
2018-04-14 21:45,0.09,512.24
2018-04-14 22:00,0.03,509.66
2018-04-14 22:15,0.02,506.18
2018-04-14 22:30,0.06,503.74
2018-04-14 22:45,0.07,504.4
2018-04-14 23:00,0.03,501.47
2018-04-14 23:15,0.03,501.02
2018-04-14 23:30,0.02,496.4
2018-04-14 23:45,0.06,502.69
2018-04-15 00:00,0.10,504.15
2018-04-15 00:15,0.02,499.79
2018-04-15 00:30,0.04,504.05
2018-04-15 00:45,0.02,501.21
2018-04-15 01:00,0.05,503.56
2018-04-15 01:15,0.10,502.4
2018-04-15 01:30,0.02,507.13
2018-04-15 01:45,0.02,504.48
2018-04-15 02:00,0.06,495.57
2018-04-15 02:15,0.02,493.26
2018-04-15 02:30,0.10,491.21
2018-04-15 02:45,0.02,487.29
2018-04-15 03:00,0.02,487.13
2018-04-15 03:15,0.06,485.11
2018-04-15 03:30,0.04,481.24
2018-04-15 03:45,0.03,481.2
2018-04-15 04:00,0.06,475.66
2018-04-15 04:15,0.05,477.39
2018-04-15 04:30,0.03,474.18
2018-04-15 04:45,0.03,477.4
2018-04-15 05:00,0.05,477.95
2018-04-15 05:15,0.10,479.02
2018-04-15 05:30,0.02,479.44
2018-04-15 05:45,0.03,475.86
2018-04-15 06:00,0.48,477.1
2018-04-15 06:15,4.11,482.65
2018-04-15 06:30,9.49,472.21
2018-04-15 06:45,14.77,470.78
2018-04-15 07:00,25.48,470.97
2018-04-15 07:15,34.86,463.02
2018-04-15 07:30,47.66,458.73
2018-04-15 07:45,56.18,460.6
2018-04-15 08:00,68.80,459.83
2018-04-15 08:15,79.82,459.37
2018-04-15 08:30,96.86,465.12
2018-04-15 08:45,106.25,458.47
2018-04-15 09:00,118.42,452.7
2018-04-15 09:15,125.67,454.83
2018-04-15 09:30,138.38,443.41
2018-04-15 09:45,143.70,437.96
2018-04-15 10:00,153.00,424.99
2018-04-15 10:15,155.47,427.38
2018-04-15 10:30,169.91,422.47
2018-04-15 10:45,166.63,423.26
2018-04-15 11:00,171.85,420.54
2018-04-15 11:15,174.83,434.12
2018-04-15 11:30,187.69,420.54
2018-04-15 11:45,169.22,418.99
2018-04-15 12:00,149.05,429.41
2018-04-15 12:15,172.22,440.34
2018-04-15 12:30,190.92,423.6
2018-04-15 12:45,178.29,412.31
2018-04-15 13:00,171.60,418.36
2018-04-15 13:15,158.04,430.91
2018-04-15 13:30,163.90,445.81
2018-04-15 13:45,148.59,444.87
2018-04-15 14:00,165.06,444.62
2018-04-15 14:15,149.68,438.33
2018-04-15 14:30,139.18,456.39
2018-04-15 14:45,130.77,473
2018-04-15 15:00,118.29,476.29
2018-04-15 15:15,108.40,489.6
2018-04-15 15:30,105.87,491.19
2018-04-15 15:45,88.86,489.05
2018-04-15 16:00,89.06,494.73
2018-04-15 16:15,73.47,497.06
2018-04-15 16:30,66.30,506.45
2018-04-15 16:45,50.24,512.32
2018-04-15 17:00,37.19,526.14
2018-04-15 17:15,27.25,541.38
2018-04-15 17:30,19.13,540.63
2018-04-15 17:45,11.94,539.61
2018-04-15 18:00,6.83,540.48
2018-04-15 18:15,2.26,542.5
2018-04-15 18:30,0.23,545.05
2018-04-15 18:45,0.04,559.53
2018-04-15 19:00,0.03,557.34
2018-04-15 19:15,0.03,551.98
2018-04-15 19:30,0.08,546.55
2018-04-15 19:45,0.06,543.97
2018-04-15 20:00,0.02,537.42
2018-04-15 20:15,0.03,528.9
2018-04-15 20:30,0.06,529.69
2018-04-15 20:45,0.06,530.32
2018-04-15 21:00,0.01,531.29
2018-04-15 21:15,0.08,533.26
2018-04-15 21:30,0.02,529.43
2018-04-15 21:45,0.07,535.45
2018-04-15 22:00,0.03,527.95
2018-04-15 22:15,0.02,522.16
2018-04-15 22:30,0.07,518.37
2018-04-15 22:45,0.06,509.27
2018-04-15 23:00,0.03,503.89
2018-04-15 23:15,0.04,504.71
2018-04-15 23:30,0.04,501.68
2018-04-15 23:45,0.04,494.66
2018-04-16 00:00,0.09,495.13
2018-04-16 00:15,0.02,493.76
2018-04-16 00:30,0.04,494
2018-04-16 00:45,0.02,496.87
2018-04-16 01:00,0.07,493.34
2018-04-16 01:15,0.07,489
2018-04-16 01:30,0.02,490.02
2018-04-16 01:45,0.05,490.23
2018-04-16 02:00,0.06,490.87
2018-04-16 02:15,0.04,486.15
2018-04-16 02:30,0.03,475.92
2018-04-16 02:45,0.03,474.58
2018-04-16 03:00,0.10,471
2018-04-16 03:15,0.02,470.95
2018-04-16 03:30,0.04,474.32
2018-04-16 03:45,0.02,468.23
2018-04-16 04:00,0.08,465.66
2018-04-16 04:15,0.06,468.82
2018-04-16 04:30,0.04,465.99
2018-04-16 04:45,0.02,463.5
2018-04-16 05:00,0.02,462
2018-04-16 05:15,0.10,469.94
2018-04-16 05:30,0.04,469.57
2018-04-16 05:45,0.06,472.36
2018-04-16 06:00,0.46,475.92
2018-04-16 06:15,6.18,472.73
2018-04-16 06:30,15.94,456.7
2018-04-16 06:45,21.98,462.58
2018-04-16 07:00,20.05,459.95
2018-04-16 07:15,19.74,462.44
2018-04-16 07:30,27.80,469.44
2018-04-16 07:45,44.87,466.49
2018-04-16 08:00,62.53,458.37
2018-04-16 08:15,78.51,459.65
2018-04-16 08:30,77.06,457.81
2018-04-16 08:45,104.52,472.57
2018-04-16 09:00,105.04,458.31
2018-04-16 09:15,131.24,469.34
2018-04-16 09:30,137.92,455.7
2018-04-16 09:45,145.18,453.6
2018-04-16 10:00,129.00,451.25
2018-04-16 10:15,119.07,477.78
2018-04-16 10:30,167.76,483.45
2018-04-16 10:45,121.28,454.86
2018-04-16 11:00,100.08,490.61
2018-04-16 11:15,130.17,511.77
2018-04-16 11:30,188.48,468.02
2018-04-16 11:45,127.61,447.18
2018-04-16 12:00,153.78,489.6
2018-04-16 12:15,177.21,468.13
2018-04-16 12:30,185.02,446.62
2018-04-16 12:45,184.23,450.28
2018-04-16 13:00,150.09,443.2
2018-04-16 13:15,186.33,481.18
2018-04-16 13:30,136.05,444.08
2018-04-16 13:45,134.49,500.87
2018-04-16 14:00,115.93,498.42
2018-04-16 14:15,137.08,508.4
2018-04-16 14:30,152.41,497.39
2018-04-16 14:45,133.30,485.89
2018-04-16 15:00,127.70,495.76
2018-04-16 15:15,113.53,514.73
2018-04-16 15:30,55.78,526.82
2018-04-16 15:45,71.88,573.16
2018-04-16 16:00,66.51,553.8
2018-04-16 16:15,52.70,566.93
2018-04-16 16:30,57.34,567.9
2018-04-16 16:45,30.39,554.87
2018-04-16 17:00,23.66,572
2018-04-16 17:15,14.05,566.5
2018-04-16 17:30,9.06,566.69
2018-04-16 17:45,7.49,573.58
2018-04-16 18:00,2.30,566.19
2018-04-16 18:15,0.30,568.56
2018-04-16 18:30,0.05,576.71
2018-04-16 18:45,0.05,574.48
2018-04-16 19:00,0.06,569.79
2018-04-16 19:15,0.05,564.88
2018-04-16 19:30,0.02,559.14
2018-04-16 19:45,0.06,561.14
2018-04-16 20:00,0.04,563.74
2018-04-16 20:15,0.06,560.87
2018-04-16 20:30,0.03,558.43
2018-04-16 20:45,0.07,551.16
2018-04-16 21:00,0.02,551.77
2018-04-16 21:15,0.06,555.22
2018-04-16 21:30,0.01,552.59
2018-04-16 21:45,0.11,561.19
2018-04-16 22:00,0.02,561.19
2018-04-16 22:15,0.05,556.74
2018-04-16 22:30,0.03,556.17
2018-04-16 22:45,0.05,553.17
2018-04-16 23:00,0.07,552.08
2018-04-16 23:15,0.03,548.64
2018-04-16 23:30,0.04,543.27
2018-04-16 23:45,0.06,534.4
2018-04-17 00:00,0.02,529.71
2018-04-17 00:15,0.06,524.51
2018-04-17 00:30,0.05,513.27
2018-04-17 00:45,0.02,508.95
2018-04-17 01:00,0.06,501.95
2018-04-17 01:15,0.02,500.36
2018-04-17 01:30,0.03,498.13
2018-04-17 01:45,0.08,500.55
2018-04-17 02:00,0.05,498.6
2018-04-17 02:15,0.02,491.6
2018-04-17 02:30,0.06,489.65
2018-04-17 02:45,0.02,483.52
2018-04-17 03:00,0.08,483.26
2018-04-17 03:15,0.06,486.57
2018-04-17 03:30,0.01,481.07
2018-04-17 03:45,0.05,479.34
2018-04-17 04:00,0.06,479.15
2018-04-17 04:15,0.04,482.47
2018-04-17 04:30,0.06,475.03
2018-04-17 04:45,0.01,476.16
2018-04-17 05:00,0.06,485.47
2018-04-17 05:15,0.07,497.45
2018-04-17 05:30,0.04,500.44
2018-04-17 05:45,0.04,508
2018-04-17 06:00,0.11,515.08
2018-04-17 06:15,1.74,541.09
2018-04-17 06:30,5.62,555.11
2018-04-17 06:45,15.53,576.08
2018-04-17 07:00,23.55,587.3
2018-04-17 07:15,31.58,652.2
2018-04-17 07:30,34.89,726.21
2018-04-17 07:45,49.63,819.51
2018-04-17 08:00,70.86,885.65
2018-04-17 08:15,82.71,947.7
2018-04-17 08:30,82.84,1002.6
2018-04-17 08:45,87.73,1058.85
2018-04-17 09:00,98.54,1090.59
2018-04-17 09:15,123.38,1122.61
2018-04-17 09:30,134.03,1105.48
2018-04-17 09:45,127.70,1127.91
2018-04-17 10:00,108.57,1158.89
2018-04-17 10:15,154.14,1184.99
2018-04-17 10:30,123.34,1166.57
2018-04-17 10:45,117.20,1207.81
2018-04-17 11:00,131.81,1211.7
2018-04-17 11:15,46.38,1207.63
2018-04-17 11:30,3.68,1275.4
2018-04-17 11:45,0.11,1250.97
2018-04-17 12:00,1.82,1197.2
2018-04-17 12:15,7.63,1136.23
2018-04-17 12:30,2.88,1099.04
2018-04-17 12:45,2.86,1097.06
2018-04-17 13:00,2.59,1095.43
2018-04-17 13:15,4.02,1114.91
2018-04-17 13:30,7.02,1113.59
2018-04-17 13:45,9.64,1090.12
2018-04-17 14:00,17.89,1071.17
2018-04-17 14:15,26.11,1062.69
2018-04-17 14:30,46.11,1053.05
2018-04-17 14:45,44.46,1049.22
2018-04-17 15:00,48.39,1022.56
2018-04-17 15:15,62.05,1016.52
2018-04-17 15:30,46.52,987.65
2018-04-17 15:45,37.42,988.34
2018-04-17 16:00,58.46,969.71
2018-04-17 16:15,73.59,920.62
2018-04-17 16:30,55.99,876.22
2018-04-17 16:45,26.84,840.32
2018-04-17 17:00,16.56,815.01
2018-04-17 17:15,11.27,796.37
2018-04-17 17:30,4.76,764.18
2018-04-17 17:45,1.38,742.16
2018-04-17 18:00,0.26,725.39
2018-04-17 18:15,0.01,710.95
2018-04-17 18:30,0.06,708.55
2018-04-17 18:45,0.08,705
2018-04-17 19:00,0.02,686.94
2018-04-17 19:15,0.03,667.46
2018-04-17 19:30,0.02,647.51
2018-04-17 19:45,0.08,624.19
2018-04-17 20:00,0.05,594.04
2018-04-17 20:15,0.03,559.38
2018-04-17 20:30,0.05,559.79
2018-04-17 20:45,0.01,550.05
2018-04-17 21:00,0.07,539.59
2018-04-17 21:15,0.06,534.95
2018-04-17 21:30,0.04,531.68
2018-04-17 21:45,0.01,531.61
2018-04-17 22:00,0.06,529.5
2018-04-17 22:15,0.04,530.34
2018-04-17 22:30,0.06,526.95
2018-04-17 22:45,0.05,521.4
2018-04-17 23:00,0.05,518.76
2018-04-17 23:15,0.03,517.23
2018-04-17 23:30,0.04,516.24
2018-04-17 23:45,0.02,521.6
2018-04-18 00:00,0.09,512.14
2018-04-18 00:15,0.04,508.37
2018-04-18 00:30,0.03,505.21
2018-04-18 00:45,0.02,499.45
2018-04-18 01:00,0.04,495.98
2018-04-18 01:15,0.09,490.69
2018-04-18 01:30,0.02,489.39
2018-04-18 01:45,0.06,481.81
2018-04-18 02:00,0.02,473.1
2018-04-18 02:15,0.06,474.66
2018-04-18 02:30,0.03,466.52
2018-04-18 02:45,0.07,466.66
2018-04-18 03:00,0.03,466.29
2018-04-18 03:15,0.05,465.47
2018-04-18 03:30,0.04,460.63
2018-04-18 03:45,0.04,460.71
2018-04-18 04:00,0.06,458.45
2018-04-18 04:15,0.05,456.7
2018-04-18 04:30,0.04,459.04
2018-04-18 04:45,0.03,459.63
2018-04-18 05:00,0.02,464.12
2018-04-18 05:15,0.04,468.89
2018-04-18 05:30,0.10,476.1
2018-04-18 05:45,0.02,481.31
2018-04-18 06:00,0.78,483.58
2018-04-18 06:15,4.44,506.29
2018-04-18 06:30,10.94,507.47
2018-04-18 06:45,18.27,532
2018-04-18 07:00,28.34,587.91
2018-04-18 07:15,38.67,648.2
2018-04-18 07:30,53.08,686.49
2018-04-18 07:45,62.88,747.24
2018-04-18 08:00,76.06,792.08
2018-04-18 08:15,85.74,859.14
2018-04-18 08:30,102.50,933.75
2018-04-18 08:45,110.86,983.37
2018-04-18 09:00,125.21,969.03
2018-04-18 09:15,132.72,996.42
2018-04-18 09:30,148.35,1001.58
2018-04-18 09:45,151.27,1005.66
2018-04-18 10:00,161.51,1016.69
2018-04-18 10:15,164.45,1009.15
2018-04-18 10:30,176.45,998.77
2018-04-18 10:45,176.59,1003.81
2018-04-18 11:00,184.13,1017.77
2018-04-18 11:15,141.30,1013.84
2018-04-18 11:30,153.38,1063.85
2018-04-18 11:45,190.15,1055.24
2018-04-18 12:00,184.26,998.13
2018-04-18 12:15,194.06,992.28
2018-04-18 12:30,196.30,948.28
2018-04-18 12:45,186.88,950.57
2018-04-18 13:00,173.41,978.36
2018-04-18 13:15,170.98,1024.18
2018-04-18 13:30,181.90,1037.85
2018-04-18 13:45,167.87,1051.71
2018-04-18 14:00,165.86,1059.84
2018-04-18 14:15,155.07,1046.38
2018-04-18 14:30,154.28,1037.09
2018-04-18 14:45,137.78,1051.48
2018-04-18 15:00,132.26,1060.51
2018-04-18 15:15,116.78,1054.59
2018-04-18 15:30,111.02,1059.77
2018-04-18 15:45,94.87,1054.38
2018-04-18 16:00,82.30,1048.69
2018-04-18 16:15,72.55,1011.37
2018-04-18 16:30,60.19,983.31
2018-04-18 16:45,48.65,931.47
2018-04-18 17:00,35.68,886.39
2018-04-18 17:15,23.52,856.15
2018-04-18 17:30,16.50,841.12
2018-04-18 17:45,8.46,811.66
2018-04-18 18:00,4.77,796
2018-04-18 18:15,1.26,775.45
2018-04-18 18:30,0.04,756.23
2018-04-18 18:45,0.03,751.66
2018-04-18 19:00,0.05,737.4
2018-04-18 19:15,0.05,722.32
2018-04-18 19:30,0.06,686.05
2018-04-18 19:45,0.02,655.47
2018-04-18 20:00,0.06,641.75
2018-04-18 20:15,0.02,606.11
2018-04-18 20:30,0.07,598.06
2018-04-18 20:45,0.06,580.59
2018-04-18 21:00,0.02,574.19
2018-04-18 21:15,0.05,567.82
2018-04-18 21:30,0.07,559.87
2018-04-18 21:45,0.01,556.51
2018-04-18 22:00,0.05,554.9
2018-04-18 22:15,0.04,552.19
2018-04-18 22:30,0.11,547.59
2018-04-18 22:45,0.01,547.37
2018-04-18 23:00,0.04,537.08
2018-04-18 23:15,0.02,533.42
2018-04-18 23:30,0.13,526.64
2018-04-18 23:45,0.02,529.87
2018-04-19 00:00,0.03,522.13
2018-04-19 00:15,0.02,521.87
2018-04-19 00:30,0.02,518.82
2018-04-19 00:45,0.08,516.45
2018-04-19 01:00,0.07,510.53
2018-04-19 01:15,0.03,510.71
2018-04-19 01:30,0.02,504.4
2018-04-19 01:45,0.07,499
2018-04-19 02:00,0.03,500.73
2018-04-19 02:15,0.06,500.65
2018-04-19 02:30,0.05,489.78
2018-04-19 02:45,0.05,487.92
2018-04-19 03:00,0.06,488.4
2018-04-19 03:15,0.01,487.76
2018-04-19 03:30,0.10,483.4
2018-04-19 03:45,0.04,482.37
2018-04-19 04:00,0.06,481.89
2018-04-19 04:15,0.01,481.34
2018-04-19 04:30,0.06,480.21
2018-04-19 04:45,0.07,477.36
2018-04-19 05:00,0.05,480.87
2018-04-19 05:15,0.05,484.53
2018-04-19 05:30,0.02,493.03
2018-04-19 05:45,0.09,499.61
2018-04-19 06:00,0.98,508.52
2018-04-19 06:15,4.89,511.23
2018-04-19 06:30,10.61,527.97
2018-04-19 06:45,17.93,571.77
2018-04-19 07:00,26.50,623.15
2018-04-19 07:15,34.93,638.07
2018-04-19 07:30,48.41,676.63
2018-04-19 07:45,57.64,743.03
2018-04-19 08:00,72.18,830.11
2018-04-19 08:15,80.33,925.44
2018-04-19 08:30,97.53,984.29
2018-04-19 08:45,108.98,1054.92
2018-04-19 09:00,49.76,1121.27
2018-04-19 09:15,61.50,1191.07
2018-04-19 09:30,132.23,1174.75
2018-04-19 09:45,120.06,1127.19
2018-04-19 10:00,164.79,1146.96
2018-04-19 10:15,171.50,1128.67
2018-04-19 10:30,140.53,1124.23
2018-04-19 10:45,185.92,1137.46
2018-04-19 11:00,183.54,1098.7
2018-04-19 11:15,127.29,1042.82
2018-04-19 11:30,199.12,962.47
2018-04-19 11:45,130.97,961.52
2018-04-19 12:00,204.95,1099.28
2018-04-19 12:15,145.24,1071.75
2018-04-19 12:30,174.27,1080.3
2018-04-19 12:45,162.19,1056.79
2018-04-19 13:00,185.54,1060.55
2018-04-19 13:15,179.50,1069.27
2018-04-19 13:30,183.72,1088.85
2018-04-19 13:45,162.92,1105.28
2018-04-19 14:00,157.70,1110.93
2018-04-19 14:15,77.80,1119.93
2018-04-19 14:30,116.20,1138.48
2018-04-19 14:45,117.65,1103.88
2018-04-19 15:00,138.88,1091.93
2018-04-19 15:15,118.19,1053.06
2018-04-19 15:30,109.75,1058.75
2018-04-19 15:45,89.22,1065.21
2018-04-19 16:00,85.75,1059
2018-04-19 16:15,69.79,1016.35
2018-04-19 16:30,61.02,972.62
2018-04-19 16:45,46.43,922.88
2018-04-19 17:00,37.70,894.56
2018-04-19 17:15,24.67,854.86
2018-04-19 17:30,15.92,835.17
2018-04-19 17:45,9.02,816.33
2018-04-19 18:00,4.46,813.25
2018-04-19 18:15,1.26,808.34
2018-04-19 18:30,0.02,797.72
2018-04-19 18:45,0.02,798.05
2018-04-19 19:00,0.02,774.24
2018-04-19 19:15,0.10,745.21
2018-04-19 19:30,0.02,717.15
2018-04-19 19:45,0.04,684.81
2018-04-19 20:00,0.04,661.67
2018-04-19 20:15,0.05,623.85
2018-04-19 20:30,0.06,606.17
2018-04-19 20:45,0.03,602.69
2018-04-19 21:00,0.05,587.19
2018-04-19 21:15,0.05,589.54
2018-04-19 21:30,0.03,573.33
2018-04-19 21:45,0.06,569.01
2018-04-19 22:00,0.04,568.69
2018-04-19 22:15,0.06,564.64
2018-04-19 22:30,0.04,555.93
2018-04-19 22:45,0.02,548.98
2018-04-19 23:00,0.05,547.98
2018-04-19 23:15,0.08,551.74
2018-04-19 23:30,0.04,555.71
2018-04-19 23:45,0.04,549.96
2018-04-20 00:00,0.01,540.26
2018-04-20 00:15,0.10,537.71
2018-04-20 00:30,0.04,538.4
2018-04-20 00:45,0.04,531.42
2018-04-20 01:00,0.03,529.13
2018-04-20 01:15,0.02,521.37
2018-04-20 01:30,0.09,520.85
2018-04-20 01:45,0.04,514.64
2018-04-20 02:00,0.04,510.79
2018-04-20 02:15,0.04,503.27
2018-04-20 02:30,0.05,502.39
2018-04-20 02:45,0.05,497.42
2018-04-20 03:00,0.04,498.47
2018-04-20 03:15,0.05,492.42
2018-04-20 03:30,0.06,495.27
2018-04-20 03:45,0.03,490.32
2018-04-20 04:00,0.04,487.16
2018-04-20 04:15,0.04,484.95
2018-04-20 04:30,0.04,482.86
2018-04-20 04:45,0.07,481.1
2018-04-20 05:00,0.03,485.24
2018-04-20 05:15,0.05,495.5
2018-04-20 05:30,0.02,499.71
2018-04-20 05:45,0.09,510.5
2018-04-20 06:00,0.58,519.45
2018-04-20 06:15,4.39,525.4
2018-04-20 06:30,12.00,521.37
2018-04-20 06:45,18.58,573.62
2018-04-20 07:00,32.93,616.78
2018-04-20 07:15,35.95,663.81
2018-04-20 07:30,43.30,701.12
2018-04-20 07:45,47.66,782.47
2018-04-20 08:00,68.58,856.15
2018-04-20 08:15,81.30,923.63
2018-04-20 08:30,87.68,1022.72
2018-04-20 08:45,110.22,1105.35
2018-04-20 09:00,108.21,1114.98
2018-04-20 09:15,130.15,1155.17
2018-04-20 09:30,158.32,1172.51
2018-04-20 09:45,145.93,1146.67
2018-04-20 10:00,155.99,1146.93
2018-04-20 10:15,109.90,1165.44
2018-04-20 10:30,183.56,1206.63
2018-04-20 10:45,174.44,1164.88
2018-04-20 11:00,131.35,1152.27
2018-04-20 11:15,111.46,1198.08
2018-04-20 11:30,157.28,1201.87
2018-04-20 11:45,151.07,1176.23
2018-04-20 12:00,125.79,1179.62
2018-04-20 12:15,139.66,1186.65
2018-04-20 12:30,123.87,1146.33
2018-04-20 12:45,81.57,1187.38
2018-04-20 13:00,44.18,1215.91
2018-04-20 13:15,43.95,1242.31
2018-04-20 13:30,87.91,1252.31
2018-04-20 13:45,51.14,1214.05
2018-04-20 14:00,62.14,1248.81
2018-04-20 14:15,124.83,1182.88
2018-04-20 14:30,120.86,1135.41
2018-04-20 14:45,27.68,1158.18
2018-04-20 15:00,34.95,1208.39
2018-04-20 15:15,28.63,1151.51
2018-04-20 15:30,27.93,1137.06
2018-04-20 15:45,43.49,1115.41
2018-04-20 16:00,31.42,1085.46
2018-04-20 16:15,28.70,1030.97
2018-04-20 16:30,53.14,989.78
2018-04-20 16:45,45.86,929.02
2018-04-20 17:00,37.54,891.8
2018-04-20 17:15,26.03,859.61
2018-04-20 17:30,16.87,850.17
2018-04-20 17:45,10.15,836.01
2018-04-20 18:00,5.69,818.22
2018-04-20 18:15,2.14,805.3
2018-04-20 18:30,0.22,784.51
2018-04-20 18:45,0.03,778.11
2018-04-20 19:00,0.04,770.02
2018-04-20 19:15,0.04,736.28
2018-04-20 19:30,0.08,704.71
2018-04-20 19:45,0.03,673.81
2018-04-20 20:00,0.03,634.44
2018-04-20 20:15,0.02,613.67
2018-04-20 20:30,0.05,600.75
2018-04-20 20:45,0.08,583.29
2018-04-20 21:00,0.02,570.56
2018-04-20 21:15,0.05,563
2018-04-20 21:30,0.03,560.66
2018-04-20 21:45,0.05,552.71
2018-04-20 22:00,0.08,553.82
2018-04-20 22:15,0.02,552.58
2018-04-20 22:30,0.02,549.35
2018-04-20 22:45,0.07,548.03
2018-04-20 23:00,0.04,547.03
2018-04-20 23:15,0.02,536.32
2018-04-20 23:30,0.08,537.27
2018-04-20 23:45,0.05,539.09
2018-04-21 00:00,0.04,526.79
2018-04-21 00:15,0.03,518.27
2018-04-21 00:30,0.02,520.58
2018-04-21 00:45,0.13,519.42
2018-04-21 01:00,0.02,520.39
2018-04-21 01:15,0.02,514.08
2018-04-21 01:30,0.04,509.76
2018-04-21 01:45,0.05,511.81
2018-04-21 02:00,0.07,508.52
2018-04-21 02:15,0.03,507.56
2018-04-21 02:30,0.03,504.34
2018-04-21 02:45,0.06,499.82
2018-04-21 03:00,0.06,497.03
2018-04-21 03:15,0.00,498.44
2018-04-21 03:30,0.06,497.21
2018-04-21 03:45,0.07,491.92
2018-04-21 04:00,0.03,494.39
2018-04-21 04:15,0.04,493.82
2018-04-21 04:30,0.02,485.66
2018-04-21 04:45,0.07,492.66
2018-04-21 05:00,0.06,501.34
2018-04-21 05:15,0.02,499.16
2018-04-21 05:30,0.04,496.03
2018-04-21 05:45,0.04,505.13
2018-04-21 06:00,0.95,517.43
2018-04-21 06:15,4.68,519.19
2018-04-21 06:30,11.06,509.76
2018-04-21 06:45,17.76,513.39
2018-04-21 07:00,27.65,533.19
2018-04-21 07:15,37.43,571.95
2018-04-21 07:30,50.41,598.99
2018-04-21 07:45,60.23,625.96
2018-04-21 08:00,73.42,655.18
2018-04-21 08:15,82.82,685.21
2018-04-21 08:30,99.72,692.15
2018-04-21 08:45,108.11,684.57
2018-04-21 09:00,120.79,691.46
2018-04-21 09:15,127.02,715.07
2018-04-21 09:30,142.76,716.45
2018-04-21 09:45,151.74,715.13
2018-04-21 10:00,162.55,712.86
2018-04-21 10:15,163.92,716.2
2018-04-21 10:30,184.70,718.23
2018-04-21 10:45,165.97,721.71
2018-04-21 11:00,173.98,725.66
2018-04-21 11:15,169.37,728.58
2018-04-21 11:30,109.06,716.62
2018-04-21 11:45,104.40,769.71
2018-04-21 12:00,197.84,772.39
2018-04-21 12:15,141.51,699.05
2018-04-21 12:30,180.86,736.97
2018-04-21 12:45,174.22,717.21
2018-04-21 13:00,157.62,708.04
2018-04-21 13:15,104.54,723.31
2018-04-21 13:30,77.65,749.92
2018-04-21 13:45,88.00,768.93
2018-04-21 14:00,104.46,757.98
2018-04-21 14:15,142.04,737.97
2018-04-21 14:30,61.93,708.26
2018-04-21 14:45,118.56,761.74
2018-04-21 15:00,109.34,699.28
2018-04-21 15:15,133.67,716.45
2018-04-21 15:30,94.40,685.73
2018-04-21 15:45,102.93,710.58
2018-04-21 16:00,64.86,683.46
2018-04-21 16:15,37.18,709.29
2018-04-21 16:30,41.65,684.36
2018-04-21 16:45,25.06,640.44
2018-04-21 17:00,20.11,624.35
2018-04-21 17:15,16.16,596.53
2018-04-21 17:30,14.84,587.33
2018-04-21 17:45,9.28,578.75
2018-04-21 18:00,5.12,566.53
2018-04-21 18:15,1.67,563.17
2018-04-21 18:30,0.07,563.14
2018-04-21 18:45,0.06,573.51
2018-04-21 19:00,0.04,570.09
2018-04-21 19:15,0.03,566.27
2018-04-21 19:30,0.05,557.92
2018-04-21 19:45,0.02,548.24
2018-04-21 20:00,0.06,553.8
2018-04-21 20:15,0.05,559.17
2018-04-21 20:30,0.06,549.51
2018-04-21 20:45,0.03,543.76
2018-04-21 21:00,0.02,535.9
2018-04-21 21:15,0.05,534.56
2018-04-21 21:30,0.06,538.59
2018-04-21 21:45,0.06,533.39
2018-04-21 22:00,0.02,540.98
2018-04-21 22:15,0.02,531.71
2018-04-21 22:30,0.04,529.47
2018-04-21 22:45,0.10,531.56
2018-04-21 23:00,0.02,525.74
2018-04-21 23:15,0.02,512.61
2018-04-21 23:30,0.04,519.6
2018-04-21 23:45,0.09,522.19
2018-04-22 00:00,0.01,522.32
2018-04-22 00:15,0.07,520.27
2018-04-22 00:30,0.02,524.9
2018-04-22 00:45,0.08,519.11
2018-04-22 01:00,0.03,514.58
2018-04-22 01:15,0.02,520.79
2018-04-22 01:30,0.06,511.94
2018-04-22 01:45,0.05,511.24
2018-04-22 02:00,0.02,506.61
2018-04-22 02:15,0.06,506.65
2018-04-22 02:30,0.02,503.82
2018-04-22 02:45,0.01,502.16
2018-04-22 03:00,0.10,497.73
2018-04-22 03:15,0.03,493.39
2018-04-22 03:30,0.04,491.84
2018-04-22 03:45,0.03,493.07
2018-04-22 04:00,0.05,486.68
2018-04-22 04:15,0.07,488.95
2018-04-22 04:30,0.05,482.65
2018-04-22 04:45,0.02,480.61
2018-04-22 05:00,0.06,490.45
2018-04-22 05:15,0.02,481.29
2018-04-22 05:30,0.03,485
2018-04-22 05:45,0.08,487.69
2018-04-22 06:00,1.42,486.45
2018-04-22 06:15,4.20,481.08
2018-04-22 06:30,6.44,479.29
2018-04-22 06:45,15.27,491.55
2018-04-22 07:00,28.32,488.61
2018-04-22 07:15,38.43,497.6
2018-04-22 07:30,51.94,510.24
2018-04-22 07:45,61.40,506.81
2018-04-22 08:00,73.22,500.71
2018-04-22 08:15,49.77,523.19
2018-04-22 08:30,66.66,570.61
2018-04-22 08:45,117.36,569.71
2018-04-22 09:00,110.85,539.59
2018-04-22 09:15,110.78,568.33
2018-04-22 09:30,167.29,570.93
2018-04-22 09:45,158.79,519.21
2018-04-22 10:00,162.56,535.48
2018-04-22 10:15,144.12,541.03
2018-04-22 10:30,158.01,550.43
2018-04-22 10:45,171.69,551.29
2018-04-22 11:00,171.16,535.63
2018-04-22 11:15,156.15,545.76
2018-04-22 11:30,122.76,545.27
2018-04-22 11:45,120.96,594.69
2018-04-22 12:00,188.49,576.46
2018-04-22 12:15,189.10,524.51
2018-04-22 12:30,201.86,524.26
2018-04-22 12:45,153.53,525.84
2018-04-22 13:00,197.06,561.03
2018-04-22 13:15,178.31,524.61
2018-04-22 13:30,97.43,551.66
2018-04-22 13:45,154.17,613.94
2018-04-22 14:00,151.56,570.5
2018-04-22 14:15,72.15,576.61
2018-04-22 14:30,123.67,624.94
2018-04-22 14:45,129.98,581.75
2018-04-22 15:00,118.04,583.24
2018-04-22 15:15,117.02,571.75
2018-04-22 15:30,123.97,578.51
2018-04-22 15:45,106.64,565.96
2018-04-22 16:00,53.37,565.37
2018-04-22 16:15,72.07,597.93
2018-04-22 16:30,62.74,567.75
2018-04-22 16:45,49.39,569.95
2018-04-22 17:00,40.18,576.67
2018-04-22 17:15,26.39,570.09
2018-04-22 17:30,18.06,567.63
2018-04-22 17:45,11.23,567.48
2018-04-22 18:00,4.14,567.85
2018-04-22 18:15,1.12,571.56
2018-04-22 18:30,0.01,576.27
2018-04-22 18:45,0.02,584.12
2018-04-22 19:00,0.08,573.58
2018-04-22 19:15,0.07,578.58
2018-04-22 19:30,0.02,576.35
2018-04-22 19:45,0.02,576.14
2018-04-22 20:00,0.03,573.5
2018-04-22 20:15,0.06,568.04
2018-04-22 20:30,0.08,564.54
2018-04-22 20:45,0.02,556.77
2018-04-22 21:00,0.03,560.27
2018-04-22 21:15,0.05,559.03
2018-04-22 21:30,0.02,563.19
2018-04-22 21:45,0.07,559.21
2018-04-22 22:00,0.06,562.14
2018-04-22 22:15,0.03,558.61
2018-04-22 22:30,0.05,554.24
2018-04-22 22:45,0.01,549.71
2018-04-22 23:00,0.06,546.72
2018-04-22 23:15,0.06,550.06
2018-04-22 23:30,0.06,544.06
2018-04-22 23:45,0.04,544.19
2018-04-23 00:00,0.01,537.39
2018-04-23 00:15,0.06,532.84
2018-04-23 00:30,0.06,538.95
2018-04-23 00:45,0.05,530.58
2018-04-23 01:00,0.02,523.4
2018-04-23 01:15,0.06,522.53
2018-04-23 01:30,0.06,515.89
2018-04-23 01:45,0.02,513.82
2018-04-23 02:00,0.06,513.79
2018-04-23 02:15,0.02,516.76
2018-04-23 02:30,0.05,513.61
2018-04-23 02:45,0.06,509.47
2018-04-23 03:00,0.02,502.74
2018-04-23 03:15,0.03,506.03
2018-04-23 03:30,0.06,504.44
2018-04-23 03:45,0.06,506.48
2018-04-23 04:00,0.06,507.21
2018-04-23 04:15,0.02,504.65
2018-04-23 04:30,0.03,504.61
2018-04-23 04:45,0.08,508.27
2018-04-23 05:00,0.06,502.56
2018-04-23 05:15,0.04,504.16
2018-04-23 05:30,0.01,513.45
2018-04-23 05:45,0.06,519.18
2018-04-23 06:00,1.05,527.05
2018-04-23 06:15,5.25,540.35
2018-04-23 06:30,11.34,548.5
2018-04-23 06:45,18.03,570.85
2018-04-23 07:00,27.92,608.64
2018-04-23 07:15,37.52,669.42
2018-04-23 07:30,49.48,793.79
2018-04-23 07:45,58.39,878.27
2018-04-23 08:00,70.42,958.31
2018-04-23 08:15,85.92,1084.48
2018-04-23 08:30,86.66,1164.54
2018-04-23 08:45,85.44,1228.13
2018-04-23 09:00,105.83,1270.97
2018-04-23 09:15,87.24,1301.9
2018-04-23 09:30,144.15,1322.82
2018-04-23 09:45,144.02,1288.64
2018-04-23 10:00,155.44,1282.89
2018-04-23 10:15,155.40,1285.82
2018-04-23 10:30,166.61,1281.64
2018-04-23 10:45,164.54,1286.26
2018-04-23 11:00,172.78,1285.32
2018-04-23 11:15,173.20,1284.66
2018-04-23 11:30,182.47,1297.61
2018-04-23 11:45,175.46,1285.51
2018-04-23 12:00,181.31,1275.37
2018-04-23 12:15,175.54,1260.24
2018-04-23 12:30,179.98,1237.66
2018-04-23 12:45,172.17,1243.92
2018-04-23 13:00,174.69,1263.92
2018-04-23 13:15,164.86,1283.58
2018-04-23 13:30,168.14,1310.24
2018-04-23 13:45,156.02,1326.79
2018-04-23 14:00,151.97,1327.72
2018-04-23 14:15,140.23,1320.85
2018-04-23 14:30,139.47,1329.46
2018-04-23 14:45,124.70,1327.12
2018-04-23 15:00,120.01,1340.03
2018-04-23 15:15,108.81,1320.21
2018-04-23 15:30,101.74,1311.19
2018-04-23 15:45,87.14,1295.06
2018-04-23 16:00,78.07,1277.03
2018-04-23 16:15,63.46,1241.95
2018-04-23 16:30,54.57,1191.89
2018-04-23 16:45,41.67,1118.78
2018-04-23 17:00,33.59,1050.92
2018-04-23 17:15,23.01,1037.09
2018-04-23 17:30,16.24,1027.93
2018-04-23 17:45,9.66,997.02
2018-04-23 18:00,5.49,942.7
2018-04-23 18:15,1.82,934.3
2018-04-23 18:30,0.09,924.89
2018-04-23 18:45,0.08,910.44
2018-04-23 19:00,0.01,884.23
2018-04-23 19:15,0.02,842.9
2018-04-23 19:30,0.08,824.03
2018-04-23 19:45,0.02,801.51
2018-04-23 20:00,0.07,755.79
2018-04-23 20:15,0.03,726.94
2018-04-23 20:30,0.07,683.23
2018-04-23 20:45,0.02,660.05
2018-04-23 21:00,0.02,638.54
2018-04-23 21:15,0.08,627.94
2018-04-23 21:30,0.05,622.12
2018-04-23 21:45,0.05,616.28
2018-04-23 22:00,0.02,614.83
2018-04-23 22:15,0.03,620.98
2018-04-23 22:30,0.10,619.43
2018-04-23 22:45,0.02,620.75
2018-04-23 23:00,0.06,612.38
2018-04-23 23:15,0.00,606.46
2018-04-23 23:30,0.08,597.8
2018-04-23 23:45,0.03,593.16
2018-04-24 00:00,0.08,588.45
2018-04-24 00:15,0.02,587.27
2018-04-24 00:30,0.02,595.43
2018-04-24 00:45,0.07,586.14
2018-04-24 01:00,0.04,582.08
2018-04-24 01:15,0.08,583.98
2018-04-24 01:30,0.02,582.75
2018-04-24 01:45,0.06,582.19
2018-04-24 02:00,0.02,578.32
2018-04-24 02:15,0.05,577.17
2018-04-24 02:30,0.04,566.01
2018-04-24 02:45,0.09,553.63
2018-04-24 03:00,0.02,550.64
2018-04-24 03:15,0.02,546.85
2018-04-24 03:30,0.04,544.26
2018-04-24 03:45,0.04,541.22
2018-04-24 04:00,0.09,541.82
2018-04-24 04:15,0.03,547.08
2018-04-24 04:30,0.04,538.09
2018-04-24 04:45,0.03,538.22
2018-04-24 05:00,0.06,540.72
2018-04-24 05:15,0.02,548.13
2018-04-24 05:30,0.06,556.34
2018-04-24 05:45,0.04,559.88
2018-04-24 06:00,1.10,565.64
2018-04-24 06:15,5.30,577.19
2018-04-24 06:30,11.78,591.67
2018-04-24 06:45,17.32,636.27
2018-04-24 07:00,23.66,662.39
2018-04-24 07:15,31.20,713.26
2018-04-24 07:30,45.22,813.19
2018-04-24 07:45,50.66,917.67
2018-04-24 08:00,68.09,997.05
2018-04-24 08:15,81.10,1098.61
2018-04-24 08:30,89.46,1176.92
2018-04-24 08:45,97.41,1247.52
2018-04-24 09:00,66.41,1287
2018-04-24 09:15,61.76,1325.43
2018-04-24 09:30,50.23,1352.48
2018-04-24 09:45,47.11,1354.24
2018-04-24 10:00,52.07,1348.11
2018-04-24 10:15,87.12,1282
2018-04-24 10:30,108.86,1219.2
2018-04-24 10:45,100.88,1226.07
2018-04-24 11:00,173.78,1234.5
2018-04-24 11:15,160.49,1273.18
2018-04-24 11:30,177.30,1300.5
2018-04-24 11:45,183.26,1289.37
2018-04-24 12:00,134.41,1243.05
2018-04-24 12:15,153.50,1328.45
2018-04-24 12:30,135.92,1275.56
2018-04-24 12:45,161.30,1263.45
2018-04-24 13:00,179.67,1273.43
2018-04-24 13:15,163.97,1214.79
2018-04-24 13:30,178.39,1291.22
2018-04-24 13:45,167.52,1298.47
2018-04-24 14:00,159.65,1262.39
2018-04-24 14:15,150.77,1318.19
2018-04-24 14:30,148.94,1313.25
2018-04-24 14:45,125.82,1308.58
2018-04-24 15:00,126.58,1341.16
2018-04-24 15:15,113.26,1286.1
2018-04-24 15:30,106.20,1282.87
2018-04-24 15:45,90.77,1268.5
2018-04-24 16:00,82.65,1248.26
2018-04-24 16:15,67.69,1184.67
2018-04-24 16:30,59.33,1150.33
2018-04-24 16:45,46.26,1079.38
2018-04-24 17:00,36.62,1030.81
2018-04-24 17:15,23.90,986.34
2018-04-24 17:30,15.42,949.71
2018-04-24 17:45,7.05,935.76
2018-04-24 18:00,3.18,914.6
2018-04-24 18:15,1.31,896.72
2018-04-24 18:30,0.03,883.49
2018-04-24 18:45,0.04,876.48
2018-04-24 19:00,0.04,851.67
2018-04-24 19:15,0.08,832.27
2018-04-24 19:30,0.02,813.69
2018-04-24 19:45,0.02,761.85
2018-04-24 20:00,0.04,733.36
2018-04-24 20:15,0.09,684.52
2018-04-24 20:30,0.03,675.21
2018-04-24 20:45,0.03,656.49
2018-04-24 21:00,0.02,636.14
2018-04-24 21:15,0.08,642.89
2018-04-24 21:30,0.05,627.54
2018-04-24 21:45,0.04,620.48
2018-04-24 22:00,0.03,614.4
2018-04-24 22:15,0.02,619.01
2018-04-24 22:30,0.09,614.4
2018-04-24 22:45,0.05,614.65
2018-04-24 23:00,0.04,602.98
2018-04-24 23:15,0.02,601.35
2018-04-24 23:30,0.07,598.49
2018-04-24 23:45,0.04,590.77
2018-04-25 00:00,0.02,582.96
2018-04-25 00:15,0.06,578.3
2018-04-25 00:30,0.07,579.48
2018-04-25 00:45,0.02,579.17
2018-04-25 01:00,0.02,575.83
2018-04-25 01:15,0.04,576.17
2018-04-25 01:30,0.10,572.37
2018-04-25 01:45,0.04,562.32
2018-04-25 02:00,0.02,554.66
2018-04-25 02:15,0.02,554.01
2018-04-25 02:30,0.08,548.88
2018-04-25 02:45,0.05,548.85
2018-04-25 03:00,0.04,544.08
2018-04-25 03:15,0.03,539.45
2018-04-25 03:30,0.06,538.84
2018-04-25 03:45,0.03,530.39
2018-04-25 04:00,0.02,530.77
2018-04-25 04:15,0.09,523.51
2018-04-25 04:30,0.05,519.48
2018-04-25 04:45,0.03,521.93
2018-04-25 05:00,0.04,522.08
2018-04-25 05:15,0.02,528.82
2018-04-25 05:30,0.11,539.76
2018-04-25 05:45,0.02,548.46
2018-04-25 06:00,0.83,551.26
2018-04-25 06:15,3.74,567.61
2018-04-25 06:30,6.98,576.72
2018-04-25 06:45,11.61,596.2
2018-04-25 07:00,23.74,662.96
2018-04-25 07:15,33.18,738.07
2018-04-25 07:30,34.29,803.56
2018-04-25 07:45,45.99,913.25
2018-04-25 08:00,62.24,1007.69
2018-04-25 08:15,47.95,1123.27
2018-04-25 08:30,37.97,1213.84
2018-04-25 08:45,80.78,1266.5
2018-04-25 09:00,86.58,1284.29
2018-04-25 09:15,86.48,1309.87
2018-04-25 09:30,114.27,1301.97
2018-04-25 09:45,131.76,1291.22
2018-04-25 10:00,136.00,1271.84
2018-04-25 10:15,127.20,1283.63
2018-04-25 10:30,178.00,1283.85
2018-04-25 10:45,123.91,1245.23
2018-04-25 11:00,183.87,1266.71
2018-04-25 11:15,146.09,1228.65
2018-04-25 11:30,167.40,1269.03
2018-04-25 11:45,184.98,1256.48
2018-04-25 12:00,174.85,1237.1
2018-04-25 12:15,150.39,1240.4
2018-04-25 12:30,120.81,1245.55
2018-04-25 12:45,153.14,1267.87
2018-04-25 13:00,157.46,1238.44
2018-04-25 13:15,139.46,1268.68
2018-04-25 13:30,147.22,1285.5
2018-04-25 13:45,142.90,1279.85
2018-04-25 14:00,115.86,1286.66
2018-04-25 14:15,132.44,1297.47
2018-04-25 14:30,112.98,1259.24
2018-04-25 14:45,79.21,1277.98
2018-04-25 15:00,94.65,1295.71
2018-04-25 15:15,44.81,1262.34
2018-04-25 15:30,73.43,1283.92
2018-04-25 15:45,64.31,1260.15
2018-04-25 16:00,56.40,1249.44
2018-04-25 16:15,54.07,1177.78
2018-04-25 16:30,53.21,1138.04
2018-04-25 16:45,44.66,1056.66
2018-04-25 17:00,35.10,1001.37
2018-04-25 17:15,26.50,948.33
2018-04-25 17:30,20.62,923.26
2018-04-25 17:45,11.57,903.47
2018-04-25 18:00,6.06,872.94
2018-04-25 18:15,1.92,867.56
2018-04-25 18:30,0.06,855.9
2018-04-25 18:45,0.04,836.14
2018-04-25 19:00,0.07,818.03
2018-04-25 19:15,0.02,801.08
2018-04-25 19:30,0.06,758.39
2018-04-25 19:45,0.02,722.99
2018-04-25 20:00,0.04,690.73
2018-04-25 20:15,0.08,663.73
2018-04-25 20:30,0.06,647.14
2018-04-25 20:45,0.01,636.46
2018-04-25 21:00,0.04,628.09
2018-04-25 21:15,0.05,615.75
2018-04-25 21:30,0.06,609.2
2018-04-25 21:45,0.06,612.56
2018-04-25 22:00,0.02,612.12
2018-04-25 22:15,0.02,600.49
2018-04-25 22:30,0.10,599.95
2018-04-25 22:45,0.02,599.17
2018-04-25 23:00,0.04,600.77
2018-04-25 23:15,0.04,595.53
2018-04-25 23:30,0.05,592.35
2018-04-25 23:45,0.05,585.61
2018-04-26 00:00,0.04,584.2
2018-04-26 00:15,0.02,582.7
2018-04-26 00:30,0.05,576.25
2018-04-26 00:45,0.07,573.41
2018-04-26 01:00,0.05,567.35
2018-04-26 01:15,0.02,565.43
2018-04-26 01:30,0.03,556.29
2018-04-26 01:45,0.09,559.08
2018-04-26 02:00,0.03,552.38
2018-04-26 02:15,0.05,555.43
2018-04-26 02:30,0.02,557.08
2018-04-26 02:45,0.06,548.63
2018-04-26 03:00,0.02,540.71
2018-04-26 03:15,0.07,539.77
2018-04-26 03:30,0.05,539.21
2018-04-26 03:45,0.06,538.03
2018-04-26 04:00,0.02,531.6
2018-04-26 04:15,0.02,534.3
2018-04-26 04:30,0.08,530.21
2018-04-26 04:45,0.02,528.63
2018-04-26 05:00,0.07,532.4
2018-04-26 05:15,0.02,534.14
2018-04-26 05:30,0.04,538.8
2018-04-26 05:45,0.02,546.82
2018-04-26 06:00,0.92,554.56
2018-04-26 06:15,5.03,555.72
2018-04-26 06:30,10.07,573.79
2018-04-26 06:45,14.62,614.69
2018-04-26 07:00,25.79,687.75
2018-04-26 07:15,38.46,741.84
2018-04-26 07:30,52.18,822.69
2018-04-26 07:45,61.42,914.22
2018-04-26 08:00,74.23,968.55
2018-04-26 08:15,90.08,1068.88
2018-04-26 08:30,107.55,1166.28
2018-04-26 08:45,87.55,1226.84
2018-04-26 09:00,68.67,1267.63
2018-04-26 09:15,75.43,1291.55
2018-04-26 09:30,74.26,1300.85
2018-04-26 09:45,3.61,1323.93
2018-04-26 10:00,3.86,1343.45
2018-04-26 10:15,8.53,1280.66
2018-04-26 10:30,14.96,1263.08
2018-04-26 10:45,21.13,1245.97
2018-04-26 11:00,32.91,1236.95
2018-04-26 11:15,34.49,1232.58
2018-04-26 11:30,33.35,1244.98
2018-04-26 11:45,29.08,1239.13
2018-04-26 12:00,28.70,1223.15
2018-04-26 12:15,29.46,1200.92
2018-04-26 12:30,35.02,1192.29
2018-04-26 12:45,39.53,1187.75
2018-04-26 13:00,46.87,1165.8
2018-04-26 13:15,53.13,1173.73
2018-04-26 13:30,75.32,1167.28
2018-04-26 13:45,93.98,1152.83
2018-04-26 14:00,108.77,1160.43
2018-04-26 14:15,110.28,1143.59
2018-04-26 14:30,115.54,1114.25
2018-04-26 14:45,105.30,1117.59
2018-04-26 15:00,101.03,1133.06
2018-04-26 15:15,91.85,1139.64
2018-04-26 15:30,86.91,1145.73
2018-04-26 15:45,77.93,1141.51
2018-04-26 16:00,73.07,1115.27
2018-04-26 16:15,58.78,1081.27
2018-04-26 16:30,57.13,1042.92
2018-04-26 16:45,43.07,970.5
2018-04-26 17:00,33.24,932
2018-04-26 17:15,22.27,905.33
2018-04-26 17:30,15.89,890.38
2018-04-26 17:45,8.89,876.06
2018-04-26 18:00,4.03,856.06
2018-04-26 18:15,0.78,829.58
2018-04-26 18:30,0.03,816.82
2018-04-26 18:45,0.05,806.84
2018-04-26 19:00,0.04,786.97
2018-04-26 19:15,0.04,757.95
2018-04-26 19:30,0.02,729.52
2018-04-26 19:45,0.08,694.62
2018-04-26 20:00,0.04,661.1
2018-04-26 20:15,0.02,626.06
2018-04-26 20:30,0.04,583.14
2018-04-26 20:45,0.06,572.8
2018-04-26 21:00,0.06,566.3
2018-04-26 21:15,0.01,564.87
2018-04-26 21:30,0.06,560.93
2018-04-26 21:45,0.03,560.37
2018-04-26 22:00,0.04,548.09
2018-04-26 22:15,0.04,545.32
2018-04-26 22:30,0.05,543.47
2018-04-26 22:45,0.03,542.37
2018-04-26 23:00,0.06,538.3
2018-04-26 23:15,0.03,532.63
2018-04-26 23:30,0.02,533.11
2018-04-26 23:45,0.06,532.79
2018-04-27 00:00,0.08,533.08
2018-04-27 00:15,0.01,532.53
2018-04-27 00:30,0.04,520.29
2018-04-27 00:45,0.03,516.03
2018-04-27 01:00,0.06,513.87
2018-04-27 01:15,0.07,515.14
2018-04-27 01:30,0.02,509.27
2018-04-27 01:45,0.02,499.52
2018-04-27 02:00,0.09,494.92
2018-04-27 02:15,0.02,496.02
2018-04-27 02:30,0.03,489.37
2018-04-27 02:45,0.07,489.69
2018-04-27 03:00,0.02,489.53
2018-04-27 03:15,0.06,487.07
2018-04-27 03:30,0.03,483.15
2018-04-27 03:45,0.04,482.6
2018-04-27 04:00,0.06,486.34
2018-04-27 04:15,0.06,488.73
2018-04-27 04:30,0.04,484.28
2018-04-27 04:45,0.03,484.79
2018-04-27 05:00,0.03,486.87
2018-04-27 05:15,0.09,489.23
2018-04-27 05:30,0.02,501.06
2018-04-27 05:45,0.05,508.47
2018-04-27 06:00,1.27,513.06
2018-04-27 06:15,7.34,528.51
2018-04-27 06:30,13.93,550.87
2018-04-27 06:45,12.91,571.85
2018-04-27 07:00,23.68,624.28
2018-04-27 07:15,35.29,672.7
2018-04-27 07:30,50.97,738.19
2018-04-27 07:45,61.20,807.17
2018-04-27 08:00,53.64,871.12
2018-04-27 08:15,49.41,980.11
2018-04-27 08:30,50.99,1066.16
2018-04-27 08:45,53.76,1115.38
2018-04-27 09:00,62.61,1125.61
2018-04-27 09:15,83.52,1117.67
2018-04-27 09:30,146.36,1109.86
2018-04-27 09:45,140.02,1073.8
2018-04-27 10:00,184.13,1102.56
2018-04-27 10:15,150.90,1079.3
2018-04-27 10:30,172.86,1112.99
2018-04-27 10:45,107.52,1117.78
2018-04-27 11:00,101.01,1156.67
2018-04-27 11:15,100.13,1154.97
2018-04-27 11:30,100.50,1146.1
2018-04-27 11:45,157.90,1129.31
2018-04-27 12:00,155.21,1064.22
2018-04-27 12:15,91.46,1065.64
2018-04-27 12:30,83.19,1119.49
2018-04-27 12:45,119.75,1118.2
2018-04-27 13:00,98.69,1077.96
2018-04-27 13:15,106.60,1126.52
2018-04-27 13:30,79.22,1125.7
2018-04-27 13:45,70.38,1170.43
2018-04-27 14:00,116.74,1175.84
2018-04-27 14:15,155.98,1134.99
2018-04-27 14:30,159.40,1078.95
2018-04-27 14:45,114.10,1068.27
2018-04-27 15:00,136.44,1087.7
2018-04-27 15:15,99.23,1072.79
2018-04-27 15:30,92.78,1113.07
2018-04-27 15:45,41.10,1097.14
2018-04-27 16:00,58.02,1119.99
2018-04-27 16:15,62.68,1034.27
2018-04-27 16:30,48.22,955.55
2018-04-27 16:45,28.38,909.35
2018-04-27 17:00,23.40,859.45
2018-04-27 17:15,17.98,816.77
2018-04-27 17:30,10.37,775.58
2018-04-27 17:45,4.48,742.9
2018-04-27 18:00,2.14,729.2
2018-04-27 18:15,2.75,721.97
2018-04-27 18:30,0.14,713.99
2018-04-27 18:45,0.01,699.52
2018-04-27 19:00,0.02,680.47
2018-04-27 19:15,0.05,673.73
2018-04-27 19:30,0.07,640.28
2018-04-27 19:45,0.01,610.91
2018-04-27 20:00,0.07,594.75
2018-04-27 20:15,0.02,573.71
2018-04-27 20:30,0.08,551
2018-04-27 20:45,0.03,544.06
2018-04-27 21:00,0.02,529.43
2018-04-27 21:15,0.06,526.05
2018-04-27 21:30,0.06,518.06
2018-04-27 21:45,0.04,514.97
2018-04-27 22:00,0.05,515.31
2018-04-27 22:15,0.00,513.93
2018-04-27 22:30,0.06,512.71
2018-04-27 22:45,0.07,508.56
2018-04-27 23:00,0.02,507.69
2018-04-27 23:15,0.04,501.08
2018-04-27 23:30,0.03,504.81
2018-04-27 23:45,0.06,502.08
2018-04-28 00:00,0.05,505.47
2018-04-28 00:15,0.04,496.08
2018-04-28 00:30,0.05,491.68
2018-04-28 00:45,0.03,485.47
2018-04-28 01:00,0.05,483.21
2018-04-28 01:15,0.02,486.74
2018-04-28 01:30,0.07,482.57
2018-04-28 01:45,0.07,483.29
2018-04-28 02:00,0.02,485.02
2018-04-28 02:15,0.02,477.86
2018-04-28 02:30,0.05,475.16
2018-04-28 02:45,0.05,477.34
2018-04-28 03:00,0.06,469.57
2018-04-28 03:15,0.05,473.32
2018-04-28 03:30,0.02,470.32
2018-04-28 03:45,0.02,474.02
2018-04-28 04:00,0.09,473.78
2018-04-28 04:15,0.05,474.36
2018-04-28 04:30,0.03,474.86
2018-04-28 04:45,0.03,478.32
2018-04-28 05:00,0.06,480.55
2018-04-28 05:15,0.02,477.24
2018-04-28 05:30,0.08,473.95
2018-04-28 05:45,0.02,484.99
2018-04-28 06:00,0.31,494.79
2018-04-28 06:15,2.74,504.06
2018-04-28 06:30,6.14,504.31
2018-04-28 06:45,10.04,503.76
2018-04-28 07:00,13.32,516.6
2018-04-28 07:15,8.14,528.71
2018-04-28 07:30,10.60,535.01
2018-04-28 07:45,9.02,541.59
2018-04-28 08:00,13.61,560.92
2018-04-28 08:15,10.53,581.16
2018-04-28 08:30,5.02,601.49
2018-04-28 08:45,13.11,605.04
2018-04-28 09:00,12.70,617.33
2018-04-28 09:15,10.76,627.94
2018-04-28 09:30,12.76,649.81
2018-04-28 09:45,8.06,655.54
2018-04-28 10:00,2.38,664.31
2018-04-28 10:15,3.82,678.84
2018-04-28 10:30,6.38,668.78
2018-04-28 10:45,8.90,657.23
2018-04-28 11:00,9.36,652.41
2018-04-28 11:15,14.88,648.09
2018-04-28 11:30,19.90,639.6
2018-04-28 11:45,17.70,628.25
2018-04-28 12:00,30.50,624.31
2018-04-28 12:15,52.22,608.77
2018-04-28 12:30,58.43,588.69
2018-04-28 12:45,50.41,591.08
2018-04-28 13:00,53.54,588.33
2018-04-28 13:15,45.94,588.25
2018-04-28 13:30,62.26,591.87
2018-04-28 13:45,56.90,578.22
2018-04-28 14:00,44.98,581.75
2018-04-28 14:15,29.28,589.66
2018-04-28 14:30,15.34,599.12
2018-04-28 14:45,7.91,600.67
2018-04-28 15:00,8.51,599.66
2018-04-28 15:15,33.17,591.03
2018-04-28 15:30,47.06,572.09
2018-04-28 15:45,37.48,556.96
2018-04-28 16:00,23.81,539.14
2018-04-28 16:15,28.66,539.74
2018-04-28 16:30,29.84,525.27
2018-04-28 16:45,23.61,512.06
2018-04-28 17:00,18.41,506.16
2018-04-28 17:15,12.62,491.92
2018-04-28 17:30,9.10,477.26
2018-04-28 17:45,6.51,482.08
2018-04-28 18:00,3.26,482.19
2018-04-28 18:15,0.31,482.87
2018-04-28 18:30,0.06,494.76
2018-04-28 18:45,0.02,495.44
2018-04-28 19:00,0.06,497.87
2018-04-28 19:15,0.04,493.13
2018-04-28 19:30,0.03,489.95
2018-04-28 19:45,0.06,483.82
2018-04-28 20:00,0.02,486.32
2018-04-28 20:15,0.02,480.95
2018-04-28 20:30,0.06,477.78
2018-04-28 20:45,0.08,476.2
2018-04-28 21:00,0.02,468.6
2018-04-28 21:15,0.03,465.57
2018-04-28 21:30,0.02,466.71
2018-04-28 21:45,0.10,464.05
2018-04-28 22:00,0.06,465.71
2018-04-28 22:15,0.02,462.33
2018-04-28 22:30,0.01,456.05
2018-04-28 22:45,0.05,460.34
2018-04-28 23:00,0.06,454.66
2018-04-28 23:15,0.06,448.73
2018-04-28 23:30,0.04,451.6
2018-04-28 23:45,0.02,452.34
2018-04-29 00:00,0.06,447.47
2018-04-29 00:15,0.04,447.68
2018-04-29 00:30,0.06,447.66
2018-04-29 00:45,0.04,447.89
2018-04-29 01:00,0.05,446.91
2018-04-29 01:15,0.03,446.47
2018-04-29 01:30,0.03,441.7
2018-04-29 01:45,0.04,441.49
2018-04-29 02:00,0.08,440.28
2018-04-29 02:15,0.06,439.38
2018-04-29 02:30,0.02,437.99
2018-04-29 02:45,0.02,434.76
2018-04-29 03:00,0.05,431.25
2018-04-29 03:15,0.08,429.76
2018-04-29 03:30,0.04,429.04
2018-04-29 03:45,0.02,426.52
2018-04-29 04:00,0.02,427.02
2018-04-29 04:15,0.06,423.3
2018-04-29 04:30,0.06,425.18
2018-04-29 04:45,0.06,423.21
2018-04-29 05:00,0.01,426.65
2018-04-29 05:15,0.04,422.07
2018-04-29 05:30,0.09,423.25
2018-04-29 05:45,0.02,422.52
2018-04-29 06:00,0.25,433.84
2018-04-29 06:15,3.05,434.79
2018-04-29 06:30,6.35,423.17
2018-04-29 06:45,7.66,421.26
2018-04-29 07:00,10.59,428.7
2018-04-29 07:15,13.35,431.12
2018-04-29 07:30,20.42,427.84
2018-04-29 07:45,26.13,435.67
2018-04-29 08:00,34.18,448.66
2018-04-29 08:15,42.01,464.76
2018-04-29 08:30,55.58,468.29
2018-04-29 08:45,60.44,473.15
2018-04-29 09:00,61.38,480.4
2018-04-29 09:15,81.07,488.47
2018-04-29 09:30,137.13,467.95
2018-04-29 09:45,126.11,426.92
2018-04-29 10:00,137.07,447.57
2018-04-29 10:15,126.74,446.04
2018-04-29 10:30,130.22,459.16
2018-04-29 10:45,140.90,464.29
2018-04-29 11:00,99.89,457.5
2018-04-29 11:15,105.23,495.18
2018-04-29 11:30,63.57,490.02
2018-04-29 11:45,48.83,518.68
2018-04-29 12:00,45.90,532.56
2018-04-29 12:15,87.96,535.63
2018-04-29 12:30,102.68,494.13
2018-04-29 12:45,71.12,487.11
2018-04-29 13:00,64.94,509.55
2018-04-29 13:15,51.06,523.89
2018-04-29 13:30,81.35,530.98
2018-04-29 13:45,152.90,507.66
2018-04-29 14:00,170.27,452.26
2018-04-29 14:15,166.52,437.17
2018-04-29 14:30,119.86,445.65
2018-04-29 14:45,73.02,475.87
2018-04-29 15:00,64.21,508.9
2018-04-29 15:15,60.91,516.4
2018-04-29 15:30,69.50,502.97
2018-04-29 15:45,60.02,496.16
2018-04-29 16:00,31.39,502.21
2018-04-29 16:15,7.72,517.05
2018-04-29 16:30,0.84,529.93
2018-04-29 16:45,7.30,517.72
2018-04-29 17:00,17.89,502.18
2018-04-29 17:15,26.26,488.5
2018-04-29 17:30,15.08,480.68
2018-04-29 17:45,6.61,485.95
2018-04-29 18:00,2.23,477.66
2018-04-29 18:15,0.18,485.86
2018-04-29 18:30,0.07,502.29
2018-04-29 18:45,0.02,505.85
2018-04-29 19:00,0.02,506.5
2018-04-29 19:15,0.03,503.69
2018-04-29 19:30,0.08,505.34
2018-04-29 19:45,0.05,500.82
2018-04-29 20:00,0.02,500.55
2018-04-29 20:15,0.02,500.94
2018-04-29 20:30,0.06,491.18
2018-04-29 20:45,0.04,494.9
2018-04-29 21:00,0.07,487.21
2018-04-29 21:15,0.01,487.61
2018-04-29 21:30,0.06,485.05
2018-04-29 21:45,0.05,483.16
2018-04-29 22:00,0.02,490.76
2018-04-29 22:15,0.02,487.52
2018-04-29 22:30,0.10,482.94
2018-04-29 22:45,0.02,485.65
2018-04-29 23:00,0.06,477.94
2018-04-29 23:15,0.03,475.81
2018-04-29 23:30,0.06,477.66
2018-04-29 23:45,0.04,475.21
2018-04-30 00:00,0.04,468.86
2018-04-30 00:15,0.03,465.49
2018-04-30 00:30,0.08,462.15
2018-04-30 00:45,0.02,457.92
2018-04-30 01:00,0.02,455.99
2018-04-30 01:15,0.09,452.25
2018-04-30 01:30,0.02,450.55
2018-04-30 01:45,0.06,444.49
2018-04-30 02:00,0.04,442.96
2018-04-30 02:15,0.02,446.41
2018-04-30 02:30,0.02,444.87
2018-04-30 02:45,0.11,440.34
2018-04-30 03:00,0.02,439.86
2018-04-30 03:15,0.02,444.71
2018-04-30 03:30,0.05,437.55
2018-04-30 03:45,0.06,437.7
2018-04-30 04:00,0.05,438.7
2018-04-30 04:15,0.05,439.84
2018-04-30 04:30,0.02,434.31
2018-04-30 04:45,0.05,434.13
2018-04-30 05:00,0.06,437.23
2018-04-30 05:15,0.02,440.75
2018-04-30 05:30,0.06,441.08
2018-04-30 05:45,0.04,452.49
2018-04-30 06:00,1.30,470.36
2018-04-30 06:15,5.03,502.31
2018-04-30 06:30,13.16,502.37
2018-04-30 06:45,16.92,529.13
2018-04-30 07:00,19.77,577.69
2018-04-30 07:15,26.95,633.62
2018-04-30 07:30,38.09,685.07
2018-04-30 07:45,42.73,749.98
2018-04-30 08:00,41.30,815.27
2018-04-30 08:15,44.19,915.94
2018-04-30 08:30,39.87,975.29
2018-04-30 08:45,53.03,1037.66
2018-04-30 09:00,60.44,1071.67
2018-04-30 09:15,74.51,1081.45
2018-04-30 09:30,63.10,1071.19
2018-04-30 09:45,89.88,1091.27
2018-04-30 10:00,131.48,1074.33
2018-04-30 10:15,136.48,1052.8
2018-04-30 10:30,120.73,1059.75
2018-04-30 10:45,169.18,1080.93
2018-04-30 11:00,179.59,1026.29
2018-04-30 11:15,145.78,1046.24
2018-04-30 11:30,150.90,1070.17
2018-04-30 11:45,118.82,1066.11
2018-04-30 12:00,126.68,1095.64
2018-04-30 12:15,122.02,1077.33
2018-04-30 12:30,106.49,1086
2018-04-30 12:45,82.94,1113.86
2018-04-30 13:00,87.94,1115.48
2018-04-30 13:15,82.67,1159.78
2018-04-30 13:30,94.88,1151.35
2018-04-30 13:45,111.60,1143.15
2018-04-30 14:00,91.30,1126.23
2018-04-30 14:15,81.72,1158.31
2018-04-30 14:30,71.90,1148.62
2018-04-30 14:45,5017.12,1145.78
2018-04-30 15:00,61.67,1144.83
2018-04-30 15:15,64.67,1116.64
2018-04-30 15:30,54.96,1117.3
2018-04-30 15:45,52.50,1093.3
2018-04-30 16:00,48.93,1045.53
2018-04-30 16:15,38.32,1023.77
2018-04-30 16:30,34.36,991.74
2018-04-30 16:45,29.06,921.46
2018-04-30 17:00,27.16,880.4
2018-04-30 17:15,21.78,858.14
2018-04-30 17:30,15.57,830.37
2018-04-30 17:45,8.82,804.66
2018-04-30 18:00,3.82,776.26
2018-04-30 18:15,0.88,770.6
2018-04-30 18:30,0.10,754.39
2018-04-30 18:45,0.02,742.15
2018-04-30 19:00,0.02,718.6
2018-04-30 19:15,0.06,704.23
2018-04-30 19:30,0.02,669.59
2018-04-30 19:45,0.06,645.65
2018-04-30 20:00,0.06,622.07
2018-04-30 20:15,0.03,601.56
2018-04-30 20:30,0.04,586.38
2018-04-30 20:45,0.06,566.63
2018-04-30 21:00,0.02,556.72
2018-04-30 21:15,0.05,555.69
2018-04-30 21:30,0.10,545.06
2018-04-30 21:45,0.03,536.79
2018-04-30 22:00,0.03,536.01
2018-04-30 22:15,0.03,525.11
2018-04-30 22:30,0.07,520.87
2018-04-30 22:45,0.05,517.61
2018-04-30 23:00,0.05,509.47
2018-04-30 23:15,0.04,499.15
2018-04-30 23:30,0.05,496.68
2018-04-30 23:45,0.05,491.34
2018-05-01 00:00,0.04,484.49
