2018-12-01 00:15,0.07,506.79
2018-12-01 00:30,0.00,505.29
2018-12-01 00:45,0.07,505.92
2018-12-01 01:00,0.04,499.77
2018-12-01 01:15,0.02,493.21
2018-12-01 01:30,0.01,491.89
2018-12-01 01:45,0.04,491.37
2018-12-01 02:00,0.09,488.37
2018-12-01 02:15,0.10,496.07
2018-12-01 02:30,0.02,497.15
2018-12-01 02:45,0.02,494.29
2018-12-01 03:00,0.00,489.69
2018-12-01 03:15,0.02,480.61
2018-12-01 03:30,0.09,480.58
2018-12-01 03:45,0.02,474.29
2018-12-01 04:00,0.00,477.15
2018-12-01 04:15,0.02,476.7
2018-12-01 04:30,0.15,470.82
2018-12-01 04:45,0.02,473.08
2018-12-01 05:00,0.06,472.58
2018-12-01 05:15,0.01,469.26
2018-12-01 05:30,0.02,477.78
2018-12-01 05:45,0.05,482.92
2018-12-01 06:00,0.02,488.98
2018-12-01 06:15,0.04,496.81
2018-12-01 06:30,1.55,494.11
2018-12-01 06:45,2.79,502.66
2018-12-01 07:00,3.58,511.21
2018-12-01 07:15,5.18,524.9
2018-12-01 07:30,16.51,532.51
2018-12-01 07:45,28.21,532.29
2018-12-01 08:00,44.86,538.18
2018-12-01 08:15,58.68,582.75
2018-12-01 08:30,76.84,623.15
2018-12-01 08:45,71.25,640.59
2018-12-01 09:00,72.00,642.8
2018-12-01 09:15,64.06,653.6
2018-12-01 09:30,93.02,666.89
2018-12-01 09:45,104.58,653.14
2018-12-01 10:00,115.82,646.73
2018-12-01 10:15,110.76,641.64
2018-12-01 10:30,122.34,636.28
2018-12-01 10:45,118.83,640.86
2018-12-01 11:00,123.22,649.51
2018-12-01 11:15,121.40,646.73
2018-12-01 11:30,84.70,647.04
2018-12-01 11:45,115.28,658.44
2018-12-01 12:00,82.02,644.23
2018-12-01 12:15,48.58,670.09
2018-12-01 12:30,59.38,685.18
2018-12-01 12:45,43.73,675.44
2018-12-01 13:00,46.39,684.67
2018-12-01 13:15,91.43,678.55
2018-12-01 13:30,112.01,659.54
2018-12-01 13:45,63.06,647.14
2018-12-01 14:00,72.98,674.3
2018-12-01 14:15,85.33,674.49
2018-12-01 14:30,55.18,656.26
2018-12-01 14:45,57.51,679.6
2018-12-01 15:00,51.39,671.2
2018-12-01 15:15,51.26,672.86
2018-12-01 15:30,79.10,657.28
2018-12-01 15:45,54.50,619.51
2018-12-01 16:00,26.54,616.25
2018-12-01 16:15,22.68,624.8
2018-12-01 16:30,23.79,606.04
2018-12-01 16:45,15.31,592.83
2018-12-01 17:00,6.40,584.87
2018-12-01 17:15,3.72,577.22
2018-12-01 17:30,1.45,568.62
2018-12-01 17:45,0.07,541.74
2018-12-01 18:00,0.02,553.61
2018-12-01 18:15,0.05,555.16
2018-12-01 18:30,0.01,545.88
2018-12-01 18:45,0.04,545.43
2018-12-01 19:00,0.03,539.74
2018-12-01 19:15,0.07,549.48
2018-12-01 19:30,0.07,541.95
2018-12-01 19:45,0.06,544.09
2018-12-01 20:00,0.03,532.39
2018-12-01 20:15,0.04,538.8
2018-12-01 20:30,0.04,534.9
2018-12-01 20:45,0.00,534.14
2018-12-01 21:00,0.04,529
2018-12-01 21:15,0.02,522.87
2018-12-01 21:30,0.10,525.21
2018-12-01 21:45,0.05,515.97
2018-12-01 22:00,0.07,511.95
2018-12-01 22:15,0.04,521.32
2018-12-01 22:30,0.02,531.76
2018-12-01 22:45,0.02,523.27
2018-12-01 23:00,0.02,526.66
2018-12-01 23:15,0.06,514.03
2018-12-01 23:30,0.06,513.92
2018-12-01 23:45,0.04,513.64
2018-12-02 00:00,0.02,512.23
2018-12-02 00:15,0.08,504.27
2018-12-02 00:30,0.04,509.63
2018-12-02 00:45,0.02,503.69
2018-12-02 01:00,0.02,498.74
2018-12-02 01:15,0.06,503.53
2018-12-02 01:30,0.02,501.06
2018-12-02 01:45,0.06,493.61
2018-12-02 02:00,0.02,493.1
2018-12-02 02:15,0.11,482.82
2018-12-02 02:30,0.01,486.92
2018-12-02 02:45,0.04,478.97
2018-12-02 03:00,0.03,477.76
2018-12-02 03:15,0.06,473.66
2018-12-02 03:30,0.06,471.89
2018-12-02 03:45,0.06,471.78
2018-12-02 04:00,0.02,470.58
2018-12-02 04:15,0.04,471.28
2018-12-02 04:30,0.06,477.07
2018-12-02 04:45,0.02,472.97
2018-12-02 05:00,0.01,466.15
2018-12-02 05:15,0.09,466.15
2018-12-02 05:30,0.09,469.58
2018-12-02 05:45,0.00,466.36
2018-12-02 06:00,0.09,473.1
2018-12-02 06:15,0.01,485.5
2018-12-02 06:30,1.73,483.44
2018-12-02 06:45,6.05,476.21
2018-12-02 07:00,12.28,484.19
2018-12-02 07:15,18.05,479.89
2018-12-02 07:30,25.44,496.39
2018-12-02 07:45,32.81,497.06
2018-12-02 08:00,44.62,502.13
2018-12-02 08:15,52.11,508.56
2018-12-02 08:30,64.54,528.24
2018-12-02 08:45,72.68,541.9
2018-12-02 09:00,82.33,552.09
2018-12-02 09:15,87.50,529.34
2018-12-02 09:30,94.64,518.5
2018-12-02 09:45,58.34,526.87
2018-12-02 10:00,78.08,550.64
2018-12-02 10:15,57.06,537.53
2018-12-02 10:30,80.95,563.38
2018-12-02 10:45,119.97,548.03
2018-12-02 11:00,129.74,523.74
2018-12-02 11:15,126.54,522.4
2018-12-02 11:30,137.94,526.18
2018-12-02 11:45,108.13,528.79
2018-12-02 12:00,124.15,552.14
2018-12-02 12:15,110.80,515.55
2018-12-02 12:30,92.90,541.26
2018-12-02 12:45,103.84,550.56
2018-12-02 13:00,90.04,545.69
2018-12-02 13:15,131.18,534.35
2018-12-02 13:30,121.37,520.21
2018-12-02 13:45,110.75,529.53
2018-12-02 14:00,120.23,540.68
2018-12-02 14:15,103.02,530.77
2018-12-02 14:30,84.49,540.08
2018-12-02 14:45,70.07,544.58
2018-12-02 15:00,72.29,574.16
2018-12-02 15:15,61.66,554.46
2018-12-02 15:30,48.53,557.19
2018-12-02 15:45,19.66,552.19
2018-12-02 16:00,13.38,573.37
2018-12-02 16:15,16.99,569.66
2018-12-02 16:30,24.54,556.79
2018-12-02 16:45,20.26,548.69
2018-12-02 17:00,15.23,542.84
2018-12-02 17:15,7.70,528.05
2018-12-02 17:30,3.24,527.16
2018-12-02 17:45,0.53,530.89
2018-12-02 18:00,0.09,539.21
2018-12-02 18:15,0.06,552.95
2018-12-02 18:30,0.02,523.1
2018-12-02 18:45,0.01,458.76
2018-12-02 19:00,0.03,452.05
2018-12-02 19:15,0.02,506.23
2018-12-02 19:30,0.06,486.08
2018-12-02 19:45,0.01,481.57
2018-12-02 20:00,0.05,502.63
2018-12-02 20:15,0.07,486.86
2018-12-02 20:30,0.09,485.68
2018-12-02 20:45,0.00,465
2018-12-02 21:00,0.07,511.08
2018-12-02 21:15,0.01,615.43
2018-12-02 21:30,0.04,598.88
2018-12-02 21:45,0.00,568.01
2018-12-02 22:00,0.04,541.38
2018-12-02 22:15,0.01,535.9
2018-12-02 22:30,0.06,534.61
2018-12-02 22:45,0.15,530.5
2018-12-02 23:00,0.02,527.34
2018-12-02 23:15,0.01,523.16
2018-12-02 23:30,0.02,526.32
2018-12-02 23:45,0.06,523.08
2018-12-03 00:00,0.04,523.87
2018-12-03 00:15,0.02,523.92
2018-12-03 00:30,0.01,523.85
2018-12-03 00:45,0.07,518.81
2018-12-03 01:00,0.10,507.55
2018-12-03 01:15,0.06,509.13
2018-12-03 01:30,0.01,511.74
2018-12-03 01:45,0.01,504.34
2018-12-03 02:00,0.06,507.19
2018-12-03 02:15,0.02,508.42
2018-12-03 02:30,0.04,498.31
2018-12-03 02:45,0.09,495.05
2018-12-03 03:00,0.02,490.19
2018-12-03 03:15,0.06,492.34
2018-12-03 03:30,0.06,488.73
2018-12-03 03:45,0.02,485.68
2018-12-03 04:00,0.05,485.23
2018-12-03 04:15,0.02,488.1
2018-12-03 04:30,0.04,485.47
2018-12-03 04:45,0.02,477.16
2018-12-03 05:00,0.07,482.92
2018-12-03 05:15,0.02,489.13
2018-12-03 05:30,0.09,491.94
2018-12-03 05:45,0.06,504.89
2018-12-03 06:00,0.02,497.89
2018-12-03 06:15,0.01,505.74
2018-12-03 06:30,1.51,518.39
2018-12-03 06:45,5.46,548.56
2018-12-03 07:00,10.78,584.93
2018-12-03 07:15,17.48,613.27
2018-12-03 07:30,27.87,658.35
2018-12-03 07:45,37.47,739
2018-12-03 08:00,48.38,804.17
2018-12-03 08:15,54.95,914.7
2018-12-03 08:30,65.90,959.42
2018-12-03 08:45,70.50,1027.42
2018-12-03 09:00,81.17,1082.5
2018-12-03 09:15,87.40,1102.56
2018-12-03 09:30,97.56,1117.43
2018-12-03 09:45,79.10,1112.35
2018-12-03 10:00,85.52,1132.52
2018-12-03 10:15,106.58,1149.33
2018-12-03 10:30,126.00,1131.04
2018-12-03 10:45,122.61,1111.93
2018-12-03 11:00,131.30,1175.33
2018-12-03 11:15,128.67,1192.57
2018-12-03 11:30,124.87,1165.8
2018-12-03 11:45,134.76,1185.42
2018-12-03 12:00,138.14,1177.23
2018-12-03 12:15,128.56,1173.88
2018-12-03 12:30,91.03,1168.17
2018-12-03 12:45,124.94,1197.07
2018-12-03 13:00,117.26,1196.25
2018-12-03 13:15,117.97,1209.99
2018-12-03 13:30,117.47,1218.26
2018-12-03 13:45,112.56,1211.28
2018-12-03 14:00,99.11,1222.26
2018-12-03 14:15,103.65,1220.81
2018-12-03 14:30,99.53,1206.28
2018-12-03 14:45,81.72,1213.86
2018-12-03 15:00,68.91,1213.78
2018-12-03 15:15,48.61,1200.26
2018-12-03 15:30,51.57,1186.42
2018-12-03 15:45,47.41,1177.47
2018-12-03 16:00,42.48,1140.94
2018-12-03 16:15,26.70,1119.32
2018-12-03 16:30,12.46,1079.56
2018-12-03 16:45,11.18,983.9
2018-12-03 17:00,9.50,921.84
2018-12-03 17:15,4.65,872.28
2018-12-03 17:30,1.65,850.64
2018-12-03 17:45,0.07,835.85
2018-12-03 18:00,0.08,828.66
2018-12-03 18:15,0.01,816.37
2018-12-03 18:30,0.02,803.01
2018-12-03 18:45,0.02,782.27
2018-12-03 19:00,0.05,768.24
2018-12-03 19:15,0.02,755.15
2018-12-03 19:30,0.10,737.81
2018-12-03 19:45,0.03,704.55
2018-12-03 20:00,0.01,680.3
2018-12-03 20:15,0.10,648.07
2018-12-03 20:30,0.04,630.69
2018-12-03 20:45,0.00,604.57
2018-12-03 21:00,0.01,589.8
2018-12-03 21:15,0.07,581.98
2018-12-03 21:30,0.06,582.98
2018-12-03 21:45,0.04,580.83
2018-12-03 22:00,0.02,579.93
2018-12-03 22:15,0.06,578.11
2018-12-03 22:30,0.03,571.9
2018-12-03 22:45,0.06,571.14
2018-12-03 23:00,0.04,564.29
2018-12-03 23:15,0.02,569.59
2018-12-03 23:30,0.11,566.72
2018-12-03 23:45,0.01,569.71
2018-12-04 00:00,0.01,560.85
2018-12-04 00:15,0.10,558.72
2018-12-04 00:30,0.02,554.05
2018-12-04 00:45,0.02,549.29
2018-12-04 01:00,0.02,540.8
2018-12-04 01:15,0.05,541.29
2018-12-04 01:30,0.07,545.26
2018-12-04 01:45,0.07,540.03
2018-12-04 02:00,0.04,544.66
2018-12-04 02:15,0.00,541.71
2018-12-04 02:30,0.04,532.14
2018-12-04 02:45,0.04,527.55
2018-12-04 03:00,0.06,524.89
2018-12-04 03:15,0.01,520.55
2018-12-04 03:30,0.09,519.52
2018-12-04 03:45,0.04,517.45
2018-12-04 04:00,0.05,513.19
2018-12-04 04:15,0.04,513.39
2018-12-04 04:30,0.06,507.1
2018-12-04 04:45,0.00,507.35
2018-12-04 05:00,0.06,508.74
2018-12-04 05:15,0.02,512.37
2018-12-04 05:30,0.01,517.31
2018-12-04 05:45,0.10,527.93
2018-12-04 06:00,0.04,538.59
2018-12-04 06:15,0.07,556.08
2018-12-04 06:30,1.74,591.49
2018-12-04 06:45,5.13,629.07
2018-12-04 07:00,6.74,659.96
2018-12-04 07:15,8.23,694.5
2018-12-04 07:30,10.92,744.95
2018-12-04 07:45,12.90,817.14
2018-12-04 08:00,27.78,918.07
2018-12-04 08:15,55.10,1014.79
2018-12-04 08:30,71.80,1068.85
2018-12-04 08:45,75.18,1128.73
2018-12-04 09:00,79.87,1157.09
2018-12-04 09:15,83.59,1184.65
2018-12-04 09:30,86.85,1190.1
2018-12-04 09:45,96.58,1199
2018-12-04 10:00,91.34,1209.68
2018-12-04 10:15,96.48,1228.71
2018-12-04 10:30,139.40,1199.71
2018-12-04 10:45,124.23,1179.76
2018-12-04 11:00,126.42,1175.55
2018-12-04 11:15,107.74,1179.02
2018-12-04 11:30,117.87,1074.85
2018-12-04 11:45,120.70,1064.67
2018-12-04 12:00,99.90,1127.38
2018-12-04 12:15,132.65,1179.62
2018-12-04 12:30,141.22,1131.28
2018-12-04 12:45,84.14,1115.94
2018-12-04 13:00,117.10,1141.77
2018-12-04 13:15,121.28,1132.88
2018-12-04 13:30,130.44,1161.51
2018-12-04 13:45,120.39,1172.25
2018-12-04 14:00,116.34,1179.99
2018-12-04 14:15,103.46,1161.3
2018-12-04 14:30,101.07,1171.8
2018-12-04 14:45,78.32,1184.07
2018-12-04 15:00,79.82,1165.47
2018-12-04 15:15,68.88,1173.28
2018-12-04 15:30,61.86,1163.67
2018-12-04 15:45,48.52,1140.28
2018-12-04 16:00,42.18,1118.62
2018-12-04 16:15,31.86,1081.69
2018-12-04 16:30,23.90,1031.84
2018-12-04 16:45,12.52,980.52
2018-12-04 17:00,7.41,925.73
2018-12-04 17:15,4.52,877.88
2018-12-04 17:30,1.61,850.22
2018-12-04 17:45,0.09,835.53
2018-12-04 18:00,0.02,833.93
2018-12-04 18:15,0.06,816.3
2018-12-04 18:30,0.06,811.59
2018-12-04 18:45,0.01,793.77
2018-12-04 19:00,0.03,779.63
2018-12-04 19:15,0.06,767.52
2018-12-04 19:30,0.09,740.84
2018-12-04 19:45,0.02,701.94
2018-12-04 20:00,0.02,661.39
2018-12-04 20:15,0.02,632.19
2018-12-04 20:30,0.06,615.78
2018-12-04 20:45,0.05,597.54
2018-12-04 21:00,0.04,592.35
2018-12-04 21:15,0.02,587.74
2018-12-04 21:30,0.11,581.04
2018-12-04 21:45,0.01,574.35
2018-12-04 22:00,0.04,570.9
2018-12-04 22:15,0.04,566.9
2018-12-04 22:30,0.03,568.93
2018-12-04 22:45,0.01,566.71
2018-12-04 23:00,0.01,561.61
2018-12-04 23:15,0.08,557.27
2018-12-04 23:30,0.14,558.45
2018-12-04 23:45,0.02,556.51
2018-12-05 00:00,0.02,547.45
2018-12-05 00:15,0.00,545.43
2018-12-05 00:30,0.07,551.87
2018-12-05 00:45,0.04,543.74
2018-12-05 01:00,0.01,541.72
2018-12-05 01:15,0.00,540.29
2018-12-05 01:30,0.04,535.87
2018-12-05 01:45,0.12,535.01
2018-12-05 02:00,0.08,532.08
2018-12-05 02:15,0.01,534.93
2018-12-05 02:30,0.04,529.53
2018-12-05 02:45,0.00,520.84
2018-12-05 03:00,0.02,517.14
2018-12-05 03:15,0.07,518.4
2018-12-05 03:30,0.02,517.1
2018-12-05 03:45,0.00,507.58
2018-12-05 04:00,0.09,508.02
2018-12-05 04:15,0.09,503.73
2018-12-05 04:30,0.03,503.15
2018-12-05 04:45,0.04,501.27
2018-12-05 05:00,0.04,500.95
2018-12-05 05:15,0.02,510.69
2018-12-05 05:30,0.02,505.9
2018-12-05 05:45,0.02,503.79
2018-12-05 06:00,0.10,514.31
2018-12-05 06:15,0.03,518.22
2018-12-05 06:30,0.81,525.1
2018-12-05 06:45,3.37,522.85
2018-12-05 07:00,10.49,515.02
2018-12-05 07:15,17.33,513.95
2018-12-05 07:30,27.08,509.92
2018-12-05 07:45,35.80,520.84
2018-12-05 08:00,46.10,521.1
2018-12-05 08:15,53.86,517.24
2018-12-05 08:30,66.04,522.87
2018-12-05 08:45,71.11,545.37
2018-12-05 09:00,80.58,554.93
2018-12-05 09:15,86.39,549.01
2018-12-05 09:30,100.63,547.32
2018-12-05 09:45,103.15,562.9
2018-12-05 10:00,111.86,577.96
2018-12-05 10:15,114.58,580.54
2018-12-05 10:30,126.51,571.19
2018-12-05 10:45,122.46,570.45
2018-12-05 11:00,130.38,573.72
2018-12-05 11:15,127.06,579.19
2018-12-05 11:30,135.35,587.85
2018-12-05 11:45,100.43,584.45
2018-12-05 12:00,128.30,616.51
2018-12-05 12:15,104.76,599.22
2018-12-05 12:30,83.37,606.62
2018-12-05 12:45,97.81,611.51
2018-12-05 13:00,72.22,605.67
2018-12-05 13:15,94.58,641.07
2018-12-05 13:30,93.92,601.06
2018-12-05 13:45,78.46,616.23
2018-12-05 14:00,110.32,631.62
2018-12-05 14:15,58.73,622.88
2018-12-05 14:30,105.63,638.17
2018-12-05 14:45,79.31,613.56
2018-12-05 15:00,85.68,625.57
2018-12-05 15:15,65.79,632.25
2018-12-05 15:30,66.38,629.43
2018-12-05 15:45,54.02,632.8
2018-12-05 16:00,45.35,637.86
2018-12-05 16:15,35.69,636.06
2018-12-05 16:30,26.27,626.99
2018-12-05 16:45,18.45,607.82
2018-12-05 17:00,13.55,612.62
2018-12-05 17:15,6.06,603.74
2018-12-05 17:30,1.77,593.16
2018-12-05 17:45,0.06,588.88
2018-12-05 18:00,0.04,598.53
2018-12-05 18:15,0.02,600.61
2018-12-05 18:30,0.02,590.04
2018-12-05 18:45,0.10,580.24
2018-12-05 19:00,0.01,582.59
2018-12-05 19:15,0.07,584.72
2018-12-05 19:30,0.03,580.53
2018-12-05 19:45,0.02,583.14
2018-12-05 20:00,0.06,578.06
2018-12-05 20:15,0.02,571.25
2018-12-05 20:30,0.05,564.45
2018-12-05 20:45,0.02,559.24
2018-12-05 21:00,0.04,559.48
2018-12-05 21:15,0.06,552.06
2018-12-05 21:30,0.09,553.5
2018-12-05 21:45,0.04,554.98
2018-12-05 22:00,0.01,552.32
2018-12-05 22:15,0.02,557.21
2018-12-05 22:30,0.01,557.87
2018-12-05 22:45,0.09,554.16
2018-12-05 23:00,0.04,553.96
2018-12-05 23:15,0.08,549.19
2018-12-05 23:30,0.02,545.61
2018-12-05 23:45,0.07,542.59
2018-12-06 00:00,0.03,538.53
2018-12-06 00:15,0.04,532.87
2018-12-06 00:30,0.01,534.06
2018-12-06 00:45,0.02,529.16
2018-12-06 01:00,0.04,526.39
2018-12-06 01:15,0.04,523.5
2018-12-06 01:30,0.12,520.31
2018-12-06 01:45,0.02,516.82
2018-12-06 02:00,0.02,519.89
2018-12-06 02:15,0.06,518.61
2018-12-06 02:30,0.01,518.11
2018-12-06 02:45,0.08,508.85
2018-12-06 03:00,0.01,511.76
2018-12-06 03:15,0.02,506.65
2018-12-06 03:30,0.02,507.82
2018-12-06 03:45,0.10,505.63
2018-12-06 04:00,0.07,503.98
2018-12-06 04:15,0.00,502.55
2018-12-06 04:30,0.07,494.21
2018-12-06 04:45,0.02,502.29
2018-12-06 05:00,0.02,493.39
2018-12-06 05:15,0.05,504.26
2018-12-06 05:30,0.02,508.24
2018-12-06 05:45,0.09,512.79
2018-12-06 06:00,0.03,525.1
2018-12-06 06:15,0.01,536.4
2018-12-06 06:30,1.02,555.8
2018-12-06 06:45,4.26,605.24
2018-12-06 07:00,9.87,636.72
2018-12-06 07:15,16.50,666.07
2018-12-06 07:30,25.69,723.84
2018-12-06 07:45,35.23,767.14
2018-12-06 08:00,46.78,908.07
2018-12-06 08:15,55.06,997.26
2018-12-06 08:30,66.07,1045.68
2018-12-06 08:45,71.23,1111.2
2018-12-06 09:00,81.51,1151.99
2018-12-06 09:15,87.85,1149.77
2018-12-06 09:30,102.20,1166.3
2018-12-06 09:45,103.97,1183.07
2018-12-06 10:00,114.08,1185.18
2018-12-06 10:15,115.65,1178.71
2018-12-06 10:30,126.30,1176.76
2018-12-06 10:45,122.96,1167.15
2018-12-06 11:00,131.20,1188.52
2018-12-06 11:15,116.86,1176.33
2018-12-06 11:30,116.41,1164.73
2018-12-06 11:45,135.78,1173.22
2018-12-06 12:00,105.80,1145.44
2018-12-06 12:15,126.51,1150.27
2018-12-06 12:30,151.01,1134.49
2018-12-06 12:45,134.30,1141.12
2018-12-06 13:00,136.52,1151.67
2018-12-06 13:15,123.38,1168.51
2018-12-06 13:30,132.77,1182.86
2018-12-06 13:45,120.97,1196.05
2018-12-06 14:00,114.26,1239.82
2018-12-06 14:15,103.22,1262.23
2018-12-06 14:30,79.50,1263.03
2018-12-06 14:45,88.00,1269.87
2018-12-06 15:00,74.05,1236.84
2018-12-06 15:15,62.18,1224.87
2018-12-06 15:30,54.21,1211.25
2018-12-06 15:45,57.24,1205.26
2018-12-06 16:00,49.02,1152.44
2018-12-06 16:15,35.90,1111.48
2018-12-06 16:30,26.02,1040.13
2018-12-06 16:45,16.85,979.23
2018-12-06 17:00,11.02,943.04
2018-12-06 17:15,5.38,918.15
2018-12-06 17:30,0.74,883.59
2018-12-06 17:45,0.09,845.77
2018-12-06 18:00,0.01,834.17
2018-12-06 18:15,0.03,832.32
2018-12-06 18:30,0.07,813.61
2018-12-06 18:45,0.06,792.76
2018-12-06 19:00,0.02,775.74
2018-12-06 19:15,0.04,767.52
2018-12-06 19:30,0.04,738.87
2018-12-06 19:45,0.12,706.29
2018-12-06 20:00,0.05,677.86
2018-12-06 20:15,0.02,657.05
2018-12-06 20:30,0.02,616.65
2018-12-06 20:45,0.06,595.57
2018-12-06 21:00,0.05,587.06
2018-12-06 21:15,0.02,586.69
2018-12-06 21:30,0.07,593.46
2018-12-06 21:45,0.08,593.48
2018-12-06 22:00,0.04,585.3
2018-12-06 22:15,0.02,530.47
2018-12-06 22:30,0.06,533.82
2018-12-06 22:45,0.03,615.2
2018-12-06 23:00,0.01,572.17
2018-12-06 23:15,0.06,565.21
2018-12-06 23:30,0.05,559.54
2018-12-06 23:45,0.09,562.09
2018-12-07 00:00,0.02,557.13
2018-12-07 00:15,0.09,549.22
2018-12-07 00:30,0.02,552.42
2018-12-07 00:45,0.02,564.59
2018-12-07 01:00,0.04,558.14
2018-12-07 01:15,0.03,553.46
2018-12-07 01:30,0.04,551.14
2018-12-07 01:45,0.10,547.63
2018-12-07 02:00,0.02,546.22
2018-12-07 02:15,0.08,543.5
2018-12-07 02:30,0.02,543.22
2018-12-07 02:45,0.04,537.82
2018-12-07 03:00,0.03,526.11
2018-12-07 03:15,0.01,528.8
2018-12-07 03:30,0.06,524.22
2018-12-07 03:45,0.02,523.4
2018-12-07 04:00,0.10,515.48
2018-12-07 04:15,0.09,519.14
2018-12-07 04:30,0.04,517.35
2018-12-07 04:45,0.00,519.9
2018-12-07 05:00,0.06,516.73
2018-12-07 05:15,0.02,521.63
2018-12-07 05:30,0.02,522.97
2018-12-07 05:45,0.05,534
2018-12-07 06:00,0.10,548.55
2018-12-07 06:15,0.04,554.35
2018-12-07 06:30,0.72,568.01
2018-12-07 06:45,4.18,579.11
2018-12-07 07:00,8.22,626.15
2018-12-07 07:15,14.84,670.51
2018-12-07 07:30,20.31,713.41
2018-12-07 07:45,22.03,771.26
2018-12-07 08:00,39.27,854.72
2018-12-07 08:15,48.14,972.7
2018-12-07 08:30,52.30,1062.71
2018-12-07 08:45,60.90,1126.77
2018-12-07 09:00,48.09,1194.26
2018-12-07 09:15,50.77,1201.91
2018-12-07 09:30,52.27,1174.76
2018-12-07 09:45,62.43,1180.33
2018-12-07 10:00,53.01,1192.54
2018-12-07 10:15,54.91,1217.7
2018-12-07 10:30,62.51,1204.6
2018-12-07 10:45,77.33,1194.25
2018-12-07 11:00,71.61,1185.99
2018-12-07 11:15,76.16,1201.29
2018-12-07 11:30,118.25,1192.83
2018-12-07 11:45,96.32,1167.01
2018-12-07 12:00,72.02,1157.89
2018-12-07 12:15,82.94,1141.41
2018-12-07 12:30,109.50,1123.06
2018-12-07 12:45,125.72,1123.23
2018-12-07 13:00,129.96,1127.52
2018-12-07 13:15,118.22,1147.8
2018-12-07 13:30,127.48,1157.31
2018-12-07 13:45,110.58,1168.7
2018-12-07 14:00,109.89,1172.02
2018-12-07 14:15,66.14,1191.83
2018-12-07 14:30,94.50,1194.78
2018-12-07 14:45,62.57,1151.78
2018-12-07 15:00,73.41,1173.13
2018-12-07 15:15,55.30,1123.3
2018-12-07 15:30,50.63,1127.38
2018-12-07 15:45,42.99,1111.75
2018-12-07 16:00,19.70,1068.67
2018-12-07 16:15,17.82,1038.08
2018-12-07 16:30,20.06,988.61
2018-12-07 16:45,12.08,921.47
2018-12-07 17:00,8.60,882.27
2018-12-07 17:15,3.38,834.06
2018-12-07 17:30,1.73,814.35
2018-12-07 17:45,0.06,806.69
2018-12-07 18:00,0.02,778.68
2018-12-07 18:15,0.03,788.35
2018-12-07 18:30,0.10,775.47
2018-12-07 18:45,0.04,762.31
2018-12-07 19:00,0.06,745.94
2018-12-07 19:15,0.06,739.57
2018-12-07 19:30,0.02,725.68
2018-12-07 19:45,0.02,689.02
2018-12-07 20:00,0.06,658.76
2018-12-07 20:15,0.01,640.67
2018-12-07 20:30,0.07,612.82
2018-12-07 20:45,0.08,593.09
2018-12-07 21:00,0.01,577.79
2018-12-07 21:15,0.06,564.96
2018-12-07 21:30,0.02,564.03
2018-12-07 21:45,0.08,562.21
2018-12-07 22:00,0.02,555.84
2018-12-07 22:15,0.02,555.72
2018-12-07 22:30,0.12,548.84
2018-12-07 22:45,0.02,555.8
2018-12-07 23:00,0.02,548.03
2018-12-07 23:15,0.06,544.29
2018-12-07 23:30,0.05,544.8
2018-12-07 23:45,0.02,547.11
2018-12-08 00:00,0.09,545.53
2018-12-08 00:15,0.02,545.47
2018-12-08 00:30,0.02,541.74
2018-12-08 00:45,0.12,545.97
2018-12-08 01:00,0.02,537.93
2018-12-08 01:15,0.00,532.71
2018-12-08 01:30,0.06,529.64
2018-12-08 01:45,0.06,526.29
2018-12-08 02:00,0.03,528.64
2018-12-08 02:15,0.04,526.77
2018-12-08 02:30,0.07,527.08
2018-12-08 02:45,0.02,523.82
2018-12-08 03:00,0.11,521.19
2018-12-08 03:15,0.02,523.06
2018-12-08 03:30,0.02,518.6
2018-12-08 03:45,0.05,514.45
2018-12-08 04:00,0.02,516.26
2018-12-08 04:15,0.06,515.73
2018-12-08 04:30,0.02,512.43
2018-12-08 04:45,0.02,512.81
2018-12-08 05:00,0.15,509.92
2018-12-08 05:15,0.02,513.77
2018-12-08 05:30,0.02,514.82
2018-12-08 05:45,0.02,515.26
2018-12-08 06:00,0.06,514.1
2018-12-08 06:15,0.02,521.76
2018-12-08 06:30,0.02,534.72
2018-12-08 06:45,0.46,542.29
2018-12-08 07:00,2.33,566.48
2018-12-08 07:15,4.30,595.82
2018-12-08 07:30,7.45,593.77
2018-12-08 07:45,6.28,585.75
2018-12-08 08:00,0.22,581.24
2018-12-08 08:15,1.40,609.72
2018-12-08 08:30,5.97,642.36
2018-12-08 08:45,6.22,651.57
2018-12-08 09:00,7.62,663.72
2018-12-08 09:15,12.57,670.57
2018-12-08 09:30,12.38,671.05
2018-12-08 09:45,12.26,677.3
2018-12-08 10:00,13.46,675.2
2018-12-08 10:15,11.34,679.7
2018-12-08 10:30,11.49,682.34
2018-12-08 10:45,10.41,686.23
2018-12-08 11:00,9.25,689.63
2018-12-08 11:15,9.60,697.58
2018-12-08 11:30,12.38,702.78
2018-12-08 11:45,15.33,695.39
2018-12-08 12:00,21.81,695.23
2018-12-08 12:15,31.01,688.25
2018-12-08 12:30,64.69,691.54
2018-12-08 12:45,101.00,656.72
2018-12-08 13:00,73.91,628.72
2018-12-08 13:15,51.40,653.23
2018-12-08 13:30,40.87,660.14
2018-12-08 13:45,32.43,670.17
2018-12-08 14:00,28.80,666.07
2018-12-08 14:15,27.26,682.57
2018-12-08 14:30,21.70,677.8
2018-12-08 14:45,24.91,680.5
2018-12-08 15:00,26.07,669.36
2018-12-08 15:15,26.42,656.41
2018-12-08 15:30,25.30,632.69
2018-12-08 15:45,18.20,612.94
2018-12-08 16:00,11.67,597.54
2018-12-08 16:15,7.11,594.09
2018-12-08 16:30,7.38,580.85
2018-12-08 16:45,6.33,568.64
2018-12-08 17:00,3.76,552.59
2018-12-08 17:15,1.87,542.71
2018-12-08 17:30,0.29,529.55
2018-12-08 17:45,0.04,531.32
2018-12-08 18:00,0.08,535.68
2018-12-08 18:15,0.01,531.26
2018-12-08 18:30,0.06,534.97
2018-12-08 18:45,0.02,528.56
2018-12-08 19:00,0.06,530.4
2018-12-08 19:15,0.04,523.71
2018-12-08 19:30,0.00,523.39
2018-12-08 19:45,0.02,518.39
2018-12-08 20:00,0.10,513.64
2018-12-08 20:15,0.06,511.6
2018-12-08 20:30,0.02,510.13
2018-12-08 20:45,0.02,502.66
2018-12-08 21:00,0.02,504.19
2018-12-08 21:15,0.00,503.03
2018-12-08 21:30,0.10,504.65
2018-12-08 21:45,0.04,508.6
2018-12-08 22:00,0.00,506.4
2018-12-08 22:15,0.07,506.82
2018-12-08 22:30,0.02,507.6
2018-12-08 22:45,0.09,514.18
2018-12-08 23:00,0.03,510.18
2018-12-08 23:15,0.01,510.76
2018-12-08 23:30,0.02,508.21
2018-12-08 23:45,0.03,504.27
2018-12-09 00:00,0.02,494.57
2018-12-09 00:15,0.06,499.29
2018-12-09 00:30,0.10,497.31
2018-12-09 00:45,0.02,494.23
2018-12-09 01:00,0.04,487.94
2018-12-09 01:15,0.06,480.66
2018-12-09 01:30,0.00,485.92
2018-12-09 01:45,0.06,478.45
2018-12-09 02:00,0.04,479.79
2018-12-09 02:15,0.02,477.45
2018-12-09 02:30,0.10,478.49
2018-12-09 02:45,0.04,478.95
2018-12-09 03:00,0.01,480.21
2018-12-09 03:15,0.06,477.45
2018-12-09 03:30,0.02,477.44
2018-12-09 03:45,0.06,472.84
2018-12-09 04:00,0.01,473.32
2018-12-09 04:15,0.02,471.6
2018-12-09 04:30,0.10,469.31
2018-12-09 04:45,0.06,470.08
2018-12-09 05:00,0.03,471.91
2018-12-09 05:15,0.02,466.86
2018-12-09 05:30,0.04,470.99
2018-12-09 05:45,0.02,471.62
2018-12-09 06:00,0.05,475.81
2018-12-09 06:15,0.04,480.05
2018-12-09 06:30,0.17,489.73
2018-12-09 06:45,1.57,489.81
2018-12-09 07:00,2.79,479.23
2018-12-09 07:15,6.17,489.9
2018-12-09 07:30,8.69,468.5
2018-12-09 07:45,11.56,407.99
2018-12-09 08:00,12.97,373.62
2018-12-09 08:15,7.60,322.8
2018-12-09 08:30,6.51,133.62
2018-12-09 08:45,6.85,18.42
2018-12-09 09:00,8.26,1.74
2018-12-09 09:15,9.79,1.74
2018-12-09 09:30,9.09,1.73
2018-12-09 09:45,8.96,1.84
2018-12-09 10:00,11.65,1.84
2018-12-09 10:15,13.89,2.97
2018-12-09 10:30,15.81,2.06
2018-12-09 10:45,16.00,1.89
2018-12-09 11:00,19.01,2.63
2018-12-09 11:15,19.90,2.87
2018-12-09 11:30,22.27,1.81
2018-12-09 11:45,22.21,1.66
2018-12-09 12:00,33.79,4.21
2018-12-09 12:15,24.56,40.47
2018-12-09 12:30,43.75,188.39
2018-12-09 12:45,29.75,267.6
2018-12-09 13:00,38.88,284.92
2018-12-09 13:15,34.79,280.08
2018-12-09 13:30,25.45,325.62
2018-12-09 13:45,22.50,432.71
2018-12-09 14:00,22.26,477.47
2018-12-09 14:15,23.76,451.57
2018-12-09 14:30,25.10,414.3
2018-12-09 14:45,30.10,453.89
2018-12-09 15:00,43.03,451.92
2018-12-09 15:15,22.48,459.84
2018-12-09 15:30,27.25,470.28
2018-12-09 15:45,24.18,478.92
2018-12-09 16:00,23.81,466.94
2018-12-09 16:15,17.42,449.2
2018-12-09 16:30,15.51,463.37
2018-12-09 16:45,8.97,510
2018-12-09 17:00,7.30,547.5
2018-12-09 17:15,5.22,544.9
2018-12-09 17:30,2.15,530.56
2018-12-09 17:45,0.11,525.82
2018-12-09 18:00,0.02,534.05
2018-12-09 18:15,9.82,539.21
2018-12-09 18:30,0.01,529.3
2018-12-09 18:45,0.09,534.09
2018-12-09 19:00,0.02,526.43
2018-12-09 19:15,0.07,520.31
2018-12-09 19:30,0.02,514.73
2018-12-09 19:45,0.01,517.9
2018-12-09 20:00,0.05,508.16
2018-12-09 20:15,0.12,517.43
2018-12-09 20:30,0.01,513.79
2018-12-09 20:45,0.00,512.81
2018-12-09 21:00,0.04,506.48
2018-12-09 21:15,0.04,503.45
2018-12-09 21:30,0.07,496.82
2018-12-09 21:45,0.03,492.82
2018-12-09 22:00,0.04,493.31
2018-12-09 22:15,0.02,491.97
2018-12-09 22:30,0.02,491.44
2018-12-09 22:45,0.06,489.73
2018-12-09 23:00,0.04,488.94
2018-12-09 23:15,0.06,488.98
2018-12-09 23:30,0.07,488.4
2018-12-09 23:45,0.04,486.86
2018-12-10 00:00,0.01,484.21
2018-12-10 00:15,0.02,486
2018-12-10 00:30,0.04,484.24
2018-12-10 00:45,0.06,479.65
2018-12-10 01:00,0.00,478.16
2018-12-10 01:15,0.07,469.15
2018-12-10 01:30,0.06,470.13
2018-12-10 01:45,0.07,462.15
2018-12-10 02:00,0.05,463.29
2018-12-10 02:15,0.04,466.12
2018-12-10 02:30,0.01,454.29
2018-12-10 02:45,0.02,445.05
2018-12-10 03:00,0.02,444.33
2018-12-10 03:15,0.04,438.62
2018-12-10 03:30,0.04,439.02
2018-12-10 03:45,0.13,437.52
2018-12-10 04:00,0.04,441.91
2018-12-10 04:15,0.04,457.42
2018-12-10 04:30,0.02,448.42
2018-12-10 04:45,0.01,454.68
2018-12-10 05:00,0.07,450.73
2018-12-10 05:15,0.00,451.81
2018-12-10 05:30,0.04,458.15
2018-12-10 05:45,0.01,454.83
2018-12-10 06:00,0.10,465.16
2018-12-10 06:15,0.09,466.08
2018-12-10 06:30,1.34,464.6
2018-12-10 06:45,5.89,471.16
2018-12-10 07:00,12.32,473.68
2018-12-10 07:15,19.75,463.95
2018-12-10 07:30,30.34,459.94
2018-12-10 07:45,40.16,456.29
2018-12-10 08:00,52.12,457.86
2018-12-10 08:15,59.85,472.73
2018-12-10 08:30,72.17,477.32
2018-12-10 08:45,77.34,482.4
2018-12-10 09:00,88.26,486.95
2018-12-10 09:15,94.98,477.15
2018-12-10 09:30,90.33,481.28
2018-12-10 09:45,105.17,507.4
2018-12-10 10:00,123.43,482.71
2018-12-10 10:15,104.46,477.16
2018-12-10 10:30,80.65,485.1
2018-12-10 10:45,86.68,513.24
2018-12-10 11:00,131.81,504.11
2018-12-10 11:15,114.10,493.61
2018-12-10 11:30,108.13,520.77
2018-12-10 11:45,65.78,510.05
2018-12-10 12:00,120.25,517.1
2018-12-10 12:15,91.83,496
2018-12-10 12:30,111.62,508.52
2018-12-10 12:45,74.54,495.02
2018-12-10 13:00,113.48,501.02
2018-12-10 13:15,110.56,472.65
2018-12-10 13:30,102.30,485.21
2018-12-10 13:45,85.16,511.16
2018-12-10 14:00,82.37,524.72
2018-12-10 14:15,75.68,519.68
2018-12-10 14:30,76.61,516.24
2018-12-10 14:45,65.08,525.56
2018-12-10 15:00,55.02,540
2018-12-10 15:15,43.57,535.71
2018-12-10 15:30,36.77,547.53
2018-12-10 15:45,33.14,551.42
2018-12-10 16:00,31.46,542.55
2018-12-10 16:15,27.66,548.24
2018-12-10 16:30,20.47,540.68
2018-12-10 16:45,10.09,537.76
2018-12-10 17:00,8.09,538.58
2018-12-10 17:15,4.30,526.68
2018-12-10 17:30,1.42,526.64
2018-12-10 17:45,0.00,528.16
2018-12-10 18:00,0.06,535.98
2018-12-10 18:15,0.12,535.9
2018-12-10 18:30,0.04,536.09
2018-12-10 18:45,0.03,530.22
2018-12-10 19:00,0.07,524.03
2018-12-10 19:15,0.02,527.53
2018-12-10 19:30,0.02,525.51
2018-12-10 19:45,0.04,524.69
2018-12-10 20:00,0.02,516.84
2018-12-10 20:15,0.03,519.43
2018-12-10 20:30,0.09,513.55
2018-12-10 20:45,0.02,514.4
2018-12-10 21:00,0.07,515.19
2018-12-10 21:15,0.03,509.13
2018-12-10 21:30,0.06,504.84
2018-12-10 21:45,0.02,505.61
2018-12-10 22:00,0.04,505.4
2018-12-10 22:15,0.02,505.95
2018-12-10 22:30,0.10,502.53
2018-12-10 22:45,0.01,510.48
2018-12-10 23:00,0.05,506.44
2018-12-10 23:15,0.07,504.08
2018-12-10 23:30,0.02,498.37
2018-12-10 23:45,0.01,496.13
2018-12-11 00:00,0.10,493.02
2018-12-11 00:15,0.02,491.69
2018-12-11 00:30,0.07,494.48
2018-12-11 00:45,0.03,495.65
2018-12-11 01:00,0.04,487.5
2018-12-11 01:15,0.04,482.58
2018-12-11 01:30,0.04,478.02
2018-12-11 01:45,0.03,475.29
2018-12-11 02:00,0.02,480.5
2018-12-11 02:15,0.09,475.13
2018-12-11 02:30,0.09,474.89
2018-12-11 02:45,0.00,470.21
2018-12-11 03:00,0.04,466.95
2018-12-11 03:15,0.06,467.2
2018-12-11 03:30,0.02,462.63
2018-12-11 03:45,0.04,459.15
2018-12-11 04:00,0.04,460.37
2018-12-11 04:15,0.06,459.79
2018-12-11 04:30,0.02,448.16
2018-12-11 04:45,0.10,451.87
2018-12-11 05:00,0.06,453.52
2018-12-11 05:15,0.03,457.86
2018-12-11 05:30,0.01,463.18
2018-12-11 05:45,0.06,473.49
2018-12-11 06:00,0.04,483.53
2018-12-11 06:15,0.05,495.39
2018-12-11 06:30,0.90,512.69
2018-12-11 06:45,4.29,567.72
2018-12-11 07:00,13.98,606.12
2018-12-11 07:15,25.97,628.36
2018-12-11 07:30,40.26,665.13
2018-12-11 07:45,44.38,725.87
2018-12-11 08:00,50.58,825.51
2018-12-11 08:15,56.19,928.51
2018-12-11 08:30,69.08,1012.63
2018-12-11 08:45,75.20,1069.01
2018-12-11 09:00,85.68,1094.91
2018-12-11 09:15,98.15,1106.66
2018-12-11 09:30,132.56,1103.01
2018-12-11 09:45,133.43,1099.82
2018-12-11 10:00,148.06,1085.25
2018-12-11 10:15,151.58,1110.24
2018-12-11 10:30,159.40,1102.96
2018-12-11 10:45,164.22,1094.88
2018-12-11 11:00,164.82,1109.61
2018-12-11 11:15,164.23,1098.25
2018-12-11 11:30,187.10,1098.46
2018-12-11 11:45,169.44,1097.67
2018-12-11 12:00,184.06,1077.74
2018-12-11 12:15,128.45,1069.48
2018-12-11 12:30,80.14,1103.28
2018-12-11 12:45,100.28,1127.04
2018-12-11 13:00,77.62,1131.44
2018-12-11 13:15,94.19,1160.93
2018-12-11 13:30,101.79,1149.59
2018-12-11 13:45,85.65,1166.88
2018-12-11 14:00,44.10,1156.22
2018-12-11 14:15,39.49,1188.65
2018-12-11 14:30,65.50,1177.62
2018-12-11 14:45,98.86,1159.91
2018-12-11 15:00,63.31,1125.25
2018-12-11 15:15,78.51,1130.46
2018-12-11 15:30,47.82,1093.53
2018-12-11 15:45,43.65,1086.85
2018-12-11 16:00,63.64,1055.27
2018-12-11 16:15,55.91,1007.03
2018-12-11 16:30,40.37,969.28
2018-12-11 16:45,20.56,918.6
2018-12-11 17:00,14.10,870.83
2018-12-11 17:15,8.47,848.25
2018-12-11 17:30,2.18,822.24
2018-12-11 17:45,0.10,789.35
2018-12-11 18:00,0.02,787.42
2018-12-11 18:15,0.06,779.93
2018-12-11 18:30,0.04,771.27
2018-12-11 18:45,0.15,761.98
2018-12-11 19:00,0.00,741.71
2018-12-11 19:15,0.04,719.99
2018-12-11 19:30,0.07,700.65
2018-12-11 19:45,0.00,665.43
2018-12-11 20:00,0.02,646.15
2018-12-11 20:15,0.12,624.88
2018-12-11 20:30,0.06,603.17
2018-12-11 20:45,0.10,582.3
2018-12-11 21:00,0.07,564.88
2018-12-11 21:15,0.02,562.19
2018-12-11 21:30,0.03,549.45
2018-12-11 21:45,0.02,543.34
2018-12-11 22:00,0.04,546.92
2018-12-11 22:15,0.01,541.42
2018-12-11 22:30,0.08,543.34
2018-12-11 22:45,0.10,542.85
2018-12-11 23:00,0.09,537.03
2018-12-11 23:15,0.02,539.3
2018-12-11 23:30,0.06,538.68
2018-12-11 23:45,0.04,540.34
2018-12-12 00:00,0.04,525.48
2018-12-12 00:15,0.05,521.37
2018-12-12 00:30,0.06,524.85
2018-12-12 00:45,0.09,520.55
2018-12-12 01:00,0.01,514.02
2018-12-12 01:15,0.06,513.92
2018-12-12 01:30,0.07,509.39
2018-12-12 01:45,0.10,505
2018-12-12 02:00,0.01,497.68
2018-12-12 02:15,0.10,498.06
2018-12-12 02:30,0.02,499.77
2018-12-12 02:45,0.12,496.57
2018-12-12 03:00,0.02,493.21
2018-12-12 03:15,0.05,488.69
2018-12-12 03:30,0.02,486.36
2018-12-12 03:45,0.04,478.63
2018-12-12 04:00,0.08,479.42
2018-12-12 04:15,0.14,479.9
2018-12-12 04:30,0.02,477.1
2018-12-12 04:45,0.10,485
2018-12-12 05:00,0.05,484.4
2018-12-12 05:15,0.04,483.57
2018-12-12 05:30,0.01,492.02
2018-12-12 05:45,0.07,493.08
2018-12-12 06:00,0.06,508.56
2018-12-12 06:15,0.04,509.6
2018-12-12 06:30,0.54,528.01
2018-12-12 06:45,3.34,554.96
2018-12-12 07:00,6.95,587.03
2018-12-12 07:15,12.54,638.68
2018-12-12 07:30,19.44,677.65
2018-12-12 07:45,27.15,732.18
2018-12-12 08:00,55.68,818.01
2018-12-12 08:15,69.82,930.2
2018-12-12 08:30,82.22,979.05
2018-12-12 08:45,82.98,1062.13
2018-12-12 09:00,95.72,1093.46
2018-12-12 09:15,92.42,1078.72
2018-12-12 09:30,147.79,1093.51
2018-12-12 09:45,135.14,1070.22
2018-12-12 10:00,106.33,1070.8
2018-12-12 10:15,110.24,1104.74
2018-12-12 10:30,108.33,1109.06
2018-12-12 10:45,120.80,1122.12
2018-12-12 11:00,121.20,1109.8
2018-12-12 11:15,102.74,1117.24
2018-12-12 11:30,92.62,1112.62
2018-12-12 11:45,60.70,1107.22
2018-12-12 12:00,53.02,1091.04
2018-12-12 12:15,46.84,1066.98
2018-12-12 12:30,34.67,1064.88
2018-12-12 12:45,41.84,1082.32
2018-12-12 13:00,36.70,1052.58
2018-12-12 13:15,27.49,1065.82
2018-12-12 13:30,25.09,1057.66
2018-12-12 13:45,26.22,1061.77
2018-12-12 14:00,42.10,1068.64
2018-12-12 14:15,49.99,1046.76
2018-12-12 14:30,57.28,1037.22
2018-12-12 14:45,56.33,1020.79
2018-12-12 15:00,51.72,1015.02
2018-12-12 15:15,62.07,1029.84
2018-12-12 15:30,75.02,1015.32
2018-12-12 15:45,60.33,1016.81
2018-12-12 16:00,66.23,974.53
2018-12-12 16:15,61.75,944.33
2018-12-12 16:30,45.23,908.04
2018-12-12 16:45,22.43,849.3
2018-12-12 17:00,13.62,830.7
2018-12-12 17:15,6.60,815.95
2018-12-12 17:30,2.16,817.88
2018-12-12 17:45,0.13,808.51
2018-12-12 18:00,0.06,797.16
2018-12-12 18:15,0.02,787.71
2018-12-12 18:30,0.04,774.32
2018-12-12 18:45,0.02,755.06
2018-12-12 19:00,0.01,730.7
2018-12-12 19:15,0.06,723.79
2018-12-12 19:30,0.16,701.92
2018-12-12 19:45,0.09,666.01
2018-12-12 20:00,0.01,643.72
2018-12-12 20:15,0.02,615.69
2018-12-12 20:30,0.02,584.24
2018-12-12 20:45,0.04,570.09
2018-12-12 21:00,0.04,567.77
2018-12-12 21:15,0.03,566.58
2018-12-12 21:30,0.01,558.16
2018-12-12 21:45,0.12,555.8
2018-12-12 22:00,0.15,553.74
2018-12-12 22:15,0.00,543.43
2018-12-12 22:30,0.04,540.72
2018-12-12 22:45,0.01,532.63
2018-12-12 23:00,0.05,525.4
2018-12-12 23:15,0.02,517.31
2018-12-12 23:30,0.01,519.35
2018-12-12 23:45,0.09,508.89
2018-12-13 00:00,0.03,509.18
2018-12-13 00:15,0.09,509.69
2018-12-13 00:30,0.06,507.23
2018-12-13 00:45,0.06,503.6
2018-12-13 01:00,0.01,494.08
2018-12-13 01:15,0.04,487.11
2018-12-13 01:30,0.07,480.13
2018-12-13 01:45,0.06,475.79
2018-12-13 02:00,0.01,474.08
2018-12-13 02:15,0.04,465.39
2018-12-13 02:30,0.04,473
2018-12-13 02:45,0.06,472.5
2018-12-13 03:00,0.07,471.34
2018-12-13 03:15,0.01,464.73
2018-12-13 03:30,0.08,462.21
2018-12-13 03:45,0.02,458.28
2018-12-13 04:00,0.09,456.63
2018-12-13 04:15,0.05,455.55
2018-12-13 04:30,0.01,451.15
2018-12-13 04:45,0.06,447.5
2018-12-13 05:00,0.02,452.13
2018-12-13 05:15,0.06,450.94
2018-12-13 05:30,0.02,456.73
2018-12-13 05:45,0.04,461.84
2018-12-13 06:00,0.11,479.02
2018-12-13 06:15,0.07,488.92
2018-12-13 06:30,0.31,520.45
2018-12-13 06:45,2.50,561.59
2018-12-13 07:00,10.90,574.4
2018-12-13 07:15,16.78,589.16
2018-12-13 07:30,30.42,623.3
2018-12-13 07:45,49.14,668.89
2018-12-13 08:00,49.22,716.26
2018-12-13 08:15,40.90,787.9
2018-12-13 08:30,74.19,825.03
2018-12-13 08:45,113.13,857.72
2018-12-13 09:00,116.80,854.25
2018-12-13 09:15,122.91,883.64
2018-12-13 09:30,135.81,914.6
2018-12-13 09:45,140.00,922.84
2018-12-13 10:00,152.39,912.3
2018-12-13 10:15,157.03,940.12
2018-12-13 10:30,164.94,947.15
2018-12-13 10:45,170.57,929.02
2018-12-13 11:00,168.74,927.97
2018-12-13 11:15,164.25,944.96
2018-12-13 11:30,175.29,930.1
2018-12-13 11:45,174.82,918.52
2018-12-13 12:00,183.54,923.68
2018-12-13 12:15,170.47,930.51
2018-12-13 12:30,164.01,917.2
2018-12-13 12:45,161.80,931.26
2018-12-13 13:00,162.15,933.54
2018-12-13 13:15,183.02,980.34
2018-12-13 13:30,157.24,984.92
2018-12-13 13:45,153.12,1001.84
2018-12-13 14:00,148.62,993.66
2018-12-13 14:15,114.86,993.16
2018-12-13 14:30,127.50,1017.63
2018-12-13 14:45,98.50,1019.26
2018-12-13 15:00,62.83,1032.43
2018-12-13 15:15,74.31,1040.24
2018-12-13 15:30,74.46,1003.58
2018-12-13 15:45,69.23,985.97
2018-12-13 16:00,55.42,974.92
2018-12-13 16:15,26.81,930.07
2018-12-13 16:30,32.30,905.93
2018-12-13 16:45,22.37,861.72
2018-12-13 17:00,13.69,814.69
2018-12-13 17:15,7.33,805.05
2018-12-13 17:30,2.54,795.93
2018-12-13 17:45,0.20,771.53
2018-12-13 18:00,0.06,762.5
2018-12-13 18:15,0.01,751.05
2018-12-13 18:30,0.04,744.1
2018-12-13 18:45,0.03,728.81
2018-12-13 19:00,0.04,697.28
2018-12-13 19:15,0.10,676.92
2018-12-13 19:30,0.09,645.8
2018-12-13 19:45,0.02,625.98
2018-12-13 20:00,0.04,605.25
2018-12-13 20:15,0.02,576.11
2018-12-13 20:30,0.03,558.35
2018-12-13 20:45,0.09,551.13
2018-12-13 21:00,0.02,543.98
2018-12-13 21:15,0.04,534.93
2018-12-13 21:30,0.06,530.6
2018-12-13 21:45,0.04,527.71
2018-12-13 22:00,0.07,526
2018-12-13 22:15,0.06,522.03
2018-12-13 22:30,0.02,515.27
2018-12-13 22:45,0.07,513.74
2018-12-13 23:00,0.01,513.79
2018-12-13 23:15,0.03,505.5
2018-12-13 23:30,0.15,505.02
2018-12-13 23:45,0.02,503.94
2018-12-14 00:00,0.01,491.94
2018-12-14 00:15,0.02,487.58
2018-12-14 00:30,0.02,480.81
2018-12-14 00:45,0.10,483.24
2018-12-14 01:00,0.03,480
2018-12-14 01:15,0.02,476.05
2018-12-14 01:30,0.04,473.63
2018-12-14 01:45,0.13,468.31
2018-12-14 02:00,0.04,474.87
2018-12-14 02:15,0.01,469.58
2018-12-14 02:30,0.04,470.2
2018-12-14 02:45,0.03,466.47
2018-12-14 03:00,0.04,463.03
2018-12-14 03:15,0.01,458.15
2018-12-14 03:30,0.06,452.1
2018-12-14 03:45,0.10,447.41
2018-12-14 04:00,0.09,448.6
2018-12-14 04:15,0.06,450.76
2018-12-14 04:30,0.02,445.52
2018-12-14 04:45,0.02,444.15
2018-12-14 05:00,0.01,444.68
2018-12-14 05:15,0.03,450.58
2018-12-14 05:30,0.06,456.91
2018-12-14 05:45,0.01,467.66
2018-12-14 06:00,0.08,478.99
2018-12-14 06:15,0.09,490.86
2018-12-14 06:30,0.82,519.03
2018-12-14 06:45,5.66,547.56
2018-12-14 07:00,12.34,541.66
2018-12-14 07:15,20.69,563.48
2018-12-14 07:30,33.65,589.46
2018-12-14 07:45,43.88,635.46
2018-12-14 08:00,60.67,702.73
2018-12-14 08:15,81.44,758.69
2018-12-14 08:30,92.01,788.76
2018-12-14 08:45,99.93,819.11
2018-12-14 09:00,108.55,847.03
2018-12-14 09:15,121.06,865.67
2018-12-14 09:30,131.22,873.78
2018-12-14 09:45,138.00,867.11
2018-12-14 10:00,148.72,888.15
2018-12-14 10:15,156.25,881.07
2018-12-14 10:30,162.28,872.25
2018-12-14 10:45,164.22,879.02
2018-12-14 11:00,168.90,887.01
2018-12-14 11:15,169.90,870.94
2018-12-14 11:30,178.43,872.91
2018-12-14 11:45,171.18,871.85
2018-12-14 12:00,177.90,857.36
2018-12-14 12:15,177.36,860.99
2018-12-14 12:30,180.42,846.09
2018-12-14 12:45,172.76,843.33
2018-12-14 13:00,171.89,853.12
2018-12-14 13:15,159.38,876.15
2018-12-14 13:30,170.81,896.09
2018-12-14 13:45,153.66,896.54
2018-12-14 14:00,151.81,907.39
2018-12-14 14:15,105.71,917.89
2018-12-14 14:30,138.22,950.29
2018-12-14 14:45,122.83,923.1
2018-12-14 15:00,111.25,933.3
2018-12-14 15:15,96.90,930.89
2018-12-14 15:30,89.14,920.46
2018-12-14 15:45,66.82,909.68
2018-12-14 16:00,60.89,882.15
2018-12-14 16:15,45.80,868.64
2018-12-14 16:30,34.42,847.43
2018-12-14 16:45,23.86,800.01
2018-12-14 17:00,15.16,764.34
2018-12-14 17:15,8.78,725.32
2018-12-14 17:30,1.75,719.37
2018-12-14 17:45,0.01,711.12
2018-12-14 18:00,0.07,710.73
2018-12-14 18:15,0.10,704.41
2018-12-14 18:30,0.06,694.7
2018-12-14 18:45,0.02,673.51
2018-12-14 19:00,0.02,651.07
2018-12-14 19:15,0.12,640.04
2018-12-14 19:30,0.02,610.98
2018-12-14 19:45,0.02,577.21
2018-12-14 20:00,0.02,559.09
2018-12-14 20:15,0.01,530.29
2018-12-14 20:30,0.06,513.48
2018-12-14 20:45,0.10,501.13
2018-12-14 21:00,0.09,497.29
2018-12-14 21:15,0.09,486.53
2018-12-14 21:30,0.04,482.52
2018-12-14 21:45,0.00,480.03
2018-12-14 22:00,0.04,479.07
2018-12-14 22:15,0.04,474.81
2018-12-14 22:30,0.02,478.29
2018-12-14 22:45,0.02,470.84
2018-12-14 23:00,0.02,469.41
2018-12-14 23:15,0.15,466.62
2018-12-14 23:30,0.05,463.03
2018-12-14 23:45,0.09,460.73
2018-12-15 00:00,0.02,459.44
2018-12-15 00:15,0.01,451.28
2018-12-15 00:30,0.03,455.87
2018-12-15 00:45,0.06,449.66
2018-12-15 01:00,0.02,446.97
2018-12-15 01:15,0.00,441.5
2018-12-15 01:30,0.12,492.66
2018-12-15 01:45,0.07,496.26
2018-12-15 02:00,0.04,487
2018-12-15 02:15,0.10,488.57
2018-12-15 02:30,0.02,474.29
2018-12-15 02:45,0.02,470.08
2018-12-15 03:00,0.02,465.97
2018-12-15 03:15,0.05,456.08
2018-12-15 03:30,0.09,458.94
2018-12-15 03:45,0.02,447.52
2018-12-15 04:00,0.08,447.31
2018-12-15 04:15,0.01,450.66
2018-12-15 04:30,0.04,445.97
2018-12-15 04:45,0.06,436.05
2018-12-15 05:00,0.08,444.2
2018-12-15 05:15,0.02,438.26
2018-12-15 05:30,0.10,444.55
2018-12-15 05:45,0.00,447.46
2018-12-15 06:00,0.04,452.55
2018-12-15 06:15,0.09,460.41
2018-12-15 06:30,0.55,471.28
2018-12-15 06:45,4.42,470.23
2018-12-15 07:00,12.21,472
2018-12-15 07:15,20.83,485.57
2018-12-15 07:30,31.22,481.73
2018-12-15 07:45,41.83,488.5
2018-12-15 08:00,45.29,507.24
2018-12-15 08:15,42.22,548.16
2018-12-15 08:30,59.14,572.8
2018-12-15 08:45,54.99,583.46
2018-12-15 09:00,84.75,595.14
2018-12-15 09:15,58.00,565.74
2018-12-15 09:30,67.71,593.69
2018-12-15 09:45,88.60,593.25
2018-12-15 10:00,106.43,591.59
2018-12-15 10:15,83.69,576.33
2018-12-15 10:30,119.22,598.99
2018-12-15 10:45,127.81,562.51
2018-12-15 11:00,142.62,570.37
2018-12-15 11:15,137.58,559.53
2018-12-15 11:30,200.28,542.08
2018-12-15 11:45,176.12,525.58
2018-12-15 12:00,168.74,530.71
2018-12-15 12:15,164.74,543.93
2018-12-15 12:30,165.96,539.05
2018-12-15 12:45,146.29,551.42
2018-12-15 13:00,106.59,571.71
2018-12-15 13:15,108.47,584.29
2018-12-15 13:30,101.96,573.74
2018-12-15 13:45,109.14,544.16
2018-12-15 14:00,101.34,534.35
2018-12-15 14:15,80.46,575.8
2018-12-15 14:30,109.09,575.17
2018-12-15 14:45,75.44,546.06
2018-12-15 15:00,61.94,572.25
2018-12-15 15:15,52.21,587.77
2018-12-15 15:30,48.62,581.66
2018-12-15 15:45,36.37,585.14
2018-12-15 16:00,28.85,580.9
2018-12-15 16:15,20.62,571.74
2018-12-15 16:30,18.15,563.09
2018-12-15 16:45,10.46,545.63
2018-12-15 17:00,6.38,533.95
2018-12-15 17:15,1.99,529.01
2018-12-15 17:30,0.46,520.16
2018-12-15 17:45,0.04,512.39
2018-12-15 18:00,0.03,506.66
2018-12-15 18:15,0.07,501.58
2018-12-15 18:30,0.14,500.4
2018-12-15 18:45,0.03,505.24
2018-12-15 19:00,0.04,499.56
2018-12-15 19:15,0.01,493.37
2018-12-15 19:30,0.02,486.57
2018-12-15 19:45,0.03,487.42
2018-12-15 20:00,0.09,483.18
2018-12-15 20:15,0.07,486.42
2018-12-15 20:30,0.02,486.32
2018-12-15 20:45,0.04,487.5
2018-12-15 21:00,0.04,490.94
2018-12-15 21:15,0.10,484.73
2018-12-15 21:30,0.03,484.99
2018-12-15 21:45,0.04,480.79
2018-12-15 22:00,0.04,480.53
2018-12-15 22:15,0.08,485.24
2018-12-15 22:30,0.02,475.57
2018-12-15 22:45,0.02,475.58
2018-12-15 23:00,0.06,477.03
2018-12-15 23:15,0.05,474.32
2018-12-15 23:30,0.02,466.63
2018-12-15 23:45,0.06,465.31
2018-12-16 00:00,0.08,468.87
2018-12-16 00:15,0.04,470.97
2018-12-16 00:30,0.10,471.76
2018-12-16 00:45,0.02,470.29
2018-12-16 01:00,0.02,465.86
2018-12-16 01:15,0.02,463.78
2018-12-16 01:30,0.01,459.66
2018-12-16 01:45,0.14,458.71
2018-12-16 02:00,0.01,456.04
2018-12-16 02:15,0.02,452.97
2018-12-16 02:30,0.07,455.2
2018-12-16 02:45,0.10,448.7
2018-12-16 03:00,0.04,442.1
2018-12-16 03:15,0.04,434.47
2018-12-16 03:30,0.01,434.41
2018-12-16 03:45,0.08,430.83
2018-12-16 04:00,0.02,429.3
2018-12-16 04:15,0.04,432.81
2018-12-16 04:30,0.03,430.5
2018-12-16 04:45,0.10,431.76
2018-12-16 05:00,0.02,427.31
2018-12-16 05:15,0.04,428.84
2018-12-16 05:30,0.11,430.13
2018-12-16 05:45,0.01,438.73
2018-12-16 06:00,0.06,449.16
2018-12-16 06:15,0.03,453.33
2018-12-16 06:30,0.18,456.65
2018-12-16 06:45,3.01,458.07
2018-12-16 07:00,8.30,452.52
2018-12-16 07:15,9.85,449
2018-12-16 07:30,13.33,445.5
2018-12-16 07:45,24.86,456.65
2018-12-16 08:00,25.07,459.16
2018-12-16 08:15,26.14,477.97
2018-12-16 08:30,27.40,495.44
2018-12-16 08:45,30.46,522
2018-12-16 09:00,89.26,513.37
2018-12-16 09:15,61.78,461.86
2018-12-16 09:30,70.66,504.52
2018-12-16 09:45,143.70,489.97
2018-12-16 10:00,130.50,439.65
2018-12-16 10:15,141.81,466.92
2018-12-16 10:30,176.73,451.73
2018-12-16 10:45,152.80,430.04
2018-12-16 11:00,181.04,449.26
2018-12-16 11:15,182.07,433.55
2018-12-16 11:30,191.43,428.36
2018-12-16 11:45,173.46,426.76
2018-12-16 12:00,162.83,435.68
2018-12-16 12:15,180.31,464.49
2018-12-16 12:30,183.55,460.16
2018-12-16 12:45,179.74,459.52
2018-12-16 13:00,169.46,456.47
2018-12-16 13:15,81.77,478.97
2018-12-16 13:30,92.86,533.72
2018-12-16 13:45,77.47,531.47
2018-12-16 14:00,74.57,535.45
2018-12-16 14:15,54.03,541.32
2018-12-16 14:30,47.36,546.17
2018-12-16 14:45,46.22,545.45
2018-12-16 15:00,59.62,536.9
2018-12-16 15:15,48.80,529.79
2018-12-16 15:30,48.51,548.88
2018-12-16 15:45,39.42,529.56
2018-12-16 16:00,29.90,537.53
2018-12-16 16:15,24.72,527.66
2018-12-16 16:30,17.22,518.77
2018-12-16 16:45,11.90,519.74
2018-12-16 17:00,7.87,515.82
2018-12-16 17:15,8.36,512.64
2018-12-16 17:30,3.27,507.92
2018-12-16 17:45,0.21,506.79
2018-12-16 18:00,0.04,512.64
2018-12-16 18:15,0.04,518.52
2018-12-16 18:30,0.03,513.89
2018-12-16 18:45,0.01,507.97
2018-12-16 19:00,0.06,510.34
2018-12-16 19:15,0.06,503.85
2018-12-16 19:30,0.01,501.02
2018-12-16 19:45,0.09,494.52
2018-12-16 20:00,0.04,497.76
2018-12-16 20:15,0.02,500.08
2018-12-16 20:30,0.10,497.53
2018-12-16 20:45,0.07,492.23
2018-12-16 21:00,0.02,498.06
2018-12-16 21:15,0.00,500.56
2018-12-16 21:30,0.06,504.5
2018-12-16 21:45,0.10,503.06
2018-12-16 22:00,0.02,492.92
2018-12-16 22:15,0.04,493.89
2018-12-16 22:30,0.04,489.07
2018-12-16 22:45,0.06,488.53
2018-12-16 23:00,0.02,493.97
2018-12-16 23:15,0.09,490.89
2018-12-16 23:30,0.02,488.97
2018-12-16 23:45,0.05,487.55
2018-12-17 00:00,0.12,484.81
2018-12-17 00:15,0.02,479.11
2018-12-17 00:30,0.01,484.19
2018-12-17 00:45,0.03,473.45
2018-12-17 01:00,0.06,471.82
2018-12-17 01:15,0.06,468.65
2018-12-17 01:30,0.00,464.7
2018-12-17 01:45,0.04,457
2018-12-17 02:00,0.15,458.41
2018-12-17 02:15,0.01,457.44
2018-12-17 02:30,0.10,460.26
2018-12-17 02:45,0.02,454.23
2018-12-17 03:00,0.06,453.83
2018-12-17 03:15,0.01,455.6
2018-12-17 03:30,0.05,454.95
2018-12-17 03:45,0.01,449.31
2018-12-17 04:00,0.12,452.91
2018-12-17 04:15,0.02,454.42
2018-12-17 04:30,0.10,452.63
2018-12-17 04:45,0.04,444.81
2018-12-17 05:00,0.04,444.02
2018-12-17 05:15,0.06,448.36
2018-12-17 05:30,0.02,453.95
2018-12-17 05:45,0.04,463.99
2018-12-17 06:00,0.01,474.08
2018-12-17 06:15,0.08,483.32
2018-12-17 06:30,0.63,510.73
2018-12-17 06:45,4.72,558.98
2018-12-17 07:00,11.86,560.85
2018-12-17 07:15,20.79,583.82
2018-12-17 07:30,32.30,616.67
2018-12-17 07:45,45.01,652.76
2018-12-17 08:00,63.46,735.69
2018-12-17 08:15,73.50,819.82
2018-12-17 08:30,91.63,878.67
2018-12-17 08:45,96.11,908.97
2018-12-17 09:00,111.70,926.38
2018-12-17 09:15,119.22,947.84
2018-12-17 09:30,133.53,956.76
2018-12-17 09:45,137.99,962.89
2018-12-17 10:00,146.62,957.04
2018-12-17 10:15,153.17,953.04
2018-12-17 10:30,167.59,941.46
2018-12-17 10:45,151.18,942.42
2018-12-17 11:00,179.90,954.78
2018-12-17 11:15,172.57,961.23
2018-12-17 11:30,179.80,959.26
2018-12-17 11:45,173.98,961.15
2018-12-17 12:00,177.85,961.54
2018-12-17 12:15,144.66,946.15
2018-12-17 12:30,177.59,948.17
2018-12-17 12:45,155.91,950.76
2018-12-17 13:00,158.50,972.02
2018-12-17 13:15,159.36,966.49
2018-12-17 13:30,171.56,991.11
2018-12-17 13:45,157.84,992.48
2018-12-17 14:00,105.90,999.47
2018-12-17 14:15,118.34,1046.59
2018-12-17 14:30,40.38,1013.69
2018-12-17 14:45,108.86,1068.92
2018-12-17 15:00,106.55,1001.07
2018-12-17 15:15,88.66,1008.73
2018-12-17 15:30,85.81,1008.02
2018-12-17 15:45,66.91,1015.66
2018-12-17 16:00,57.58,984.07
2018-12-17 16:15,46.70,941.46
2018-12-17 16:30,34.74,892.1
2018-12-17 16:45,22.10,855.22
2018-12-17 17:00,13.54,825.33
2018-12-17 17:15,7.03,784.08
2018-12-17 17:30,2.31,767.55
2018-12-17 17:45,0.11,761.87
2018-12-17 18:00,0.06,757.92
2018-12-17 18:15,0.00,752.48
2018-12-17 18:30,0.12,729.97
2018-12-17 18:45,0.07,705.7
2018-12-17 19:00,0.00,683.96
2018-12-17 19:15,0.04,678.39
2018-12-17 19:30,0.01,659.22
2018-12-17 19:45,0.02,638.12
2018-12-17 20:00,0.07,622.62
2018-12-17 20:15,0.02,611.91
2018-12-17 20:30,0.17,586.67
2018-12-17 20:45,0.02,563.59
2018-12-17 21:00,0.04,544.55
2018-12-17 21:15,0.07,538.3
2018-12-17 21:30,0.02,531.69
2018-12-17 21:45,0.04,537.09
2018-12-17 22:00,0.01,528.32
2018-12-17 22:15,0.02,518.52
2018-12-17 22:30,0.10,522.05
2018-12-17 22:45,0.06,515.48
2018-12-17 23:00,0.04,519.53
2018-12-17 23:15,0.08,516.53
2018-12-17 23:30,0.02,514
2018-12-17 23:45,0.07,509.31
2018-12-18 00:00,0.01,504.74
2018-12-18 00:15,0.05,501.81
2018-12-18 00:30,0.02,505.66
2018-12-18 00:45,0.10,494.61
2018-12-18 01:00,0.02,494.47
2018-12-18 01:15,0.01,489.36
2018-12-18 01:30,0.07,485.94
2018-12-18 01:45,0.06,484.89
2018-12-18 02:00,0.08,478.99
2018-12-18 02:15,0.04,474.42
2018-12-18 02:30,0.01,472.13
2018-12-18 02:45,0.11,469.78
2018-12-18 03:00,0.04,460.73
2018-12-18 03:15,0.02,458.16
2018-12-18 03:30,0.02,460.15
2018-12-18 03:45,0.02,452.86
2018-12-18 04:00,0.06,450.63
2018-12-18 04:15,0.07,457.81
2018-12-18 04:30,0.00,452.15
2018-12-18 04:45,0.06,451.28
2018-12-18 05:00,0.14,448.86
2018-12-18 05:15,0.04,451.44
2018-12-18 05:30,0.02,455.29
2018-12-18 05:45,0.06,463.33
2018-12-18 06:00,0.02,478.11
2018-12-18 06:15,0.05,491.97
2018-12-18 06:30,0.50,513.84
2018-12-18 06:45,3.99,536.64
2018-12-18 07:00,9.12,553.16
2018-12-18 07:15,17.13,575.5
2018-12-18 07:30,22.88,628.27
2018-12-18 07:45,34.02,673.44
2018-12-18 08:00,49.19,733.21
2018-12-18 08:15,61.41,815.21
2018-12-18 08:30,77.79,845.72
2018-12-18 08:45,84.46,883.54
2018-12-18 09:00,95.77,943.78
2018-12-18 09:15,108.36,944.49
2018-12-18 09:30,122.28,946.91
2018-12-18 09:45,115.64,955.21
2018-12-18 10:00,134.26,968.33
2018-12-18 10:15,134.82,965.23
2018-12-18 10:30,148.49,958.39
2018-12-18 10:45,155.25,946.54
2018-12-18 11:00,162.55,968.02
2018-12-18 11:15,163.70,939.7
2018-12-18 11:30,173.43,921.96
2018-12-18 11:45,161.38,927.73
2018-12-18 12:00,187.14,925.63
2018-12-18 12:15,172.43,900.04
2018-12-18 12:30,179.96,903.78
2018-12-18 12:45,170.86,888.56
2018-12-18 13:00,170.59,906.68
2018-12-18 13:15,163.62,939.02
2018-12-18 13:30,161.26,955.23
2018-12-18 13:45,141.03,978.39
2018-12-18 14:00,129.34,980.84
2018-12-18 14:15,137.50,976.02
2018-12-18 14:30,132.07,981.89
2018-12-18 14:45,114.35,988.94
2018-12-18 15:00,106.19,1002.58
2018-12-18 15:15,89.80,992.79
2018-12-18 15:30,83.42,984.02
2018-12-18 15:45,70.40,975.73
2018-12-18 16:00,58.67,943.71
2018-12-18 16:15,45.10,931.49
2018-12-18 16:30,33.28,873.77
2018-12-18 16:45,21.80,827.37
2018-12-18 17:00,14.33,804.16
2018-12-18 17:15,8.00,778.89
2018-12-18 17:30,3.18,750.89
2018-12-18 17:45,0.24,738.37
2018-12-18 18:00,0.04,725.08
2018-12-18 18:15,0.06,724.47
2018-12-18 18:30,0.12,706.52
2018-12-18 18:45,0.07,685.63
2018-12-18 19:00,0.02,677.21
2018-12-18 19:15,0.03,663.23
2018-12-18 19:30,0.04,648.2
2018-12-18 19:45,0.07,622.67
2018-12-18 20:00,0.00,604.61
2018-12-18 20:15,0.02,587.33
2018-12-18 20:30,0.07,572.83
2018-12-18 20:45,0.15,561.14
2018-12-18 21:00,0.05,549.29
2018-12-18 21:15,0.01,534.13
2018-12-18 21:30,0.01,530.24
2018-12-18 21:45,0.10,529.53
2018-12-18 22:00,0.03,528.56
2018-12-18 22:15,0.01,526.58
2018-12-18 22:30,0.07,520.61
2018-12-18 22:45,0.05,517.82
2018-12-18 23:00,0.06,510.77
2018-12-18 23:15,0.04,505.52
2018-12-18 23:30,0.09,507.76
2018-12-18 23:45,0.02,502.52
2018-12-19 00:00,0.06,506.32
2018-12-19 00:15,0.07,503.71
2018-12-19 00:30,0.06,499.86
2018-12-19 00:45,0.02,492.44
2018-12-19 01:00,0.06,490.63
2018-12-19 01:15,0.02,482.29
2018-12-19 01:30,0.02,483.65
2018-12-19 01:45,0.06,480.45
2018-12-19 02:00,0.06,477.99
2018-12-19 02:15,0.08,471.1
2018-12-19 02:30,0.02,471.79
2018-12-19 02:45,0.14,467.91
2018-12-19 03:00,0.01,466.94
2018-12-19 03:15,0.05,459.24
2018-12-19 03:30,0.02,460.34
2018-12-19 03:45,0.04,458.87
2018-12-19 04:00,0.01,458.24
2018-12-19 04:15,0.06,458.29
2018-12-19 04:30,0.04,453.99
2018-12-19 04:45,0.10,455.99
2018-12-19 05:00,0.10,451.58
2018-12-19 05:15,0.06,456.21
2018-12-19 05:30,0.04,464.87
2018-12-19 05:45,0.01,469.89
2018-12-19 06:00,0.03,485.55
2018-12-19 06:15,0.04,488.32
2018-12-19 06:30,0.52,527.27
2018-12-19 06:45,3.70,560.32
2018-12-19 07:00,9.99,571
2018-12-19 07:15,16.57,581.83
2018-12-19 07:30,26.53,607.77
2018-12-19 07:45,38.79,657.55
2018-12-19 08:00,51.98,733.49
2018-12-19 08:15,68.72,837.41
2018-12-19 08:30,80.82,912.23
2018-12-19 08:45,92.00,934.68
2018-12-19 09:00,104.26,965.13
2018-12-19 09:15,109.42,972.49
2018-12-19 09:30,128.02,970.49
2018-12-19 09:45,135.30,957.41
2018-12-19 10:00,148.30,955.5
2018-12-19 10:15,148.25,957.18
2018-12-19 10:30,166.93,965.41
2018-12-19 10:45,157.70,936.28
2018-12-19 11:00,167.74,952.86
2018-12-19 11:15,167.06,953.33
2018-12-19 11:30,167.56,942.23
2018-12-19 11:45,170.98,926.6
2018-12-19 12:00,174.14,939.89
2018-12-19 12:15,169.99,921.3
2018-12-19 12:30,171.83,902.04
2018-12-19 12:45,165.57,897.72
2018-12-19 13:00,160.62,903.73
2018-12-19 13:15,158.81,925.54
2018-12-19 13:30,168.47,940.91
2018-12-19 13:45,143.76,945.62
2018-12-19 14:00,141.93,954.47
2018-12-19 14:15,121.82,979.71
2018-12-19 14:30,120.67,989.05
2018-12-19 14:45,104.41,982.99
2018-12-19 15:00,115.87,970.24
2018-12-19 15:15,65.74,977.24
2018-12-19 15:30,76.22,1002.26
2018-12-19 15:45,64.66,965.29
2018-12-19 16:00,54.07,949.58
2018-12-19 16:15,37.98,911.34
2018-12-19 16:30,30.79,889.14
2018-12-19 16:45,18.38,816.71
2018-12-19 17:00,12.11,785.37
2018-12-19 17:15,6.85,766
2018-12-19 17:30,3.30,752.79
2018-12-19 17:45,0.26,737.89
2018-12-19 18:00,0.06,723.36
2018-12-19 18:15,0.03,715.37
2018-12-19 18:30,0.01,699.16
2018-12-19 18:45,0.12,682.94
2018-12-19 19:00,0.03,669.09
2018-12-19 19:15,0.04,662.54
2018-12-19 19:30,0.02,640.7
2018-12-19 19:45,0.02,610.19
2018-12-19 20:00,0.11,595.54
2018-12-19 20:15,0.02,580.2
2018-12-19 20:30,0.04,563.37
2018-12-19 20:45,0.11,548.08
2018-12-19 21:00,0.04,548.03
2018-12-19 21:15,0.02,540.59
2018-12-19 21:30,0.04,534.48
2018-12-19 21:45,0.02,534.89
2018-12-19 22:00,0.04,534.76
2018-12-19 22:15,0.02,533.39
2018-12-19 22:30,0.19,530.18
2018-12-19 22:45,0.01,538.43
2018-12-19 23:00,0.04,534.87
2018-12-19 23:15,0.07,523.76
2018-12-19 23:30,0.03,518.66
2018-12-19 23:45,0.01,519.4
2018-12-20 00:00,0.04,516.85
2018-12-20 00:15,0.00,516.5
2018-12-20 00:30,0.07,513.19
2018-12-20 00:45,0.09,511.79
2018-12-20 01:00,0.04,510
2018-12-20 01:15,0.10,500.89
2018-12-20 01:30,0.06,492.05
2018-12-20 01:45,0.02,496.84
2018-12-20 02:00,0.04,495.68
2018-12-20 02:15,0.02,502.9
2018-12-20 02:30,0.04,501
2018-12-20 02:45,0.01,497.89
2018-12-20 03:00,0.08,489.94
2018-12-20 03:15,0.10,491.58
2018-12-20 03:30,0.02,478.37
2018-12-20 03:45,0.01,471.78
2018-12-20 04:00,0.13,470.58
2018-12-20 04:15,0.02,469.49
2018-12-20 04:30,0.04,467.62
2018-12-20 04:45,0.02,471.47
2018-12-20 05:00,0.09,469.1
2018-12-20 05:15,0.04,468.84
2018-12-20 05:30,0.01,481.84
2018-12-20 05:45,0.06,487.42
2018-12-20 06:00,0.07,500.24
2018-12-20 06:15,0.02,505.56
2018-12-20 06:30,0.33,530.14
2018-12-20 06:45,3.24,548.16
2018-12-20 07:00,9.24,573.85
2018-12-20 07:15,16.17,594.87
2018-12-20 07:30,26.74,656.17
2018-12-20 07:45,36.30,695.34
2018-12-20 08:00,52.90,764.34
2018-12-20 08:15,66.05,840.75
2018-12-20 08:30,75.24,877.96
2018-12-20 08:45,86.67,925.18
2018-12-20 09:00,94.62,941.88
2018-12-20 09:15,96.38,964.45
2018-12-20 09:30,110.53,972.37
2018-12-20 09:45,121.18,973.1
2018-12-20 10:00,136.72,981.81
2018-12-20 10:15,134.58,989.36
2018-12-20 10:30,146.23,949.68
2018-12-20 10:45,148.94,982.21
2018-12-20 11:00,155.17,989.86
2018-12-20 11:15,156.26,983
2018-12-20 11:30,163.16,976.53
2018-12-20 11:45,161.52,959.92
2018-12-20 12:00,163.54,968.86
2018-12-20 12:15,164.06,965.33
2018-12-20 12:30,69.61,945.47
2018-12-20 12:45,63.02,1009.44
2018-12-20 13:00,94.89,1030.71
2018-12-20 13:15,59.14,1005.95
2018-12-20 13:30,108.32,1044.08
2018-12-20 13:45,152.59,993.18
2018-12-20 14:00,138.67,985.61
2018-12-20 14:15,129.63,992.65
2018-12-20 14:30,124.87,996.86
2018-12-20 14:45,117.70,997.5
2018-12-20 15:00,99.42,981.49
2018-12-20 15:15,84.06,995.11
2018-12-20 15:30,72.05,1004.27
2018-12-20 15:45,54.99,1000.52
2018-12-20 16:00,45.97,988.6
2018-12-20 16:15,41.37,941.67
2018-12-20 16:30,27.82,898.91
2018-12-20 16:45,19.14,848.83
2018-12-20 17:00,11.48,819.38
2018-12-20 17:15,8.25,792.56
2018-12-20 17:30,4.31,787.22
2018-12-20 17:45,0.38,768.73
2018-12-20 18:00,0.02,768.26
2018-12-20 18:15,0.09,755.1
2018-12-20 18:30,0.08,738.89
2018-12-20 18:45,0.09,716.36
2018-12-20 19:00,0.02,701.16
2018-12-20 19:15,0.04,690.71
2018-12-20 19:30,0.05,657.89
2018-12-20 19:45,0.01,630.59
2018-12-20 20:00,0.07,621.93
2018-12-20 20:15,0.03,601.57
2018-12-20 20:30,0.02,581.38
2018-12-20 20:45,0.12,567.14
2018-12-20 21:00,0.04,561.84
2018-12-20 21:15,0.10,557.27
2018-12-20 21:30,0.02,549.4
2018-12-20 21:45,0.02,541.53
2018-12-20 22:00,0.05,540.61
2018-12-20 22:15,0.04,529.74
2018-12-20 22:30,0.02,531.61
2018-12-20 22:45,0.12,524.9
2018-12-20 23:00,0.03,523.45
2018-12-20 23:15,0.04,520.55
2018-12-20 23:30,0.01,516.64
2018-12-20 23:45,0.10,518.37
2018-12-21 00:00,0.07,520.19
2018-12-21 00:15,0.01,516.48
2018-12-21 00:30,0.05,514.64
2018-12-21 00:45,0.06,509.73
2018-12-21 01:00,0.10,505.94
2018-12-21 01:15,0.02,496.63
2018-12-21 01:30,0.00,493.6
2018-12-21 01:45,0.09,490.78
2018-12-21 02:00,0.04,492.81
2018-12-21 02:15,0.02,488.98
2018-12-21 02:30,0.04,495.9
2018-12-21 02:45,0.12,491.95
2018-12-21 03:00,0.09,488.37
2018-12-21 03:15,0.03,486.97
2018-12-21 03:30,0.06,483.94
2018-12-21 03:45,0.02,482.78
2018-12-21 04:00,0.01,478.92
2018-12-21 04:15,0.05,478.6
2018-12-21 04:30,0.09,471.18
2018-12-21 04:45,0.04,474.45
2018-12-21 05:00,0.00,475.78
2018-12-21 05:15,0.12,479.05
2018-12-21 05:30,0.12,479.37
2018-12-21 05:45,0.01,486.69
2018-12-21 06:00,0.00,498.1
2018-12-21 06:15,0.06,515.1
2018-12-21 06:30,0.15,536.69
2018-12-21 06:45,1.84,584.01
2018-12-21 07:00,6.74,604.46
2018-12-21 07:15,12.85,622.27
2018-12-21 07:30,21.84,668.25
2018-12-21 07:45,29.14,705.97
2018-12-21 08:00,43.94,784.74
2018-12-21 08:15,52.78,887.96
2018-12-21 08:30,67.98,954.47
2018-12-21 08:45,76.45,974.66
2018-12-21 09:00,86.94,991.5
2018-12-21 09:15,97.78,1014.35
2018-12-21 09:30,112.08,1026.98
2018-12-21 09:45,113.03,1003.58
2018-12-21 10:00,129.63,1013.98
2018-12-21 10:15,130.02,1017.08
2018-12-21 10:30,143.05,1010.11
2018-12-21 10:45,145.13,1024.5
2018-12-21 11:00,155.14,1012.95
2018-12-21 11:15,156.42,1019.18
2018-12-21 11:30,155.86,1020.87
2018-12-21 11:45,152.43,1029.64
2018-12-21 12:00,159.84,1002.81
2018-12-21 12:15,151.36,993.58
2018-12-21 12:30,149.19,985.47
2018-12-21 12:45,155.56,982.9
2018-12-21 13:00,153.14,963.49
2018-12-21 13:15,140.58,968.62
2018-12-21 13:30,145.31,965.79
2018-12-21 13:45,134.18,988.95
2018-12-21 14:00,128.54,994.79
2018-12-21 14:15,119.05,976.94
2018-12-21 14:30,118.89,982.65
2018-12-21 14:45,103.13,994.76
2018-12-21 15:00,97.61,988.47
2018-12-21 15:15,86.54,983.32
2018-12-21 15:30,79.10,983.82
2018-12-21 15:45,60.11,986.07
2018-12-21 16:00,55.34,974.08
2018-12-21 16:15,37.74,939.89
2018-12-21 16:30,27.34,924.72
2018-12-21 16:45,19.38,878.02
2018-12-21 17:00,11.93,848.8
2018-12-21 17:15,7.62,815
2018-12-21 17:30,2.67,792.4
2018-12-21 17:45,0.30,765.61
2018-12-21 18:00,0.05,744.34
2018-12-21 18:15,0.04,721.05
2018-12-21 18:30,0.07,693.57
2018-12-21 18:45,0.03,675.04
2018-12-21 19:00,0.07,647.78
2018-12-21 19:15,0.01,628.43
2018-12-21 19:30,0.08,610.09
2018-12-21 19:45,0.01,601.83
2018-12-21 20:00,0.09,578.04
2018-12-21 20:15,0.00,571.19
2018-12-21 20:30,0.07,561.48
2018-12-21 20:45,0.06,547.32
2018-12-21 21:00,0.12,539.59
2018-12-21 21:15,0.03,533.63
2018-12-21 21:30,0.01,534.18
2018-12-21 21:45,0.02,533.77
2018-12-21 22:00,0.04,534.63
2018-12-21 22:15,0.02,528.39
2018-12-21 22:30,0.04,530.72
2018-12-21 22:45,0.12,532.19
2018-12-21 23:00,0.02,546.4
2018-12-21 23:15,0.14,547.9
2018-12-21 23:30,0.02,548.76
2018-12-21 23:45,0.04,549.85
2018-12-22 00:00,0.02,541.14
2018-12-22 00:15,0.04,529.34
2018-12-22 00:30,0.02,527.8
2018-12-22 00:45,0.00,520.68
2018-12-22 01:00,0.04,525.32
2018-12-22 01:15,0.15,519.48
2018-12-22 01:30,0.09,509.94
2018-12-22 01:45,0.03,512.06
2018-12-22 02:00,0.02,506.03
2018-12-22 02:15,0.02,501.97
2018-12-22 02:30,0.03,500.21
2018-12-22 02:45,0.04,499.34
2018-12-22 03:00,0.02,494.27
2018-12-22 03:15,0.02,492.31
2018-12-22 03:30,0.11,493.15
2018-12-22 03:45,0.04,491.29
2018-12-22 04:00,0.01,494.69
2018-12-22 04:15,0.14,491.95
2018-12-22 04:30,0.02,484.45
2018-12-22 04:45,0.04,485.07
2018-12-22 05:00,0.01,481.26
2018-12-22 05:15,0.03,482.94
2018-12-22 05:30,0.04,490.65
2018-12-22 05:45,0.12,492.52
2018-12-22 06:00,0.02,495.81
2018-12-22 06:15,0.04,497.52
2018-12-22 06:30,0.09,512.87
2018-12-22 06:45,2.73,515.16
2018-12-22 07:00,6.86,515.58
2018-12-22 07:15,10.86,514.52
2018-12-22 07:30,14.96,523.08
2018-12-22 07:45,23.34,531.64
2018-12-22 08:00,37.20,550.88
2018-12-22 08:15,45.38,569.9
2018-12-22 08:30,61.45,575.25
2018-12-22 08:45,70.42,582.51
2018-12-22 09:00,77.75,596.93
2018-12-22 09:15,93.36,610.83
2018-12-22 09:30,103.50,610.94
2018-12-22 09:45,107.13,611.96
2018-12-22 10:00,115.10,609.28
2018-12-22 10:15,129.11,613.28
2018-12-22 10:30,140.46,614.44
2018-12-22 10:45,136.80,609.07
2018-12-22 11:00,135.98,596.64
2018-12-22 11:15,131.22,604.85
2018-12-22 11:30,130.38,617.98
2018-12-22 11:45,133.90,626.48
2018-12-22 12:00,150.05,605.77
2018-12-22 12:15,151.39,580.85
2018-12-22 12:30,138.31,589.32
2018-12-22 12:45,108.43,613.9
2018-12-22 13:00,121.05,618.8
2018-12-22 13:15,108.57,620.4
2018-12-22 13:30,92.92,631.72
2018-12-22 13:45,101.40,632.4
2018-12-22 14:00,59.98,635.6
2018-12-22 14:15,74.13,665.59
2018-12-22 14:30,88.54,628.93
2018-12-22 14:45,70.06,628.62
2018-12-22 15:00,72.21,617.4
2018-12-22 15:15,78.72,617.25
2018-12-22 15:30,78.49,620.4
2018-12-22 15:45,55.14,616.12
2018-12-22 16:00,50.08,613.17
2018-12-22 16:15,41.08,617.07
2018-12-22 16:30,32.41,604.36
2018-12-22 16:45,21.87,595.48
2018-12-22 17:00,14.18,593.66
2018-12-22 17:15,7.91,562.51
2018-12-22 17:30,4.34,546.16
2018-12-22 17:45,0.66,546.19
2018-12-22 18:00,0.17,556.46
2018-12-22 18:15,0.05,558.82
2018-12-22 18:30,0.01,555.67
2018-12-22 18:45,0.02,554.8
2018-12-22 19:00,0.05,545.67
2018-12-22 19:15,0.01,545.85
2018-12-22 19:30,0.07,539.77
2018-12-22 19:45,0.03,539.5
2018-12-22 20:00,0.01,541.92
2018-12-22 20:15,0.10,544.59
2018-12-22 20:30,0.02,537.85
2018-12-22 20:45,0.13,533.06
2018-12-22 21:00,0.02,529.9
2018-12-22 21:15,0.04,529.16
2018-12-22 21:30,0.02,524.93
2018-12-22 21:45,0.04,522.45
2018-12-22 22:00,0.01,530.05
2018-12-22 22:15,0.15,534.97
2018-12-22 22:30,0.02,530.93
2018-12-22 22:45,0.01,532.51
2018-12-22 23:00,0.04,536.3
2018-12-22 23:15,0.11,532.16
2018-12-22 23:30,0.02,536.27
2018-12-22 23:45,0.06,534.45
2018-12-23 00:00,0.06,531.84
2018-12-23 00:15,0.00,530.26
2018-12-23 00:30,0.09,523.13
2018-12-23 00:45,0.04,523.21
2018-12-23 01:00,0.02,518.06
2018-12-23 01:15,0.04,511.63
2018-12-23 01:30,0.04,500.94
2018-12-23 01:45,0.06,500.02
2018-12-23 02:00,0.08,494.45
2018-12-23 02:15,0.02,498.97
2018-12-23 02:30,0.14,495.82
2018-12-23 02:45,0.02,495.36
2018-12-23 03:00,0.06,493.97
2018-12-23 03:15,0.01,490.5
2018-12-23 03:30,0.01,488.08
2018-12-23 03:45,0.02,481.39
2018-12-23 04:00,0.09,481.07
2018-12-23 04:15,0.04,481.24
2018-12-23 04:30,0.00,478.76
2018-12-23 04:45,0.18,478.16
2018-12-23 05:00,0.06,474.58
2018-12-23 05:15,0.01,476.21
2018-12-23 05:30,0.05,475.08
2018-12-23 05:45,0.01,475.68
2018-12-23 06:00,0.02,478.53
2018-12-23 06:15,0.05,485.26
2018-12-23 06:30,0.22,491
2018-12-23 06:45,3.07,484.29
2018-12-23 07:00,7.85,489.57
2018-12-23 07:15,14.08,487.23
2018-12-23 07:30,22.10,480.6
2018-12-23 07:45,30.74,492.89
2018-12-23 08:00,42.57,494.05
2018-12-23 08:15,54.78,492.36
2018-12-23 08:30,68.65,527.92
2018-12-23 08:45,55.51,535.97
2018-12-23 09:00,44.96,534.9
2018-12-23 09:15,41.48,541.14
2018-12-23 09:30,51.80,538.4
2018-12-23 09:45,63.55,523.64
2018-12-23 10:00,80.65,524.61
2018-12-23 10:15,94.84,520.31
2018-12-23 10:30,86.36,519.87
2018-12-23 10:45,65.77,537.16
2018-12-23 11:00,76.22,549.98
2018-12-23 11:15,82.34,550.3
2018-12-23 11:30,99.02,540.66
2018-12-23 11:45,139.54,526.42
2018-12-23 12:00,139.65,504.16
2018-12-23 12:15,122.99,517.95
2018-12-23 12:30,147.67,507.05
2018-12-23 12:45,93.79,510.35
2018-12-23 13:00,139.32,538
2018-12-23 13:15,138.50,493.81
2018-12-23 13:30,129.28,487.9
2018-12-23 13:45,138.46,500.63
2018-12-23 14:00,127.49,497.66
2018-12-23 14:15,108.86,513.06
2018-12-23 14:30,106.26,516.63
2018-12-23 14:45,65.02,536.76
2018-12-23 15:00,45.90,582.19
2018-12-23 15:15,60.29,576.88
2018-12-23 15:30,64.40,545.16
2018-12-23 15:45,52.32,537.88
2018-12-23 16:00,38.90,545.43
2018-12-23 16:15,30.96,553.9
2018-12-23 16:30,25.48,560.37
2018-12-23 16:45,18.47,553.08
2018-12-23 17:00,13.01,543.84
2018-12-23 17:15,8.77,546.29
2018-12-23 17:30,3.58,545.71
2018-12-23 17:45,0.31,544.84
2018-12-23 18:00,0.02,558.01
2018-12-23 18:15,0.05,559.34
2018-12-23 18:30,0.02,553.46
2018-12-23 18:45,0.07,545.47
2018-12-23 19:00,0.04,539.92
2018-12-23 19:15,0.06,538.58
2018-12-23 19:30,0.07,542.29
2018-12-23 19:45,0.06,532.01
2018-12-23 20:00,0.02,530
2018-12-23 20:15,0.04,530.39
2018-12-23 20:30,0.06,522.5
2018-12-23 20:45,0.01,524.69
2018-12-23 21:00,0.06,524.21
2018-12-23 21:15,0.06,519.89
2018-12-23 21:30,0.04,523.37
2018-12-23 21:45,0.05,517.84
2018-12-23 22:00,0.07,521.79
2018-12-23 22:15,0.02,523.19
2018-12-23 22:30,0.04,520
2018-12-23 22:45,0.06,521.06
2018-12-23 23:00,0.10,523.97
2018-12-23 23:15,0.01,521.32
2018-12-23 23:30,0.03,519.74
2018-12-23 23:45,0.02,518.43
2018-12-24 00:00,0.06,520.71
2018-12-24 00:15,0.04,520.19
2018-12-24 00:30,0.02,520.95
2018-12-24 00:45,0.10,515.87
2018-12-24 01:00,0.01,514.89
2018-12-24 01:15,0.11,510.87
2018-12-24 01:30,0.07,504.31
2018-12-24 01:45,0.02,499.92
2018-12-24 02:00,0.01,503.5
2018-12-24 02:15,0.03,495.15
2018-12-24 02:30,0.06,491.55
2018-12-24 02:45,0.01,494
2018-12-24 03:00,0.06,488.26
2018-12-24 03:15,0.14,485.71
2018-12-24 03:30,0.04,476.87
2018-12-24 03:45,0.04,479.42
2018-12-24 04:00,0.03,476.28
2018-12-24 04:15,0.01,479.03
2018-12-24 04:30,0.07,474.53
2018-12-24 04:45,0.06,470.99
2018-12-24 05:00,0.00,472.36
2018-12-24 05:15,0.10,472.78
2018-12-24 05:30,0.02,477.24
2018-12-24 05:45,0.02,486.49
2018-12-24 06:00,0.10,504.89
2018-12-24 06:15,0.06,512.58
2018-12-24 06:30,0.81,547.42
2018-12-24 06:45,5.00,575.09
2018-12-24 07:00,11.16,595.96
2018-12-24 07:15,14.13,632.09
2018-12-24 07:30,18.05,649.12
2018-12-24 07:45,23.25,711
2018-12-24 08:00,33.99,775.92
2018-12-24 08:15,50.92,849.59
2018-12-24 08:30,72.16,889.1
2018-12-24 08:45,82.39,926.63
2018-12-24 09:00,98.36,949.26
2018-12-24 09:15,111.37,938.05
2018-12-24 09:30,113.12,956.73
2018-12-24 09:45,131.99,971.94
2018-12-24 10:00,142.78,975.78
2018-12-24 10:15,142.83,968.29
2018-12-24 10:30,155.81,972.89
2018-12-24 10:45,153.44,979.87
2018-12-24 11:00,165.11,984.49
2018-12-24 11:15,158.78,978.1
2018-12-24 11:30,180.70,968.41
2018-12-24 11:45,167.01,954.6
2018-12-24 12:00,172.21,964.49
2018-12-24 12:15,169.22,971.82
2018-12-24 12:30,175.45,951.49
2018-12-24 12:45,166.99,961.83
2018-12-24 13:00,143.70,968.68
2018-12-24 13:15,151.21,1008.76
2018-12-24 13:30,140.68,984.37
2018-12-24 13:45,92.88,1006.11
2018-12-24 14:00,108.22,1016.56
2018-12-24 14:15,119.93,1039.03
2018-12-24 14:30,131.46,1002.56
2018-12-24 14:45,108.04,989.57
2018-12-24 15:00,89.52,1002.63
2018-12-24 15:15,71.06,1008.69
2018-12-24 15:30,74.30,994.15
2018-12-24 15:45,57.16,1010.69
2018-12-24 16:00,57.64,1005.45
2018-12-24 16:15,44.11,960.2
2018-12-24 16:30,39.83,948.08
2018-12-24 16:45,21.98,898.27
2018-12-24 17:00,14.71,860.59
2018-12-24 17:15,6.82,840.62
2018-12-24 17:30,2.50,793.76
2018-12-24 17:45,0.08,770.13
2018-12-24 18:00,0.09,756.79
2018-12-24 18:15,0.02,757.82
2018-12-24 18:30,0.09,744.21
2018-12-24 18:45,0.07,726.61
2018-12-24 19:00,0.04,712.76
2018-12-24 19:15,0.02,697.75
2018-12-24 19:30,0.06,648.39
2018-12-24 19:45,0.02,639.39
2018-12-24 20:00,0.05,627.99
2018-12-24 20:15,0.02,607.85
2018-12-24 20:30,0.04,592.66
2018-12-24 20:45,0.17,583.75
2018-12-24 21:00,0.02,567.45
2018-12-24 21:15,0.07,560.96
2018-12-24 21:30,0.02,555.88
2018-12-24 21:45,0.04,546.67
2018-12-24 22:00,0.02,547.08
2018-12-24 22:15,0.04,543.26
2018-12-24 22:30,0.02,534.92
2018-12-24 22:45,0.10,538.53
2018-12-24 23:00,0.02,535.98
2018-12-24 23:15,0.14,535.43
2018-12-24 23:30,0.01,534.35
2018-12-24 23:45,0.03,527.27
2018-12-25 00:00,0.01,524.93
2018-12-25 00:15,0.09,519.97
2018-12-25 00:30,0.03,520.11
2018-12-25 00:45,0.09,512.47
2018-12-25 01:00,0.01,511.23
2018-12-25 01:15,0.02,510.03
2018-12-25 01:30,0.04,508.29
2018-12-25 01:45,0.07,502.73
2018-12-25 02:00,0.02,500.44
2018-12-25 02:15,0.10,496.92
2018-12-25 02:30,0.06,499.86
2018-12-25 02:45,0.07,497.19
2018-12-25 03:00,0.02,489.81
2018-12-25 03:15,0.06,488.47
2018-12-25 03:30,0.01,483.11
2018-12-25 03:45,0.04,481.65
2018-12-25 04:00,0.05,482.78
2018-12-25 04:15,0.02,480.94
2018-12-25 04:30,0.06,479.37
2018-12-25 04:45,0.12,478.68
2018-12-25 05:00,0.08,477.82
2018-12-25 05:15,0.02,482.31
2018-12-25 05:30,0.02,487.02
2018-12-25 05:45,0.01,489.15
2018-12-25 06:00,0.06,501.29
2018-12-25 06:15,0.02,512.14
2018-12-25 06:30,0.22,529.84
2018-12-25 06:45,3.46,570.09
2018-12-25 07:00,6.45,582.32
2018-12-25 07:15,17.37,610.4
2018-12-25 07:30,24.79,664.91
2018-12-25 07:45,34.45,738.07
2018-12-25 08:00,44.54,803.17
2018-12-25 08:15,50.37,879.91
2018-12-25 08:30,56.40,926.67
2018-12-25 08:45,60.62,945.25
2018-12-25 09:00,78.58,944.46
2018-12-25 09:15,92.43,944.78
2018-12-25 09:30,118.58,964.74
2018-12-25 09:45,127.22,954.84
2018-12-25 10:00,141.87,966.92
2018-12-25 10:15,141.28,962.58
2018-12-25 10:30,157.53,981.42
2018-12-25 10:45,157.57,969.79
2018-12-25 11:00,165.13,949.23
2018-12-25 11:15,160.11,968.44
2018-12-25 11:30,177.79,980.32
2018-12-25 11:45,173.44,976.45
2018-12-25 12:00,180.03,977.95
2018-12-25 12:15,66.34,965.7
2018-12-25 12:30,136.94,1014.31
2018-12-25 12:45,175.10,950.42
2018-12-25 13:00,130.30,927.83
2018-12-25 13:15,168.84,974.58
2018-12-25 13:30,169.56,946.7
2018-12-25 13:45,147.81,965.45
2018-12-25 14:00,143.97,968.37
2018-12-25 14:15,110.30,971.29
2018-12-25 14:30,107.83,995.21
2018-12-25 14:45,100.72,995.32
2018-12-25 15:00,92.75,1002.56
2018-12-25 15:15,73.33,991.6
2018-12-25 15:30,67.50,998.79
2018-12-25 15:45,54.43,977.89
2018-12-25 16:00,48.18,977.16
2018-12-25 16:15,39.62,948.02
2018-12-25 16:30,31.11,908.96
2018-12-25 16:45,21.11,865.88
2018-12-25 17:00,14.71,830.82
2018-12-25 17:15,7.33,794.53
2018-12-25 17:30,1.74,780.47
2018-12-25 17:45,0.48,760.6
2018-12-25 18:00,0.02,739.94
2018-12-25 18:15,0.02,735.66
2018-12-25 18:30,0.02,719.02
2018-12-25 18:45,0.02,684.02
2018-12-25 19:00,0.09,669.09
2018-12-25 19:15,0.02,650.36
2018-12-25 19:30,0.12,621.52
2018-12-25 19:45,0.02,607.95
2018-12-25 20:00,0.02,586.32
2018-12-25 20:15,0.04,572.32
2018-12-25 20:30,0.04,552.3
2018-12-25 20:45,0.01,538.87
2018-12-25 21:00,0.05,530.63
2018-12-25 21:15,0.06,530.11
2018-12-25 21:30,0.07,530.45
2018-12-25 21:45,0.08,527.18
2018-12-25 22:00,0.04,520.35
2018-12-25 22:15,0.01,519.58
2018-12-25 22:30,0.02,514.03
2018-12-25 22:45,0.02,513.11
2018-12-25 23:00,0.02,511.08
2018-12-25 23:15,0.06,507.14
2018-12-25 23:30,0.08,504.18
2018-12-25 23:45,0.06,505.03
2018-12-26 00:00,222.14,502.08
2018-12-26 00:15,0.04,504.65
2018-12-26 00:30,0.00,499.81
2018-12-26 00:45,0.06,497.29
2018-12-26 01:00,0.04,492.26
2018-12-26 01:15,0.02,490.63
2018-12-26 01:30,0.07,487.84
2018-12-26 01:45,0.02,485.02
2018-12-26 02:00,0.14,481.23
2018-12-26 02:15,0.06,482.29
2018-12-26 02:30,0.02,477.29
2018-12-26 02:45,0.04,480.61
2018-12-26 03:00,0.02,478.34
2018-12-26 03:15,0.01,478.97
2018-12-26 03:30,0.06,475.5
2018-12-26 03:45,0.10,474.78
2018-12-26 04:00,0.00,472.68
2018-12-26 04:15,0.02,475.74
2018-12-26 04:30,0.09,468.5
2018-12-26 04:45,0.03,469.45
2018-12-26 05:00,0.10,475.24
2018-12-26 05:15,0.04,466.31
2018-12-26 05:30,0.00,475.37
2018-12-26 05:45,0.02,479.24
2018-12-26 06:00,0.10,488.74
2018-12-26 06:15,0.01,510.31
2018-12-26 06:30,0.08,529.34
2018-12-26 06:45,1.56,568.53
2018-12-26 07:00,5.46,574.58
2018-12-26 07:15,13.64,592.25
2018-12-26 07:30,23.55,630.78
2018-12-26 07:45,30.60,674.86
2018-12-26 08:00,44.50,752.73
2018-12-26 08:15,56.45,838.59
2018-12-26 08:30,71.55,905.94
2018-12-26 08:45,80.33,940.83
2018-12-26 09:00,94.49,943.88
2018-12-26 09:15,98.32,950
2018-12-26 09:30,118.47,973.91
2018-12-26 09:45,126.34,981.16
2018-12-26 10:00,124.46,975.53
2018-12-26 10:15,137.35,982.73
2018-12-26 10:30,137.81,973.66
2018-12-26 10:45,114.70,984.82
2018-12-26 11:00,122.45,993.26
2018-12-26 11:15,119.58,1001.29
2018-12-26 11:30,126.75,973.65
2018-12-26 11:45,115.37,968.65
2018-12-26 12:00,137.78,954.34
2018-12-26 12:15,126.54,934.3
2018-12-26 12:30,138.13,920.73
2018-12-26 12:45,127.73,904.33
2018-12-26 13:00,127.20,909.1
2018-12-26 13:15,93.94,929.73
2018-12-26 13:30,94.50,950.78
2018-12-26 13:45,110.98,944.47
2018-12-26 14:00,126.82,935.88
2018-12-26 14:15,141.89,916.1
2018-12-26 14:30,143.62,897.52
2018-12-26 14:45,115.82,919.07
2018-12-26 15:00,86.58,923.02
2018-12-26 15:15,55.83,936.94
2018-12-26 15:30,50.19,934.09
2018-12-26 15:45,37.57,923.54
2018-12-26 16:00,31.14,908.93
2018-12-26 16:15,26.86,891.39
2018-12-26 16:30,25.34,870.3
2018-12-26 16:45,28.97,822.82
2018-12-26 17:00,19.23,778.11
2018-12-26 17:15,7.94,769.68
2018-12-26 17:30,4.28,754.19
2018-12-26 17:45,0.51,729.11
2018-12-26 18:00,0.03,711.74
2018-12-26 18:15,0.02,700.15
2018-12-26 18:30,0.02,689.46
2018-12-26 18:45,0.02,677.51
2018-12-26 19:00,0.10,665.44
2018-12-26 19:15,0.06,645.78
2018-12-26 19:30,0.11,630.06
2018-12-26 19:45,0.04,608.25
2018-12-26 20:00,0.01,598.53
2018-12-26 20:15,0.03,572.58
2018-12-26 20:30,0.07,552.87
2018-12-26 20:45,0.01,537.87
2018-12-26 21:00,0.01,533.26
2018-12-26 21:15,0.03,524.18
2018-12-26 21:30,0.20,522.43
2018-12-26 21:45,0.04,528.43
2018-12-26 22:00,0.06,528.97
2018-12-26 22:15,0.02,525.11
2018-12-26 22:30,0.01,525.87
2018-12-26 22:45,0.06,514.98
2018-12-26 23:00,0.00,504.85
2018-12-26 23:15,0.06,505.56
2018-12-26 23:30,0.09,506.68
2018-12-26 23:45,0.02,503.55
2018-12-27 00:00,0.05,504.45
2018-12-27 00:15,0.02,504.18
2018-12-27 00:30,0.12,493.13
2018-12-27 00:45,0.03,492.57
2018-12-27 01:00,0.06,482.89
2018-12-27 01:15,0.02,475.82
2018-12-27 01:30,0.01,475.74
2018-12-27 01:45,0.06,468.07
2018-12-27 02:00,0.09,478.28
2018-12-27 02:15,0.06,468.86
2018-12-27 02:30,0.00,473.2
2018-12-27 02:45,0.06,468.36
2018-12-27 03:00,0.09,474.32
2018-12-27 03:15,0.04,466.53
2018-12-27 03:30,0.05,464.37
2018-12-27 03:45,0.07,463.52
2018-12-27 04:00,0.02,458.55
2018-12-27 04:15,0.02,457.26
2018-12-27 04:30,0.04,455.68
2018-12-27 04:45,0.04,457.42
2018-12-27 05:00,0.09,464.65
2018-12-27 05:15,0.02,465.79
2018-12-27 05:30,0.04,465.86
2018-12-27 05:45,0.09,478.44
2018-12-27 06:00,0.08,495.52
2018-12-27 06:15,0.01,509.14
2018-12-27 06:30,0.14,526.32
2018-12-27 06:45,2.37,549.92
2018-12-27 07:00,7.44,558.42
2018-12-27 07:15,13.78,582.35
2018-12-27 07:30,23.43,613.22
2018-12-27 07:45,31.65,656.33
2018-12-27 08:00,46.62,709.58
2018-12-27 08:15,55.66,786.42
2018-12-27 08:30,76.02,830.5
2018-12-27 08:45,78.88,867.54
2018-12-27 09:00,94.84,884.3
2018-12-27 09:15,100.24,897.99
2018-12-27 09:30,119.30,891.2
2018-12-27 09:45,122.93,897.12
2018-12-27 10:00,135.90,887.83
2018-12-27 10:15,141.58,890.59
2018-12-27 10:30,150.43,884.62
2018-12-27 10:45,156.12,899.56
2018-12-27 11:00,159.42,888.33
2018-12-27 11:15,158.41,890.04
2018-12-27 11:30,171.75,879.75
2018-12-27 11:45,161.93,855.7
2018-12-27 12:00,171.15,865.51
2018-12-27 12:15,164.82,863.33
2018-12-27 12:30,173.07,859.69
2018-12-27 12:45,161.18,849.8
2018-12-27 13:00,165.78,875.64
2018-12-27 13:15,156.94,884.38
2018-12-27 13:30,158.59,937.57
2018-12-27 13:45,145.81,922.18
2018-12-27 14:00,141.04,921.73
2018-12-27 14:15,130.65,928.54
2018-12-27 14:30,124.42,932.65
2018-12-27 14:45,108.90,941
2018-12-27 15:00,106.91,936.97
2018-12-27 15:15,84.89,939.23
2018-12-27 15:30,83.02,945.38
2018-12-27 15:45,57.86,957.7
2018-12-27 16:00,50.53,941.67
2018-12-27 16:15,31.24,918.7
2018-12-27 16:30,27.39,875.88
2018-12-27 16:45,21.01,837.46
2018-12-27 17:00,13.10,800.09
2018-12-27 17:15,10.07,773.87
2018-12-27 17:30,6.86,739.61
2018-12-27 17:45,1.37,731.84
2018-12-27 18:00,0.07,714.65
2018-12-27 18:15,0.00,703.16
2018-12-27 18:30,0.02,692.71
2018-12-27 18:45,0.01,679.34
2018-12-27 19:00,0.13,675.36
2018-12-27 19:15,0.04,661.84
2018-12-27 19:30,0.01,630.75
2018-12-27 19:45,0.10,616.53
2018-12-27 20:00,0.08,595.11
2018-12-27 20:15,0.02,580.5
2018-12-27 20:30,0.04,558.04
2018-12-27 20:45,0.02,554.34
2018-12-27 21:00,0.03,551.55
2018-12-27 21:15,0.01,542.58
2018-12-27 21:30,0.04,535.63
2018-12-27 21:45,0.18,525.93
2018-12-27 22:00,0.04,525.93
2018-12-27 22:15,0.06,516.47
2018-12-27 22:30,0.04,524.84
2018-12-27 22:45,0.02,517.35
2018-12-27 23:00,0.01,514.84
2018-12-27 23:15,0.07,516.5
2018-12-27 23:30,0.01,517.6
2018-12-27 23:45,0.10,511.61
2018-12-28 00:00,0.02,499.31
2018-12-28 00:15,0.01,499.11
2018-12-28 00:30,0.14,501.15
2018-12-28 00:45,0.07,498.13
2018-12-28 01:00,0.02,495.42
2018-12-28 01:15,0.01,496.61
2018-12-28 01:30,0.02,484.34
2018-12-28 01:45,0.04,486
2018-12-28 02:00,0.12,476.11
2018-12-28 02:15,0.00,483.15
2018-12-28 02:30,0.04,481.39
2018-12-28 02:45,0.02,486.45
2018-12-28 03:00,0.14,478.9
2018-12-28 03:15,0.03,477.05
2018-12-28 03:30,0.06,473.49
2018-12-28 03:45,0.02,472.76
2018-12-28 04:00,0.09,467.28
2018-12-28 04:15,0.02,471.92
2018-12-28 04:30,0.02,466.73
2018-12-28 04:45,0.02,468.13
2018-12-28 05:00,0.05,470.21
2018-12-28 05:15,0.04,472.11
2018-12-28 05:30,0.07,477.95
2018-12-28 05:45,0.08,483.4
2018-12-28 06:00,0.02,498.32
2018-12-28 06:15,0.07,505.23
2018-12-28 06:30,0.07,527.87
2018-12-28 06:45,0.22,554.84
2018-12-28 07:00,2.67,566.29
2018-12-28 07:15,6.50,583.79
2018-12-28 07:30,7.11,624.64
2018-12-28 07:45,23.48,677.49
2018-12-28 08:00,30.76,733.63
2018-12-28 08:15,33.14,799.29
2018-12-28 08:30,40.29,841.74
2018-12-28 08:45,52.47,875.15
2018-12-28 09:00,56.50,885.31
2018-12-28 09:15,78.58,889.06
2018-12-28 09:30,83.28,880.15
2018-12-28 09:45,116.54,887.43
2018-12-28 10:00,125.34,877.85
2018-12-28 10:15,123.94,875.22
2018-12-28 10:30,115.07,893.52
2018-12-28 10:45,130.26,900.28
2018-12-28 11:00,141.31,894.85
2018-12-28 11:15,139.46,887.39
2018-12-28 11:30,146.86,876.75
2018-12-28 11:45,145.02,880.09
2018-12-28 12:00,148.58,887.62
2018-12-28 12:15,150.39,871.78
2018-12-28 12:30,154.78,870.73
2018-12-28 12:45,137.30,849.49
2018-12-28 13:00,139.50,871.09
2018-12-28 13:15,150.25,875.12
2018-12-28 13:30,153.18,871.38
2018-12-28 13:45,136.59,882.73
2018-12-28 14:00,132.55,892.6
2018-12-28 14:15,119.14,900.75
2018-12-28 14:30,116.89,892.02
2018-12-28 14:45,101.00,894.67
2018-12-28 15:00,92.31,902.22
2018-12-28 15:15,76.98,883.72
2018-12-28 15:30,72.03,881.75
2018-12-28 15:45,58.38,881.99
2018-12-28 16:00,41.93,866.22
2018-12-28 16:15,34.46,836.51
2018-12-28 16:30,24.21,814.54
2018-12-28 16:45,16.57,772.1
2018-12-28 17:00,9.26,727.03
2018-12-28 17:15,1.82,712.13
2018-12-28 17:30,0.18,694.78
2018-12-28 17:45,0.00,690.07
2018-12-28 18:00,0.15,664.67
2018-12-28 18:15,0.02,665.26
2018-12-28 18:30,0.03,651.47
2018-12-28 18:45,0.07,653.64
2018-12-28 19:00,0.02,644.35
2018-12-28 19:15,0.06,630.46
2018-12-28 19:30,0.02,623.69
2018-12-28 19:45,0.01,593.4
2018-12-28 20:00,0.09,583.96
2018-12-28 20:15,0.05,572.03
2018-12-28 20:30,0.04,553.19
2018-12-28 20:45,0.09,541.71
2018-12-28 21:00,0.04,527.1
2018-12-28 21:15,0.03,526.11
2018-12-28 21:30,0.07,524.08
2018-12-28 21:45,0.04,517.71
2018-12-28 22:00,0.06,513.71
2018-12-28 22:15,0.04,514.02
2018-12-28 22:30,0.04,509.94
2018-12-28 22:45,0.01,516.6
2018-12-28 23:00,0.03,516.35
2018-12-28 23:15,0.07,512.52
2018-12-28 23:30,0.09,517.35
2018-12-28 23:45,0.02,507.71
2018-12-29 00:00,0.10,515.23
2018-12-29 00:15,0.04,498.69
2018-12-29 00:30,0.04,498.94
2018-12-29 00:45,0.03,499.44
2018-12-29 01:00,0.02,496.29
2018-12-29 01:15,0.02,495.24
2018-12-29 01:30,0.00,482.23
2018-12-29 01:45,0.07,479.31
2018-12-29 02:00,0.06,477.21
2018-12-29 02:15,0.15,476.34
2018-12-29 02:30,0.03,479.82
2018-12-29 02:45,0.02,478.34
2018-12-29 03:00,0.02,483.63
2018-12-29 03:15,0.03,474.23
2018-12-29 03:30,0.06,473.84
2018-12-29 03:45,0.01,474.18
2018-12-29 04:00,0.05,472.55
2018-12-29 04:15,0.06,470.7
2018-12-29 04:30,0.07,466.28
2018-12-29 04:45,0.01,469.15
2018-12-29 05:00,0.11,468.95
2018-12-29 05:15,0.07,468.92
2018-12-29 05:30,0.02,474.24
2018-12-29 05:45,0.00,469.57
2018-12-29 06:00,0.04,476.24
2018-12-29 06:15,0.06,480.58
2018-12-29 06:30,0.46,486.23
2018-12-29 06:45,3.63,485.79
2018-12-29 07:00,6.10,485.97
2018-12-29 07:15,8.82,481.97
2018-12-29 07:30,16.52,473.02
2018-12-29 07:45,20.97,462.53
2018-12-29 08:00,26.32,470.55
2018-12-29 08:15,31.26,463.08
2018-12-29 08:30,48.87,477.36
2018-12-29 08:45,58.12,476.7
2018-12-29 09:00,66.99,472.66
2018-12-29 09:15,76.90,467.21
2018-12-29 09:30,68.27,465.95
2018-12-29 09:45,49.05,485.5
2018-12-29 10:00,71.59,497.16
2018-12-29 10:15,117.82,474.42
2018-12-29 10:30,138.83,435.07
2018-12-29 10:45,154.35,436.57
2018-12-29 11:00,133.20,412.86
2018-12-29 11:15,67.70,458.33
2018-12-29 11:30,68.95,487.19
2018-12-29 11:45,88.66,490.92
2018-12-29 12:00,89.44,463.13
2018-12-29 12:15,61.94,464.57
2018-12-29 12:30,59.25,490.5
2018-12-29 12:45,57.15,479.99
2018-12-29 13:00,54.26,490.53
2018-12-29 13:15,128.66,495.42
2018-12-29 13:30,125.26,428.57
2018-12-29 13:45,62.70,467.39
2018-12-29 14:00,161.30,472.05
2018-12-29 14:15,134.76,412.07
2018-12-29 14:30,68.16,440.6
2018-12-29 14:45,61.44,497.05
2018-12-29 15:00,82.18,469.84
2018-12-29 15:15,35.28,484.6
2018-12-29 15:30,33.89,502.73
2018-12-29 15:45,59.92,501.52
2018-12-29 16:00,61.26,478.6
2018-12-29 16:15,41.06,484.21
2018-12-29 16:30,38.67,491.39
2018-12-29 16:45,15.03,499.79
2018-12-29 17:00,15.70,505.82
2018-12-29 17:15,6.32,493.36
2018-12-29 17:30,2.52,504.97
2018-12-29 17:45,0.47,505.56
2018-12-29 18:00,0.04,503.87
2018-12-29 18:15,0.07,515.85
2018-12-29 18:30,0.03,518.29
2018-12-29 18:45,0.07,513.5
2018-12-29 19:00,0.01,510.63
2018-12-29 19:15,0.00,514.16
2018-12-29 19:30,0.10,507.66
2018-12-29 19:45,0.09,509.26
2018-12-29 20:00,0.02,504.26
2018-12-29 20:15,0.08,497.45
2018-12-29 20:30,0.02,495.76
2018-12-29 20:45,0.01,497.05
2018-12-29 21:00,0.08,492.77
2018-12-29 21:15,0.06,487.37
2018-12-29 21:30,0.01,490.82
2018-12-29 21:45,0.03,482.68
2018-12-29 22:00,0.04,476.99
2018-12-29 22:15,0.04,482.74
2018-12-29 22:30,0.17,477.05
2018-12-29 22:45,0.02,480.58
2018-12-29 23:00,0.01,477.65
2018-12-29 23:15,0.06,480.4
2018-12-29 23:30,0.02,485.87
2018-12-29 23:45,0.01,482.28
2018-12-30 00:00,0.07,475.89
2018-12-30 00:15,0.06,468.91
2018-12-30 00:30,0.10,477.5
2018-12-30 00:45,0.01,470.23
2018-12-30 01:00,0.01,464.7
2018-12-30 01:15,0.10,458.18
2018-12-30 01:30,0.06,455.21
2018-12-30 01:45,0.02,459.78
2018-12-30 02:00,0.02,456.94
2018-12-30 02:15,0.02,459.6
2018-12-30 02:30,0.06,455.76
2018-12-30 02:45,0.11,455.23
2018-12-30 03:00,0.06,449.1
2018-12-30 03:15,0.02,452.25
2018-12-30 03:30,0.01,444.34
2018-12-30 03:45,0.03,442.28
2018-12-30 04:00,0.04,433.62
2018-12-30 04:15,0.07,435.94
2018-12-30 04:30,0.03,432.33
2018-12-30 04:45,0.04,438.91
2018-12-30 05:00,0.12,435.63
2018-12-30 05:15,0.02,434.7
2018-12-30 05:30,0.06,436.52
2018-12-30 05:45,0.01,434.68
2018-12-30 06:00,0.07,442.18
2018-12-30 06:15,0.03,444.84
2018-12-30 06:30,0.01,443.87
2018-12-30 06:45,2.00,444.15
2018-12-30 07:00,8.91,428.04
2018-12-30 07:15,20.32,420.34
2018-12-30 07:30,22.78,407.51
2018-12-30 07:45,24.75,416.2
2018-12-30 08:00,33.15,412.33
2018-12-30 08:15,58.71,407.59
2018-12-30 08:30,60.86,401.49
2018-12-30 08:45,84.04,394.49
2018-12-30 09:00,98.24,381.56
2018-12-30 09:15,94.42,379.96
2018-12-30 09:30,102.81,374.59
2018-12-30 09:45,117.99,381.46
2018-12-30 10:00,142.06,363.36
2018-12-30 10:15,159.73,348.64
2018-12-30 10:30,165.82,346.83
2018-12-30 10:45,105.88,348.49
2018-12-30 11:00,151.60,393.27
2018-12-30 11:15,134.06,354.4
2018-12-30 11:30,111.80,369.86
2018-12-30 11:45,108.82,394.02
2018-12-30 12:00,76.26,400.91
2018-12-30 12:15,87.63,416.89
2018-12-30 12:30,121.42,411.01
2018-12-30 12:45,143.66,384.57
2018-12-30 13:00,166.95,361.38
2018-12-30 13:15,123.04,349.11
2018-12-30 13:30,126.45,373.86
2018-12-30 13:45,116.95,381.51
2018-12-30 14:00,99.00,387.88
2018-12-30 14:15,83.96,395.7
2018-12-30 14:30,61.26,419.09
2018-12-30 14:45,50.57,427.28
2018-12-30 15:00,45.51,421.7
2018-12-30 15:15,38.59,438.76
2018-12-30 15:30,47.45,436.29
2018-12-30 15:45,73.39,415.83
2018-12-30 16:00,59.15,398.94
2018-12-30 16:15,39.36,419.81
2018-12-30 16:30,44.97,425.09
2018-12-30 16:45,30.36,428.68
2018-12-30 17:00,19.36,435.62
2018-12-30 17:15,11.58,445.81
2018-12-30 17:30,4.33,454.54
2018-12-30 17:45,0.97,453.83
2018-12-30 18:00,0.07,452.34
2018-12-30 18:15,0.06,472.31
2018-12-30 18:30,0.00,473.41
2018-12-30 18:45,0.06,468.95
2018-12-30 19:00,0.01,472.08
2018-12-30 19:15,0.06,472.99
2018-12-30 19:30,0.02,471.12
2018-12-30 19:45,0.09,464.94
2018-12-30 20:00,0.06,471.02
2018-12-30 20:15,0.05,464.16
2018-12-30 20:30,0.02,468.16
2018-12-30 20:45,0.09,462.76
2018-12-30 21:00,0.03,461.6
2018-12-30 21:15,0.01,462.81
2018-12-30 21:30,0.04,461.81
2018-12-30 21:45,0.06,458.12
2018-12-30 22:00,0.10,457.97
2018-12-30 22:15,0.01,457.49
2018-12-30 22:30,0.06,450.84
2018-12-30 22:45,0.02,449.97
2018-12-30 23:00,0.02,449.75
2018-12-30 23:15,0.07,448.92
2018-12-30 23:30,0.10,451.07
2018-12-30 23:45,0.04,447.57
2018-12-31 00:00,0.07,446
2018-12-31 00:15,0.04,440.99
2018-12-31 00:30,0.00,438.7
2018-12-31 00:45,0.06,435.26
2018-12-31 01:00,0.07,433.54
2018-12-31 01:15,0.00,435.65
2018-12-31 01:30,0.02,438.07
2018-12-31 01:45,0.07,434.47
2018-12-31 02:00,0.02,432.31
2018-12-31 02:15,0.17,435.17
2018-12-31 02:30,0.06,433.42
2018-12-31 02:45,0.01,436.12
2018-12-31 03:00,0.02,440.88
2018-12-31 03:15,0.01,434.33
2018-12-31 03:30,0.09,427.97
2018-12-31 03:45,0.07,428.55
2018-12-31 04:00,0.02,425.23
2018-12-31 04:15,0.02,426.15
2018-12-31 04:30,0.09,419.7
2018-12-31 04:45,0.02,416.52
2018-12-31 05:00,0.09,420.86
2018-12-31 05:15,0.07,426.71
2018-12-31 05:30,0.01,424.78
2018-12-31 05:45,0.03,422.96
2018-12-31 06:00,0.07,427.6
2018-12-31 06:15,0.04,434.97
2018-12-31 06:30,0.13,437.76
2018-12-31 06:45,2.44,434.75
2018-12-31 07:00,7.80,432.09
2018-12-31 07:15,15.08,432.38
2018-12-31 07:30,26.01,417.47
2018-12-31 07:45,36.32,408.57
2018-12-31 08:00,53.11,400.83
2018-12-31 08:15,63.69,390.48
2018-12-31 08:30,81.28,386.67
2018-12-31 08:45,92.00,379.38
2018-12-31 09:00,100.57,372.41
2018-12-31 09:15,122.82,365.48
2018-12-31 09:30,134.01,352.69
2018-12-31 09:45,133.26,347.56
2018-12-31 10:00,147.08,340.74
2018-12-31 10:15,159.56,337.35
2018-12-31 10:30,138.52,336.14
2018-12-31 10:45,190.51,327.69
2018-12-31 11:00,172.08,323.91
2018-12-31 11:15,178.39,319.56
2018-12-31 11:30,187.05,312.61
2018-12-31 11:45,171.27,324.88
2018-12-31 12:00,184.12,325.32
2018-12-31 12:15,178.18,325.72
2018-12-31 12:30,186.67,322.17
2018-12-31 12:45,179.34,322.82
2018-12-31 13:00,180.80,322.83
2018-12-31 13:15,173.84,327.91
2018-12-31 13:30,163.64,325.4
2018-12-31 13:45,177.07,336.95
2018-12-31 14:00,159.94,347.07
2018-12-31 14:15,148.21,350.54
2018-12-31 14:30,140.61,354.38
2018-12-31 14:45,130.26,358.53
2018-12-31 15:00,110.46,370.07
2018-12-31 15:15,119.34,373.61
2018-12-31 15:30,102.10,382.41
2018-12-31 15:45,81.09,397.38
2018-12-31 16:00,66.10,404.85
2018-12-31 16:15,58.53,414.36
2018-12-31 16:30,45.59,422.18
2018-12-31 16:45,29.18,435.62
2018-12-31 17:00,20.71,448.94
2018-12-31 17:15,13.23,446.91
2018-12-31 17:30,5.80,451.5
2018-12-31 17:45,1.02,463.79
2018-12-31 18:00,0.01,474.66
2018-12-31 18:15,0.12,492.39
2018-12-31 18:30,0.03,480.92
2018-12-31 18:45,0.02,479.61
2018-12-31 19:00,0.01,473.94
2018-12-31 19:15,0.04,465.5
2018-12-31 19:30,0.02,457.7
2018-12-31 19:45,0.04,455.95
2018-12-31 20:00,0.07,454.78
2018-12-31 20:15,0.11,452.62
2018-12-31 20:30,0.09,456.58
2018-12-31 20:45,0.02,454.23
2018-12-31 21:00,0.00,451.41
2018-12-31 21:15,0.04,452.71
2018-12-31 21:30,0.04,451.7
2018-12-31 21:45,0.04,452.16
2018-12-31 22:00,0.00,446.65
2018-12-31 22:15,0.04,447.18
2018-12-31 22:30,0.15,442.41
2018-12-31 22:45,0.02,444.2
2018-12-31 23:00,0.06,442.92
2018-12-31 23:15,0.07,445.91
2018-12-31 23:30,0.03,442.62
2018-12-31 23:45,0.01,442.67
2019-01-01 00:00,0.04,436.31
