2018-10-01 00:15,0.06,541.22
2018-10-01 00:30,0.02,542.05
2018-10-01 00:45,0.02,543.42
2018-10-01 01:00,0.02,533.8
2018-10-01 01:15,0.10,523.06
2018-10-01 01:30,0.14,521.42
2018-10-01 01:45,0.01,514.76
2018-10-01 02:00,0.02,512.19
2018-10-01 02:15,0.04,509.89
2018-10-01 02:30,0.06,507.66
2018-10-01 02:45,0.02,505.53
2018-10-01 03:00,0.02,505.56
2018-10-01 03:15,0.04,505.95
2018-10-01 03:30,0.06,507.44
2018-10-01 03:45,0.11,499.76
2018-10-01 04:00,0.06,500.05
2018-10-01 04:15,0.01,502.19
2018-10-01 04:30,0.08,490.37
2018-10-01 04:45,0.02,489.68
2018-10-01 05:00,0.04,491.47
2018-10-01 05:15,0.04,495.63
2018-10-01 05:30,0.02,503.06
2018-10-01 05:45,0.05,519.22
2018-10-01 06:00,0.18,527.72
2018-10-01 06:15,2.08,530.5
2018-10-01 06:30,6.36,553.67
2018-10-01 06:45,14.01,611.41
2018-10-01 07:00,26.62,636.78
2018-10-01 07:15,31.34,671.6
2018-10-01 07:30,64.93,708.68
2018-10-01 07:45,75.82,809.46
2018-10-01 08:00,79.49,899.09
2018-10-01 08:15,61.15,991.49
2018-10-01 08:30,105.24,1072.53
2018-10-01 08:45,120.89,1115.88
2018-10-01 09:00,109.71,1149.06
2018-10-01 09:15,145.99,1172.17
2018-10-01 09:30,151.30,1161.75
2018-10-01 09:45,138.38,1180.26
2018-10-01 10:00,158.74,1197.02
2018-10-01 10:15,158.41,1200.42
2018-10-01 10:30,153.70,1197.67
2018-10-01 10:45,136.85,1187.73
2018-10-01 11:00,142.57,1194.89
2018-10-01 11:15,107.98,1218.47
2018-10-01 11:30,154.90,1225.13
2018-10-01 11:45,105.96,1201.94
2018-10-01 12:00,79.11,1239.63
2018-10-01 12:15,129.19,1255.05
2018-10-01 12:30,149.50,1208.46
2018-10-01 12:45,124.65,1181.07
2018-10-01 13:00,80.15,1239.86
2018-10-01 13:15,112.31,1252.19
2018-10-01 13:30,88.98,1285.95
2018-10-01 13:45,60.23,1279.84
2018-10-01 14:00,58.52,1317.35
2018-10-01 14:15,65.27,1314.03
2018-10-01 14:30,70.62,1305.27
2018-10-01 14:45,73.38,1305.26
2018-10-01 15:00,37.09,1293.55
2018-10-01 15:15,29.92,1293.06
2018-10-01 15:30,35.76,1251.36
2018-10-01 15:45,28.02,1229.81
2018-10-01 16:00,24.58,1205.12
2018-10-01 16:15,23.13,1156.76
2018-10-01 16:30,20.26,1114.74
2018-10-01 16:45,15.60,1040.05
2018-10-01 17:00,11.82,991.19
2018-10-01 17:15,8.30,948.13
2018-10-01 17:30,4.51,913.43
2018-10-01 17:45,1.95,895.09
2018-10-01 18:00,0.10,876.22
2018-10-01 18:15,0.02,879.98
2018-10-01 18:30,0.10,838.58
2018-10-01 18:45,0.08,823.17
2018-10-01 19:00,0.04,800.84
2018-10-01 19:15,0.02,762.82
2018-10-01 19:30,0.05,746.44
2018-10-01 19:45,0.02,722.03
2018-10-01 20:00,0.01,689.41
2018-10-01 20:15,0.09,660.78
2018-10-01 20:30,0.10,637.41
2018-10-01 20:45,0.02,614.22
2018-10-01 21:00,0.02,595.07
2018-10-01 21:15,0.05,589.64
2018-10-01 21:30,0.04,588.8
2018-10-01 21:45,0.07,588.41
2018-10-01 22:00,0.03,576.12
2018-10-01 22:15,0.02,570.71
2018-10-01 22:30,0.10,571
2018-10-01 22:45,0.02,572.59
2018-10-01 23:00,0.05,565.5
2018-10-01 23:15,0.08,562.45
2018-10-01 23:30,0.02,568.96
2018-10-01 23:45,0.05,561.95
2018-10-02 00:00,0.02,558.11
2018-10-02 00:15,0.02,548.84
2018-10-02 00:30,0.09,560.95
2018-10-02 00:45,0.10,554.98
2018-10-02 01:00,0.02,552.42
2018-10-02 01:15,0.03,545.17
2018-10-02 01:30,0.03,535.09
2018-10-02 01:45,0.06,536.35
2018-10-02 02:00,0.01,530.85
2018-10-02 02:15,0.10,526.74
2018-10-02 02:30,0.01,524.9
2018-10-02 02:45,0.10,528.3
2018-10-02 03:00,0.02,524
2018-10-02 03:15,0.06,516.39
2018-10-02 03:30,0.03,506.02
2018-10-02 03:45,0.04,500.53
2018-10-02 04:00,0.02,501.5
2018-10-02 04:15,0.05,501.95
2018-10-02 04:30,0.01,499.63
2018-10-02 04:45,0.15,501.66
2018-10-02 05:00,0.02,499.86
2018-10-02 05:15,0.06,507.89
2018-10-02 05:30,0.03,517.21
2018-10-02 05:45,0.00,525.29
2018-10-02 06:00,0.29,529.72
2018-10-02 06:15,4.43,533.39
2018-10-02 06:30,11.31,559.03
2018-10-02 06:45,15.77,615.93
2018-10-02 07:00,17.16,637.44
2018-10-02 07:15,25.79,666.78
2018-10-02 07:30,37.92,719.97
2018-10-02 07:45,55.26,783.21
2018-10-02 08:00,42.90,883.25
2018-10-02 08:15,45.32,1024.98
2018-10-02 08:30,70.61,1113.75
2018-10-02 08:45,63.56,1175.68
2018-10-02 09:00,56.16,1216.55
2018-10-02 09:15,78.30,1206.37
2018-10-02 09:30,73.35,1220.23
2018-10-02 09:45,146.30,1239.5
2018-10-02 10:00,146.04,1205.2
2018-10-02 10:15,117.55,1211.66
2018-10-02 10:30,115.31,1254.53
2018-10-02 10:45,157.38,1233.03
2018-10-02 11:00,126.83,1203.41
2018-10-02 11:15,194.58,1229.41
2018-10-02 11:30,197.08,1186.68
2018-10-02 11:45,133.63,1201.34
2018-10-02 12:00,96.60,1230.39
2018-10-02 12:15,88.71,1255.37
2018-10-02 12:30,61.34,1237.58
2018-10-02 12:45,100.24,1242.05
2018-10-02 13:00,128.50,1212
2018-10-02 13:15,86.94,1217.24
2018-10-02 13:30,57.53,1254.63
2018-10-02 13:45,70.41,1281.58
2018-10-02 14:00,90.38,1247.71
2018-10-02 14:15,23.25,1250.24
2018-10-02 14:30,22.37,1272.6
2018-10-02 14:45,19.45,1211.65
2018-10-02 15:00,12.52,1193.58
2018-10-02 15:15,9.53,1160.02
2018-10-02 15:30,9.90,1145.43
2018-10-02 15:45,9.27,1121.07
2018-10-02 16:00,9.98,1083.29
2018-10-02 16:15,11.77,1019.95
2018-10-02 16:30,17.85,975.2
2018-10-02 16:45,9.06,907.78
2018-10-02 17:00,5.93,874.72
2018-10-02 17:15,4.49,849.46
2018-10-02 17:30,2.34,830.88
2018-10-02 17:45,1.02,809.59
2018-10-02 18:00,0.05,780.11
2018-10-02 18:15,0.03,766.1
2018-10-02 18:30,0.08,758.98
2018-10-02 18:45,0.04,737.34
2018-10-02 19:00,0.01,710.79
2018-10-02 19:15,0.02,696.81
2018-10-02 19:30,0.05,671.73
2018-10-02 19:45,0.10,668.38
2018-10-02 20:00,0.06,642.1
2018-10-02 20:15,0.03,622.57
2018-10-02 20:30,0.03,594.83
2018-10-02 20:45,0.05,571.77
2018-10-02 21:00,0.03,569.11
2018-10-02 21:15,0.02,561.5
2018-10-02 21:30,0.08,559.66
2018-10-02 21:45,0.09,555.58
2018-10-02 22:00,0.02,561.88
2018-10-02 22:15,0.05,555.24
2018-10-02 22:30,0.01,557.74
2018-10-02 22:45,0.02,551.93
2018-10-02 23:00,0.08,547.22
2018-10-02 23:15,0.07,552.35
2018-10-02 23:30,0.02,543.69
2018-10-02 23:45,0.01,542.4
2018-10-03 00:00,0.10,539.13
2018-10-03 00:15,0.05,540.48
2018-10-03 00:30,0.06,529.32
2018-10-03 00:45,0.03,522.87
2018-10-03 01:00,0.01,523.95
2018-10-03 01:15,0.04,525.72
2018-10-03 01:30,0.01,527.63
2018-10-03 01:45,0.10,521.14
2018-10-03 02:00,0.12,515.97
2018-10-03 02:15,0.04,519.03
2018-10-03 02:30,0.02,518.76
2018-10-03 02:45,0.01,512.93
2018-10-03 03:00,0.04,507.81
2018-10-03 03:15,0.10,505.77
2018-10-03 03:30,0.02,495.48
2018-10-03 03:45,0.01,492.27
2018-10-03 04:00,0.02,493.37
2018-10-03 04:15,0.14,494.31
2018-10-03 04:30,0.05,486.9
2018-10-03 04:45,0.05,492.86
2018-10-03 05:00,0.03,493.82
2018-10-03 05:15,0.01,497.08
2018-10-03 05:30,0.04,508.27
2018-10-03 05:45,0.03,514.48
2018-10-03 06:00,0.24,524.98
2018-10-03 06:15,4.11,525.01
2018-10-03 06:30,11.42,533.66
2018-10-03 06:45,16.50,583.35
2018-10-03 07:00,28.02,611.93
2018-10-03 07:15,42.34,653.85
2018-10-03 07:30,60.58,705.39
2018-10-03 07:45,72.62,767.16
2018-10-03 08:00,85.28,853.7
2018-10-03 08:15,102.66,964.44
2018-10-03 08:30,114.42,1023.39
2018-10-03 08:45,120.90,1045.11
2018-10-03 09:00,141.29,1077.9
2018-10-03 09:15,155.87,1075
2018-10-03 09:30,152.99,1065.9
2018-10-03 09:45,173.48,1067.74
2018-10-03 10:00,185.50,1071.51
2018-10-03 10:15,171.86,1101.91
2018-10-03 10:30,180.67,1111.74
2018-10-03 10:45,186.75,1118.72
2018-10-03 11:00,159.73,1096.66
2018-10-03 11:15,119.02,1124.46
2018-10-03 11:30,80.68,1149.51
2018-10-03 11:45,116.00,1179.23
2018-10-03 12:00,105.00,1125.09
2018-10-03 12:15,160.25,1120.43
2018-10-03 12:30,138.90,1070.14
2018-10-03 12:45,182.70,1120.61
2018-10-03 13:00,181.73,1092.03
2018-10-03 13:15,153.00,1112.75
2018-10-03 13:30,172.25,1148.04
2018-10-03 13:45,106.79,1114.25
2018-10-03 14:00,157.90,1181.76
2018-10-03 14:15,113.99,1155.99
2018-10-03 14:30,92.81,1167.96
2018-10-03 14:45,68.57,1172.44
2018-10-03 15:00,107.17,1156.23
2018-10-03 15:15,120.30,1105.9
2018-10-03 15:30,84.55,1084.66
2018-10-03 15:45,51.96,1104.04
2018-10-03 16:00,64.29,1080.06
2018-10-03 16:15,21.91,1050.55
2018-10-03 16:30,16.19,1036.22
2018-10-03 16:45,7.39,982.08
2018-10-03 17:00,6.59,936.39
2018-10-03 17:15,5.49,901.39
2018-10-03 17:30,4.41,878.2
2018-10-03 17:45,1.89,852.25
2018-10-03 18:00,0.09,842.35
2018-10-03 18:15,0.03,823.56
2018-10-03 18:30,0.09,777.56
2018-10-03 18:45,0.01,775.11
2018-10-03 19:00,0.08,757.73
2018-10-03 19:15,0.06,719.07
2018-10-03 19:30,0.03,695.05
2018-10-03 19:45,0.03,682.88
2018-10-03 20:00,0.04,647.33
2018-10-03 20:15,0.04,632.52
2018-10-03 20:30,0.04,615.49
2018-10-03 20:45,0.10,598.8
2018-10-03 21:00,0.04,598.59
2018-10-03 21:15,0.02,594.01
2018-10-03 21:30,0.02,581.35
2018-10-03 21:45,0.10,570.46
2018-10-03 22:00,0.04,574.61
2018-10-03 22:15,0.03,568
2018-10-03 22:30,0.02,570.8
2018-10-03 22:45,0.07,572.01
2018-10-03 23:00,0.09,563.61
2018-10-03 23:15,0.03,556.34
2018-10-03 23:30,0.03,559.43
2018-10-03 23:45,0.02,556.77
2018-10-04 00:00,0.03,547.55
2018-10-04 00:15,0.07,541.71
2018-10-04 00:30,0.06,541.69
2018-10-04 00:45,0.03,543.22
2018-10-04 01:00,0.10,536.22
2018-10-04 01:15,0.02,533.13
2018-10-04 01:30,0.06,526.93
2018-10-04 01:45,0.04,522.37
2018-10-04 02:00,0.06,523.84
2018-10-04 02:15,0.00,521.05
2018-10-04 02:30,0.02,522.58
2018-10-04 02:45,0.10,521.42
2018-10-04 03:00,0.12,516.56
2018-10-04 03:15,0.04,512.39
2018-10-04 03:30,0.01,512.61
2018-10-04 03:45,0.02,509.73
2018-10-04 04:00,0.07,502.79
2018-10-04 04:15,0.02,506.06
2018-10-04 04:30,0.06,497.1
2018-10-04 04:45,0.02,496.65
2018-10-04 05:00,0.09,504.44
2018-10-04 05:15,0.08,508.35
2018-10-04 05:30,0.02,506.55
2018-10-04 05:45,0.07,515.82
2018-10-04 06:00,0.27,526.27
2018-10-04 06:15,3.81,530.08
2018-10-04 06:30,9.45,541.98
2018-10-04 06:45,17.83,583.35
2018-10-04 07:00,28.11,609.28
2018-10-04 07:15,41.14,626.56
2018-10-04 07:30,57.81,668.2
2018-10-04 07:45,67.24,738.28
2018-10-04 08:00,80.66,821.27
2018-10-04 08:15,90.07,915.26
2018-10-04 08:30,107.42,966.99
2018-10-04 08:45,120.22,1021.47
2018-10-04 09:00,131.18,1069.08
2018-10-04 09:15,138.02,1061.69
2018-10-04 09:30,167.84,1048.76
2018-10-04 09:45,168.92,1061.84
2018-10-04 10:00,179.09,1086.12
2018-10-04 10:15,150.35,1100.95
2018-10-04 10:30,160.55,1110.06
2018-10-04 10:45,211.10,1105.03
2018-10-04 11:00,200.31,1077.19
2018-10-04 11:15,180.51,1066.3
2018-10-04 11:30,204.32,1082.22
2018-10-04 11:45,195.73,1071.83
2018-10-04 12:00,202.86,1060.58
2018-10-04 12:15,199.03,1050.51
2018-10-04 12:30,204.25,1045.63
2018-10-04 12:45,189.05,1051.32
2018-10-04 13:00,178.70,1066.01
2018-10-04 13:15,158.94,1065.87
2018-10-04 13:30,136.82,1111.57
2018-10-04 13:45,151.34,1123.02
2018-10-04 14:00,168.19,1108.7
2018-10-04 14:15,141.94,1091.35
2018-10-04 14:30,149.13,1105.99
2018-10-04 14:45,130.20,1104.51
2018-10-04 15:00,129.31,1100.4
2018-10-04 15:15,123.39,1076.08
2018-10-04 15:30,64.35,1058.05
2018-10-04 15:45,37.85,1073.42
2018-10-04 16:00,37.58,1066.61
2018-10-04 16:15,39.67,1039.01
2018-10-04 16:30,59.02,986.79
2018-10-04 16:45,16.45,921.36
2018-10-04 17:00,5.24,897.06
2018-10-04 17:15,2.91,843.25
2018-10-04 17:30,2.14,826.67
2018-10-04 17:45,1.02,804.32
2018-10-04 18:00,0.10,787.19
2018-10-04 18:15,0.02,770.77
2018-10-04 18:30,0.07,757.77
2018-10-04 18:45,0.04,746.32
2018-10-04 19:00,0.03,735.82
2018-10-04 19:15,0.02,719.07
2018-10-04 19:30,0.11,696.76
2018-10-04 19:45,0.00,673.63
2018-10-04 20:00,0.11,657.23
2018-10-04 20:15,0.05,635.07
2018-10-04 20:30,0.03,624.51
2018-10-04 20:45,0.02,598.83
2018-10-04 21:00,0.04,586.4
2018-10-04 21:15,0.05,580.75
2018-10-04 21:30,0.14,577.06
2018-10-04 21:45,0.01,576.59
2018-10-04 22:00,0.03,575.37
2018-10-04 22:15,0.06,576.29
2018-10-04 22:30,0.04,571.66
2018-10-04 22:45,0.08,570.85
2018-10-04 23:00,0.02,571.5
2018-10-04 23:15,0.04,559.03
2018-10-04 23:30,0.03,565.74
2018-10-04 23:45,0.09,551.88
2018-10-05 00:00,0.07,545.22
2018-10-05 00:15,0.04,542.14
2018-10-05 00:30,0.02,548.9
2018-10-05 00:45,0.02,540.16
2018-10-05 01:00,0.07,538.19
2018-10-05 01:15,0.06,527.97
2018-10-05 01:30,0.04,527.82
2018-10-05 01:45,0.07,519.55
2018-10-05 02:00,0.04,513.6
2018-10-05 02:15,0.06,507.26
2018-10-05 02:30,0.03,510.48
2018-10-05 02:45,0.00,506.13
2018-10-05 03:00,0.06,504.52
2018-10-05 03:15,0.07,505.16
2018-10-05 03:30,0.01,497.97
2018-10-05 03:45,0.06,494.23
2018-10-05 04:00,0.09,486.24
2018-10-05 04:15,0.04,489.68
2018-10-05 04:30,0.07,488.47
2018-10-05 04:45,0.02,485.49
2018-10-05 05:00,0.05,487.53
2018-10-05 05:15,0.00,488.1
2018-10-05 05:30,0.05,494.76
2018-10-05 05:45,0.07,505.74
2018-10-05 06:00,0.81,512.05
2018-10-05 06:15,3.36,514.4
2018-10-05 06:30,6.65,533.48
2018-10-05 06:45,10.55,580.46
2018-10-05 07:00,17.34,630.52
2018-10-05 07:15,23.96,649.8
2018-10-05 07:30,32.50,713.41
2018-10-05 07:45,46.00,758.87
2018-10-05 08:00,55.69,866.12
2018-10-05 08:15,81.12,939.63
2018-10-05 08:30,112.12,986.84
2018-10-05 08:45,150.20,1008.74
2018-10-05 09:00,145.18,1055.3
2018-10-05 09:15,108.26,1072.08
2018-10-05 09:30,91.06,1113.62
2018-10-05 09:45,109.68,1145.18
2018-10-05 10:00,100.06,1135.88
2018-10-05 10:15,181.93,1149.01
2018-10-05 10:30,176.76,1095.2
2018-10-05 10:45,153.65,1105.38
2018-10-05 11:00,79.77,1128.48
2018-10-05 11:15,72.42,1164.39
2018-10-05 11:30,130.42,1158.64
2018-10-05 11:45,171.42,1118.7
2018-10-05 12:00,198.51,1089.11
2018-10-05 12:15,134.99,1073.4
2018-10-05 12:30,102.94,1080.16
2018-10-05 12:45,130.25,1096.82
2018-10-05 13:00,191.51,1067.69
2018-10-05 13:15,180.13,1046.79
2018-10-05 13:30,181.28,1102.85
2018-10-05 13:45,179.13,1105.04
2018-10-05 14:00,154.94,1096.25
2018-10-05 14:15,160.87,1124.8
2018-10-05 14:30,151.04,1116.38
2018-10-05 14:45,66.12,1100.61
2018-10-05 15:00,68.90,1149.1
2018-10-05 15:15,57.50,1116.51
2018-10-05 15:30,126.38,1095.72
2018-10-05 15:45,52.77,1012.64
2018-10-05 16:00,19.23,1051.55
2018-10-05 16:15,22.80,1000.82
2018-10-05 16:30,21.65,939.89
2018-10-05 16:45,24.00,885.73
2018-10-05 17:00,17.83,852.64
2018-10-05 17:15,9.80,828.4
2018-10-05 17:30,7.70,812.63
2018-10-05 17:45,1.54,801.55
2018-10-05 18:00,0.14,797.88
2018-10-05 18:15,0.04,763.05
2018-10-05 18:30,0.01,746.53
2018-10-05 18:45,0.07,746.98
2018-10-05 19:00,0.06,719.2
2018-10-05 19:15,0.04,684.6
2018-10-05 19:30,0.09,671.86
2018-10-05 19:45,0.02,649.65
2018-10-05 20:00,0.02,628.6
2018-10-05 20:15,0.02,612.28
2018-10-05 20:30,0.08,589.66
2018-10-05 20:45,0.07,581.08
2018-10-05 21:00,0.07,568.8
2018-10-05 21:15,0.01,560.69
2018-10-05 21:30,0.05,558.13
2018-10-05 21:45,0.02,553.96
2018-10-05 22:00,0.07,551
2018-10-05 22:15,0.03,548.06
2018-10-05 22:30,0.04,541.05
2018-10-05 22:45,0.01,543.13
2018-10-05 23:00,0.10,532.59
2018-10-05 23:15,0.06,536.92
2018-10-05 23:30,0.02,532.82
2018-10-05 23:45,0.01,528.89
2018-10-06 00:00,0.10,533.9
2018-10-06 00:15,0.04,520.66
2018-10-06 00:30,0.01,520.43
2018-10-06 00:45,0.06,518.79
2018-10-06 01:00,0.09,515
2018-10-06 01:15,0.01,516.06
2018-10-06 01:30,0.07,514.14
2018-10-06 01:45,0.02,514.48
2018-10-06 02:00,0.08,508.85
2018-10-06 02:15,0.00,510.6
2018-10-06 02:30,0.06,500.92
2018-10-06 02:45,0.02,495.1
2018-10-06 03:00,0.06,499.15
2018-10-06 03:15,0.08,498.34
2018-10-06 03:30,0.06,493.36
2018-10-06 03:45,0.02,494.02
2018-10-06 04:00,0.04,496.48
2018-10-06 04:15,0.02,495.05
2018-10-06 04:30,0.05,493.26
2018-10-06 04:45,0.06,492.95
2018-10-06 05:00,0.03,488.87
2018-10-06 05:15,0.06,493.27
2018-10-06 05:30,0.07,498.1
2018-10-06 05:45,0.06,497.15
2018-10-06 06:00,0.52,511.77
2018-10-06 06:15,3.41,495.02
2018-10-06 06:30,9.30,505.95
2018-10-06 06:45,10.34,534.55
2018-10-06 07:00,12.47,558.5
2018-10-06 07:15,19.93,566.11
2018-10-06 07:30,34.06,563.9
2018-10-06 07:45,43.10,576.59
2018-10-06 08:00,57.37,609.98
2018-10-06 08:15,64.34,628.02
2018-10-06 08:30,92.40,635.78
2018-10-06 08:45,100.10,630.43
2018-10-06 09:00,88.33,657.04
2018-10-06 09:15,105.92,699.23
2018-10-06 09:30,135.22,694.15
2018-10-06 09:45,133.73,683.99
2018-10-06 10:00,157.54,683.21
2018-10-06 10:15,133.24,683.23
2018-10-06 10:30,165.30,701.25
2018-10-06 10:45,174.32,680.75
2018-10-06 11:00,100.20,678.73
2018-10-06 11:15,152.86,718.95
2018-10-06 11:30,167.27,676.83
2018-10-06 11:45,108.04,669.89
2018-10-06 12:00,163.80,718.29
2018-10-06 12:15,134.06,678.8
2018-10-06 12:30,134.90,700.91
2018-10-06 12:45,138.65,698.21
2018-10-06 13:00,164.50,673.02
2018-10-06 13:15,187.82,679.28
2018-10-06 13:30,199.06,651.86
2018-10-06 13:45,187.46,638.52
2018-10-06 14:00,182.85,647.67
2018-10-06 14:15,135.81,652.2
2018-10-06 14:30,81.01,687.84
2018-10-06 14:45,105.62,728.32
2018-10-06 15:00,89.67,701.78
2018-10-06 15:15,83.98,722.57
2018-10-06 15:30,121.27,703.94
2018-10-06 15:45,73.40,671.12
2018-10-06 16:00,53.06,684.29
2018-10-06 16:15,41.80,662.52
2018-10-06 16:30,5.55,651.15
2018-10-06 16:45,2.46,640.59
2018-10-06 17:00,3.03,607.83
2018-10-06 17:15,2.72,590.33
2018-10-06 17:30,1.26,561.21
2018-10-06 17:45,0.07,553
2018-10-06 18:00,0.06,546.77
2018-10-06 18:15,0.14,553.88
2018-10-06 18:30,0.10,552.93
2018-10-06 18:45,0.02,549.26
2018-10-06 19:00,0.02,538.43
2018-10-06 19:15,0.03,534.42
2018-10-06 19:30,0.03,536.8
2018-10-06 19:45,0.05,532.66
2018-10-06 20:00,0.03,533.76
2018-10-06 20:15,0.02,538.71
2018-10-06 20:30,0.01,528.11
2018-10-06 20:45,0.13,532.19
2018-10-06 21:00,0.10,528.16
2018-10-06 21:15,0.05,530.72
2018-10-06 21:30,0.02,531.64
2018-10-06 21:45,0.02,532.01
2018-10-06 22:00,0.06,529.74
2018-10-06 22:15,0.00,529.4
2018-10-06 22:30,0.02,531.74
2018-10-06 22:45,0.12,524.21
2018-10-06 23:00,0.03,522.32
2018-10-06 23:15,0.07,518.82
2018-10-06 23:30,0.01,523.47
2018-10-06 23:45,0.03,521.03
2018-10-07 00:00,0.08,514.52
2018-10-07 00:15,0.05,513.5
2018-10-07 00:30,0.05,509.19
2018-10-07 00:45,0.01,510.18
2018-10-07 01:00,0.10,503.35
2018-10-07 01:15,0.01,499.56
2018-10-07 01:30,0.02,498.84
2018-10-07 01:45,0.09,498.11
2018-10-07 02:00,0.04,488.61
2018-10-07 02:15,0.03,486.69
2018-10-07 02:30,0.01,490.32
2018-10-07 02:45,0.07,486.44
2018-10-07 03:00,0.08,481.34
2018-10-07 03:15,0.09,481.78
2018-10-07 03:30,0.03,473.71
2018-10-07 03:45,0.00,473.34
2018-10-07 04:00,0.03,475.16
2018-10-07 04:15,0.06,473.49
2018-10-07 04:30,0.06,466.26
2018-10-07 04:45,0.02,465.41
2018-10-07 05:00,0.02,469.66
2018-10-07 05:15,0.10,470.81
2018-10-07 05:30,0.07,472.5
2018-10-07 05:45,0.04,473.28
2018-10-07 06:00,0.83,480.9
2018-10-07 06:15,5.60,475.57
2018-10-07 06:30,15.30,474
2018-10-07 06:45,24.20,477.07
2018-10-07 07:00,31.35,503.29
2018-10-07 07:15,41.44,509.61
2018-10-07 07:30,53.85,506.32
2018-10-07 07:45,61.32,506.02
2018-10-07 08:00,82.05,505.19
2018-10-07 08:15,92.94,502.05
2018-10-07 08:30,103.41,508.63
2018-10-07 08:45,91.82,516.16
2018-10-07 09:00,82.22,518.69
2018-10-07 09:15,78.82,539.09
2018-10-07 09:30,86.30,549.35
2018-10-07 09:45,78.50,554.61
2018-10-07 10:00,109.36,561.58
2018-10-07 10:15,94.13,536.32
2018-10-07 10:30,78.46,575.64
2018-10-07 10:45,94.78,579.4
2018-10-07 11:00,114.48,554.01
2018-10-07 11:15,141.15,537.8
2018-10-07 11:30,173.65,523.08
2018-10-07 11:45,135.43,508.74
2018-10-07 12:00,108.53,548.03
2018-10-07 12:15,117.38,583.62
2018-10-07 12:30,162.19,561.66
2018-10-07 12:45,135.45,531.56
2018-10-07 13:00,162.18,531.63
2018-10-07 13:15,105.50,510.77
2018-10-07 13:30,147.65,566.53
2018-10-07 13:45,108.94,537.84
2018-10-07 14:00,109.06,550.69
2018-10-07 14:15,87.72,564.22
2018-10-07 14:30,57.22,579.22
2018-10-07 14:45,38.18,604.33
2018-10-07 15:00,31.68,608.56
2018-10-07 15:15,38.58,616.91
2018-10-07 15:30,40.88,602.53
2018-10-07 15:45,40.92,599.62
2018-10-07 16:00,54.39,591.03
2018-10-07 16:15,50.52,571.83
2018-10-07 16:30,51.05,563.5
2018-10-07 16:45,30.78,549.14
2018-10-07 17:00,19.55,547.48
2018-10-07 17:15,10.44,554.05
2018-10-07 17:30,5.93,555.27
2018-10-07 17:45,1.64,558.17
2018-10-07 18:00,0.15,565.72
2018-10-07 18:15,0.01,574.95
2018-10-07 18:30,0.02,582.08
2018-10-07 18:45,0.03,582.9
2018-10-07 19:00,0.03,579.5
2018-10-07 19:15,0.06,573.12
2018-10-07 19:30,0.04,564.72
2018-10-07 19:45,0.07,557.29
2018-10-07 20:00,0.03,555.09
2018-10-07 20:15,0.04,546.82
2018-10-07 20:30,0.06,545.16
2018-10-07 20:45,0.01,545.5
2018-10-07 21:00,0.02,541.82
2018-10-07 21:15,0.06,533.77
2018-10-07 21:30,0.00,532.68
2018-10-07 21:45,0.05,532.58
2018-10-07 22:00,0.10,533.05
2018-10-07 22:15,0.06,535.76
2018-10-07 22:30,0.03,536.3
2018-10-07 22:45,0.04,541.97
2018-10-07 23:00,0.02,541.08
2018-10-07 23:15,0.04,539.45
2018-10-07 23:30,0.02,538.21
2018-10-07 23:45,0.03,540.4
2018-10-08 00:00,799.14,529.84
2018-10-08 00:15,0.02,520.03
2018-10-08 00:30,0.10,521.11
2018-10-08 00:45,0.06,521.02
2018-10-08 01:00,0.02,518.08
2018-10-08 01:15,0.06,518.82
2018-10-08 01:30,0.02,505.18
2018-10-08 01:45,0.05,496.11
2018-10-08 02:00,0.06,493.24
2018-10-08 02:15,0.08,498.27
2018-10-08 02:30,0.01,487.48
2018-10-08 02:45,0.01,485.24
2018-10-08 03:00,0.06,486.02
2018-10-08 03:15,0.12,487.05
2018-10-08 03:30,0.05,482.02
2018-10-08 03:45,0.00,487.11
2018-10-08 04:00,0.05,483.37
2018-10-08 04:15,0.10,491.76
2018-10-08 04:30,0.02,481.36
2018-10-08 04:45,0.05,482
2018-10-08 05:00,0.02,482.36
2018-10-08 05:15,0.05,496.37
2018-10-08 05:30,0.01,503.89
2018-10-08 05:45,0.09,502.21
2018-10-08 06:00,0.42,517.11
2018-10-08 06:15,3.06,530.61
2018-10-08 06:30,7.10,542.9
2018-10-08 06:45,11.30,583.93
2018-10-08 07:00,15.29,631.7
2018-10-08 07:15,25.29,665.88
2018-10-08 07:30,43.38,727.66
2018-10-08 07:45,50.06,807.32
2018-10-08 08:00,61.56,906.75
2018-10-08 08:15,78.52,987.18
2018-10-08 08:30,105.76,1023.87
2018-10-08 08:45,120.42,1071.95
2018-10-08 09:00,123.50,1100.72
2018-10-08 09:15,74.85,1130.06
2018-10-08 09:30,158.59,1179.21
2018-10-08 09:45,133.14,1125.54
2018-10-08 10:00,85.94,1159.81
2018-10-08 10:15,66.66,1234.58
2018-10-08 10:30,101.91,1220.99
2018-10-08 10:45,89.13,1191.18
2018-10-08 11:00,78.81,1187.39
2018-10-08 11:15,97.98,1206.44
2018-10-08 11:30,69.69,1196.71
2018-10-08 11:45,67.54,1229.39
2018-10-08 12:00,51.46,1227.36
2018-10-08 12:15,104.14,1234.52
2018-10-08 12:30,145.42,1181.28
2018-10-08 12:45,169.66,1143.81
2018-10-08 13:00,184.80,1109.51
2018-10-08 13:15,124.79,1141.78
2018-10-08 13:30,157.36,1187.6
2018-10-08 13:45,180.48,1160.46
2018-10-08 14:00,188.90,1163.25
2018-10-08 14:15,124.14,1203.26
2018-10-08 14:30,103.54,1225.03
2018-10-08 14:45,80.86,1231.28
2018-10-08 15:00,64.81,1213.89
2018-10-08 15:15,54.63,1213.74
2018-10-08 15:30,40.86,1198.38
2018-10-08 15:45,26.66,1193.44
2018-10-08 16:00,27.97,1186.89
2018-10-08 16:15,35.76,1120.88
2018-10-08 16:30,36.66,1050.63
2018-10-08 16:45,35.58,998.4
2018-10-08 17:00,35.03,936.7
2018-10-08 17:15,22.93,894.89
2018-10-08 17:30,11.00,863.33
2018-10-08 17:45,2.84,836.37
2018-10-08 18:00,0.02,814.5
2018-10-08 18:15,0.09,824.14
2018-10-08 18:30,0.09,807.87
2018-10-08 18:45,0.03,780.61
2018-10-08 19:00,0.05,756.32
2018-10-08 19:15,0.02,731.5
2018-10-08 19:30,0.03,721.37
2018-10-08 19:45,0.07,696.76
2018-10-08 20:00,0.01,677.18
2018-10-08 20:15,0.08,658.93
2018-10-08 20:30,0.06,642.17
2018-10-08 20:45,0.04,619.11
2018-10-08 21:00,0.02,603.03
2018-10-08 21:15,0.08,605.49
2018-10-08 21:30,0.02,597.37
2018-10-08 21:45,0.08,586.9
2018-10-08 22:00,0.02,573.96
2018-10-08 22:15,0.13,580.77
2018-10-08 22:30,0.01,582.74
2018-10-08 22:45,0.04,565.69
2018-10-08 23:00,0.02,563.03
2018-10-08 23:15,0.05,562.11
2018-10-08 23:30,0.02,561.35
2018-10-08 23:45,0.02,554.51
2018-10-09 00:00,0.11,546.76
2018-10-09 00:15,0.07,543.92
2018-10-09 00:30,0.01,539.84
2018-10-09 00:45,0.08,530.5
2018-10-09 01:00,0.04,519.97
2018-10-09 01:15,0.04,513.87
2018-10-09 01:30,0.01,512.18
2018-10-09 01:45,0.03,508.58
2018-10-09 02:00,0.02,509.48
2018-10-09 02:15,0.04,503.92
2018-10-09 02:30,0.11,504.16
2018-10-09 02:45,0.09,503.39
2018-10-09 03:00,0.01,502.65
2018-10-09 03:15,0.03,496.18
2018-10-09 03:30,0.06,495.02
2018-10-09 03:45,0.07,490.42
2018-10-09 04:00,0.01,485.32
2018-10-09 04:15,0.02,489.34
2018-10-09 04:30,0.02,483.58
2018-10-09 04:45,0.11,484.39
2018-10-09 05:00,0.03,483.02
2018-10-09 05:15,0.04,490.94
2018-10-09 05:30,0.01,493.77
2018-10-09 05:45,0.10,500.02
2018-10-09 06:00,0.28,509.97
2018-10-09 06:15,3.72,513.31
2018-10-09 06:30,10.91,561.3
2018-10-09 06:45,16.10,593.09
2018-10-09 07:00,27.03,625.43
2018-10-09 07:15,39.67,658.26
2018-10-09 07:30,50.12,706.55
2018-10-09 07:45,63.97,802.69
2018-10-09 08:00,78.42,899.07
2018-10-09 08:15,87.60,970.95
2018-10-09 08:30,110.22,1051.56
2018-10-09 08:45,115.04,1098.57
2018-10-09 09:00,128.24,1114.03
2018-10-09 09:15,132.84,1132.57
2018-10-09 09:30,151.97,1150.46
2018-10-09 09:45,151.36,1154.6
2018-10-09 10:00,152.54,1173.72
2018-10-09 10:15,163.30,1179.23
2018-10-09 10:30,141.85,1168.55
2018-10-09 10:45,91.47,1202.81
2018-10-09 11:00,66.87,1215.29
2018-10-09 11:15,106.30,1228.34
2018-10-09 11:30,84.93,1192.38
2018-10-09 11:45,150.81,1211.12
2018-10-09 12:00,70.88,1164.18
2018-10-09 12:15,110.63,1207.79
2018-10-09 12:30,113.41,1161.6
2018-10-09 12:45,65.88,1192.42
2018-10-09 13:00,179.45,1195.99
2018-10-09 13:15,147.16,1152.33
2018-10-09 13:30,128.50,1211.47
2018-10-09 13:45,107.91,1204.5
2018-10-09 14:00,110.77,1215.34
2018-10-09 14:15,82.56,1233.86
2018-10-09 14:30,86.06,1237.86
2018-10-09 14:45,102.67,1226.37
2018-10-09 15:00,112.82,1209.65
2018-10-09 15:15,83.01,1176.02
2018-10-09 15:30,56.26,1196.71
2018-10-09 15:45,73.87,1173.57
2018-10-09 16:00,44.99,1124.99
2018-10-09 16:15,24.44,1101.03
2018-10-09 16:30,23.62,1071.93
2018-10-09 16:45,19.99,1005.5
2018-10-09 17:00,13.10,964.79
2018-10-09 17:15,7.34,933.46
2018-10-09 17:30,3.98,903.8
2018-10-09 17:45,1.36,860.88
2018-10-09 18:00,0.14,838.03
2018-10-09 18:15,0.13,792.56
2018-10-09 18:30,0.01,787.19
2018-10-09 18:45,0.04,778.19
2018-10-09 19:00,0.05,744.5
2018-10-09 19:15,0.04,726.53
2018-10-09 19:30,0.01,705.97
2018-10-09 19:45,0.11,685
2018-10-09 20:00,0.06,663.09
2018-10-09 20:15,0.09,651.14
2018-10-09 20:30,0.02,623.41
2018-10-09 20:45,0.00,610.38
2018-10-09 21:00,0.04,595.82
2018-10-09 21:15,0.06,587.33
2018-10-09 21:30,0.03,581.51
2018-10-09 21:45,0.04,574.62
2018-10-09 22:00,0.02,580.37
2018-10-09 22:15,0.10,568.59
2018-10-09 22:30,0.10,564.09
2018-10-09 22:45,0.04,569.01
2018-10-09 23:00,0.04,557.13
2018-10-09 23:15,0.00,545.26
2018-10-09 23:30,0.02,551.43
2018-10-09 23:45,0.04,549.03
2018-10-10 00:00,0.02,543
2018-10-10 00:15,0.06,540.34
2018-10-10 00:30,0.12,537.45
2018-10-10 00:45,0.02,539.53
2018-10-10 01:00,0.02,531.14
2018-10-10 01:15,0.10,525.51
2018-10-10 01:30,0.02,525.79
2018-10-10 01:45,0.05,511.63
2018-10-10 02:00,0.01,514.53
2018-10-10 02:15,0.04,510.69
2018-10-10 02:30,0.03,507.37
2018-10-10 02:45,0.07,505.44
2018-10-10 03:00,0.06,501.82
2018-10-10 03:15,0.06,501.92
2018-10-10 03:30,0.02,494.69
2018-10-10 03:45,0.02,490.53
2018-10-10 04:00,0.02,488.82
2018-10-10 04:15,0.10,492.44
2018-10-10 04:30,0.04,489.32
2018-10-10 04:45,0.02,484.23
2018-10-10 05:00,0.10,490.71
2018-10-10 05:15,0.04,494.27
2018-10-10 05:30,0.04,505.6
2018-10-10 05:45,0.03,511.61
2018-10-10 06:00,0.19,515.1
2018-10-10 06:15,3.38,526.24
2018-10-10 06:30,7.69,556.37
2018-10-10 06:45,12.70,610.62
2018-10-10 07:00,23.90,680.1
2018-10-10 07:15,32.99,686.5
2018-10-10 07:30,48.14,711.74
2018-10-10 07:45,60.39,784.8
2018-10-10 08:00,73.61,873.44
2018-10-10 08:15,84.41,973.34
2018-10-10 08:30,102.23,1038.05
2018-10-10 08:45,107.75,1073.01
2018-10-10 09:00,121.92,1137.38
2018-10-10 09:15,132.96,1147.18
2018-10-10 09:30,130.01,1154.7
2018-10-10 09:45,129.39,1170.63
2018-10-10 10:00,139.67,1185.7
2018-10-10 10:15,116.26,1194.5
2018-10-10 10:30,97.20,1218.42
2018-10-10 10:45,85.52,1229.29
2018-10-10 11:00,160.21,1233.18
2018-10-10 11:15,164.46,1151.68
2018-10-10 11:30,93.46,1203.2
2018-10-10 11:45,89.95,1222.16
2018-10-10 12:00,107.11,1200.39
2018-10-10 12:15,156.64,1188.02
2018-10-10 12:30,92.57,1145.75
2018-10-10 12:45,180.58,1180.2
2018-10-10 13:00,171.56,1134.83
2018-10-10 13:15,161.07,1163.17
2018-10-10 13:30,158.36,1166.84
2018-10-10 13:45,151.28,1202.99
2018-10-10 14:00,163.36,1217.95
2018-10-10 14:15,143.36,1196.38
2018-10-10 14:30,146.62,1204.42
2018-10-10 14:45,126.31,1205.49
2018-10-10 15:00,120.41,1198.89
2018-10-10 15:15,107.02,1171.88
2018-10-10 15:30,111.26,1128.75
2018-10-10 15:45,82.33,1125.82
2018-10-10 16:00,70.94,1116.82
2018-10-10 16:15,45.33,1068.33
2018-10-10 16:30,32.22,1032.4
2018-10-10 16:45,31.01,969.92
2018-10-10 17:00,19.42,913.02
2018-10-10 17:15,10.16,882.17
2018-10-10 17:30,5.41,873.4
2018-10-10 17:45,1.27,861.22
2018-10-10 18:00,0.01,858.27
2018-10-10 18:15,0.02,839.99
2018-10-10 18:30,0.12,817.67
2018-10-10 18:45,0.04,813.24
2018-10-10 19:00,0.02,800.67
2018-10-10 19:15,0.02,763.42
2018-10-10 19:30,0.09,731.29
2018-10-10 19:45,0.05,701.91
2018-10-10 20:00,0.07,667.94
2018-10-10 20:15,0.01,630.44
2018-10-10 20:30,0.04,610.9
2018-10-10 20:45,0.02,591.37
2018-10-10 21:00,0.02,585.91
2018-10-10 21:15,0.09,576.03
2018-10-10 21:30,0.03,571.96
2018-10-10 21:45,0.14,561.69
2018-10-10 22:00,0.01,561.59
2018-10-10 22:15,0.03,566.3
2018-10-10 22:30,0.04,560.21
2018-10-10 22:45,0.01,556.35
2018-10-10 23:00,0.09,556.03
2018-10-10 23:15,0.00,564.77
2018-10-10 23:30,0.02,567.71
2018-10-10 23:45,0.09,563.75
2018-10-11 00:00,0.08,561.38
2018-10-11 00:15,0.06,552.75
2018-10-11 00:30,0.04,549.88
2018-10-11 00:45,0.00,540.55
2018-10-11 01:00,0.07,535.63
2018-10-11 01:15,0.04,534.24
2018-10-11 01:30,0.02,525.43
2018-10-11 01:45,0.00,518.03
2018-10-11 02:00,0.15,516.64
2018-10-11 02:15,0.01,516.11
2018-10-11 02:30,0.02,515.23
2018-10-11 02:45,0.04,512.6
2018-10-11 03:00,0.09,512.66
2018-10-11 03:15,0.02,502.65
2018-10-11 03:30,0.07,507.39
2018-10-11 03:45,0.04,502.94
2018-10-11 04:00,0.04,507.76
2018-10-11 04:15,0.06,507.6
2018-10-11 04:30,0.04,498.56
2018-10-11 04:45,0.02,504.45
2018-10-11 05:00,0.05,511.32
2018-10-11 05:15,0.04,505.29
2018-10-11 05:30,0.07,510.42
2018-10-11 05:45,0.02,517.56
2018-10-11 06:00,0.18,529.84
2018-10-11 06:15,1.48,536.34
2018-10-11 06:30,4.79,573.83
2018-10-11 06:45,20.25,629.36
2018-10-11 07:00,29.24,644.51
2018-10-11 07:15,38.10,684.49
2018-10-11 07:30,53.82,718.07
2018-10-11 07:45,65.71,781.01
2018-10-11 08:00,76.99,855.67
2018-10-11 08:15,88.01,946.39
2018-10-11 08:30,107.00,1019.11
2018-10-11 08:45,116.14,1055.82
2018-10-11 09:00,129.96,1103.35
2018-10-11 09:15,137.29,1111.32
2018-10-11 09:30,164.38,1127.59
2018-10-11 09:45,155.27,1125.78
2018-10-11 10:00,172.07,1142.62
2018-10-11 10:15,168.90,1162.12
2018-10-11 10:30,163.89,1165.52
2018-10-11 10:45,179.53,1159.35
2018-10-11 11:00,187.44,1153.43
2018-10-11 11:15,173.23,1162.1
2018-10-11 11:30,170.73,1189.88
2018-10-11 11:45,154.65,1172.46
2018-10-11 12:00,196.76,1201.25
2018-10-11 12:15,172.89,1179.89
2018-10-11 12:30,150.45,1183.13
2018-10-11 12:45,159.07,1183.5
2018-10-11 13:00,49.48,1180.3
2018-10-11 13:15,124.45,1246.71
2018-10-11 13:30,134.38,1213.57
2018-10-11 13:45,154.86,1228.7
2018-10-11 14:00,89.43,1239.94
2018-10-11 14:15,132.15,1279.02
2018-10-11 14:30,143.41,1238.47
2018-10-11 14:45,135.56,1230.03
2018-10-11 15:00,132.50,1229.15
2018-10-11 15:15,125.69,1226.31
2018-10-11 15:30,114.52,1214.36
2018-10-11 15:45,62.87,1191.44
2018-10-11 16:00,30.63,1177.07
2018-10-11 16:15,23.23,1105.16
2018-10-11 16:30,23.74,1058.11
2018-10-11 16:45,21.26,980.08
2018-10-11 17:00,22.86,927.34
2018-10-11 17:15,14.64,892.44
2018-10-11 17:30,6.52,863.15
2018-10-11 17:45,1.42,849.28
2018-10-11 18:00,0.03,844.01
2018-10-11 18:15,0.02,827.56
2018-10-11 18:30,0.06,809.46
2018-10-11 18:45,0.03,789.64
2018-10-11 19:00,0.02,773.02
2018-10-11 19:15,0.01,746.34
2018-10-11 19:30,0.02,716.05
2018-10-11 19:45,0.22,690.42
2018-10-11 20:00,0.04,663.84
2018-10-11 20:15,0.01,651.47
2018-10-11 20:30,0.02,627.49
2018-10-11 20:45,0.06,610.64
2018-10-11 21:00,0.02,597.8
2018-10-11 21:15,0.06,590.75
2018-10-11 21:30,0.00,584.11
2018-10-11 21:45,0.09,591.56
2018-10-11 22:00,0.07,593.01
2018-10-11 22:15,0.10,588.54
2018-10-11 22:30,0.01,585.48
2018-10-11 22:45,0.06,581.11
2018-10-11 23:00,0.02,572.29
2018-10-11 23:15,0.05,561.96
2018-10-11 23:30,0.01,561.51
2018-10-11 23:45,0.04,561.8
2018-10-12 00:00,0.06,556.71
2018-10-12 00:15,0.06,558.11
2018-10-12 00:30,0.06,554
2018-10-12 00:45,0.06,554.14
2018-10-12 01:00,0.06,550.13
2018-10-12 01:15,0.02,540.95
2018-10-12 01:30,0.09,540.84
2018-10-12 01:45,0.02,539.4
2018-10-12 02:00,0.06,533.55
2018-10-12 02:15,0.02,530.76
2018-10-12 02:30,0.02,529.4
2018-10-12 02:45,0.05,523.03
2018-10-12 03:00,0.06,519.89
2018-10-12 03:15,0.04,522.29
2018-10-12 03:30,0.00,515.79
2018-10-12 03:45,0.12,514.03
2018-10-12 04:00,0.10,501.89
2018-10-12 04:15,0.01,509.23
2018-10-12 04:30,0.05,503.08
2018-10-12 04:45,0.02,499.73
2018-10-12 05:00,0.04,508.5
2018-10-12 05:15,0.02,504.24
2018-10-12 05:30,0.04,512.81
2018-10-12 05:45,0.04,520.02
2018-10-12 06:00,0.19,531.29
2018-10-12 06:15,2.70,532.87
2018-10-12 06:30,8.98,552.75
2018-10-12 06:45,16.66,618.99
2018-10-12 07:00,29.26,653.18
2018-10-12 07:15,42.51,675.91
2018-10-12 07:30,59.62,706.31
2018-10-12 07:45,69.05,760.89
2018-10-12 08:00,80.59,854.45
2018-10-12 08:15,95.58,934.91
2018-10-12 08:30,103.48,1027.4
2018-10-12 08:45,122.54,1077.51
2018-10-12 09:00,139.26,1118.09
2018-10-12 09:15,154.42,1132.61
2018-10-12 09:30,156.29,1125.06
2018-10-12 09:45,166.54,1121.86
2018-10-12 10:00,176.20,1129.35
2018-10-12 10:15,176.82,1130.8
2018-10-12 10:30,187.33,1128.4
2018-10-12 10:45,171.45,1120.38
2018-10-12 11:00,201.46,1106.83
2018-10-12 11:15,193.06,1102.33
2018-10-12 11:30,196.86,1098.06
2018-10-12 11:45,200.45,1068.88
2018-10-12 12:00,176.04,1083.87
2018-10-12 12:15,159.79,1086.58
2018-10-12 12:30,186.54,1067.56
2018-10-12 12:45,190.90,1077
2018-10-12 13:00,163.94,1091.2
2018-10-12 13:15,98.87,1120.33
2018-10-12 13:30,148.26,1177.33
2018-10-12 13:45,160.18,1124.23
2018-10-12 14:00,92.66,1168.39
2018-10-12 14:15,107.95,1189.54
2018-10-12 14:30,82.24,1170.93
2018-10-12 14:45,62.50,1168.97
2018-10-12 15:00,44.38,1161.49
2018-10-12 15:15,41.18,1177.63
2018-10-12 15:30,109.28,1135.46
2018-10-12 15:45,69.79,1085.59
2018-10-12 16:00,50.75,1093.32
2018-10-12 16:15,15.65,1050.76
2018-10-12 16:30,22.64,995.98
2018-10-12 16:45,33.82,922.44
2018-10-12 17:00,21.18,867.77
2018-10-12 17:15,11.58,844.22
2018-10-12 17:30,6.23,818.3
2018-10-12 17:45,1.88,803.98
2018-10-12 18:00,0.02,791.53
2018-10-12 18:15,0.03,772.55
2018-10-12 18:30,0.04,752.86
2018-10-12 18:45,0.02,732.08
2018-10-12 19:00,0.10,731.39
2018-10-12 19:15,0.02,718.07
2018-10-12 19:30,0.02,695.99
2018-10-12 19:45,0.06,676.12
2018-10-12 20:00,0.11,661.72
2018-10-12 20:15,0.02,638.07
2018-10-12 20:30,0.04,595.25
2018-10-12 20:45,0.03,582.88
2018-10-12 21:00,0.07,581.85
2018-10-12 21:15,0.01,578.56
2018-10-12 21:30,0.07,570.11
2018-10-12 21:45,0.05,566.98
2018-10-12 22:00,0.01,569.11
2018-10-12 22:15,0.04,555.55
2018-10-12 22:30,0.10,554.4
2018-10-12 22:45,0.02,551.46
2018-10-12 23:00,0.14,556.42
2018-10-12 23:15,0.02,546.61
2018-10-12 23:30,0.00,544.85
2018-10-12 23:45,0.04,543.09
2018-10-13 00:00,0.04,535.37
2018-10-13 00:15,0.06,536.11
2018-10-13 00:30,0.00,539.19
2018-10-13 00:45,0.09,543.64
2018-10-13 01:00,0.01,531.08
2018-10-13 01:15,0.14,524.63
2018-10-13 01:30,0.04,525.95
2018-10-13 01:45,0.06,519.87
2018-10-13 02:00,0.02,525.5
2018-10-13 02:15,0.00,525.29
2018-10-13 02:30,0.06,515.74
2018-10-13 02:45,0.02,513.55
2018-10-13 03:00,0.00,509.84
2018-10-13 03:15,0.17,503.23
2018-10-13 03:30,0.04,499.44
2018-10-13 03:45,0.01,497.42
2018-10-13 04:00,0.10,497.9
2018-10-13 04:15,0.02,494.87
2018-10-13 04:30,0.02,492.07
2018-10-13 04:45,0.05,488.9
2018-10-13 05:00,0.02,494.4
2018-10-13 05:15,0.02,494.79
2018-10-13 05:30,0.10,498.37
2018-10-13 05:45,0.06,509.76
2018-10-13 06:00,0.06,520.76
2018-10-13 06:15,2.12,517.21
2018-10-13 06:30,7.98,510.71
2018-10-13 06:45,16.57,514.89
2018-10-13 07:00,26.86,525.82
2018-10-13 07:15,42.08,517.16
2018-10-13 07:30,55.64,527.32
2018-10-13 07:45,71.54,535.87
2018-10-13 08:00,83.20,537.24
2018-10-13 08:15,96.02,555.05
2018-10-13 08:30,94.14,564.04
2018-10-13 08:45,115.74,579.85
2018-10-13 09:00,137.93,594.82
2018-10-13 09:15,123.12,591.72
2018-10-13 09:30,108.90,589.41
2018-10-13 09:45,141.87,629.99
2018-10-13 10:00,156.09,606.17
2018-10-13 10:15,125.81,610.4
2018-10-13 10:30,136.62,615.35
2018-10-13 10:45,139.65,621.86
2018-10-13 11:00,160.32,628.65
2018-10-13 11:15,86.02,632.77
2018-10-13 11:30,149.33,680.25
2018-10-13 11:45,120.82,658.44
2018-10-13 12:00,102.56,665.49
2018-10-13 12:15,107.40,677.88
2018-10-13 12:30,56.20,654.2
2018-10-13 12:45,40.24,701.07
2018-10-13 13:00,151.58,697.05
2018-10-13 13:15,141.26,621.32
2018-10-13 13:30,93.58,631.35
2018-10-13 13:45,91.02,670.12
2018-10-13 14:00,158.63,662.6
2018-10-13 14:15,116.13,637.02
2018-10-13 14:30,79.09,681.07
2018-10-13 14:45,89.52,699.86
2018-10-13 15:00,135.92,658.94
2018-10-13 15:15,66.04,647.14
2018-10-13 15:30,68.78,666.46
2018-10-13 15:45,17.70,676.52
2018-10-13 16:00,16.33,687.84
2018-10-13 16:15,17.30,679.28
2018-10-13 16:30,12.28,668.01
2018-10-13 16:45,10.05,634.28
2018-10-13 17:00,7.73,605.06
2018-10-13 17:15,5.92,579.96
2018-10-13 17:30,4.06,577.75
2018-10-13 17:45,1.52,571.79
2018-10-13 18:00,0.04,579.14
2018-10-13 18:15,0.04,594.41
2018-10-13 18:30,0.05,582.62
2018-10-13 18:45,0.04,576.83
2018-10-13 19:00,0.02,569.69
2018-10-13 19:15,0.10,557.4
2018-10-13 19:30,0.02,553.63
2018-10-13 19:45,0.10,554.21
2018-10-13 20:00,0.04,552.46
2018-10-13 20:15,0.03,539.22
2018-10-13 20:30,0.02,536.29
2018-10-13 20:45,0.02,526.37
2018-10-13 21:00,0.02,520.1
2018-10-13 21:15,0.06,516.45
2018-10-13 21:30,0.07,515.47
2018-10-13 21:45,0.09,516.47
2018-10-13 22:00,0.06,511.11
2018-10-13 22:15,0.06,508.05
2018-10-13 22:30,0.01,509.73
2018-10-13 22:45,0.02,511.94
2018-10-13 23:00,0.07,514.1
2018-10-13 23:15,0.02,509.29
2018-10-13 23:30,0.02,508.97
2018-10-13 23:45,0.06,512.11
2018-10-14 00:00,0.07,504.32
2018-10-14 00:15,0.04,504.79
2018-10-14 00:30,0.03,506.74
2018-10-14 00:45,0.10,504.39
2018-10-14 01:00,0.02,496.39
2018-10-14 01:15,0.02,493.48
2018-10-14 01:30,0.03,489.08
2018-10-14 01:45,0.01,492.08
2018-10-14 02:00,0.06,491.94
2018-10-14 02:15,0.14,489.28
2018-10-14 02:30,0.02,481.9
2018-10-14 02:45,0.01,483.5
2018-10-14 03:00,0.02,483.21
2018-10-14 03:15,0.05,475.97
2018-10-14 03:30,0.10,474.5
2018-10-14 03:45,0.04,472.76
2018-10-14 04:00,0.02,468.89
2018-10-14 04:15,0.09,469.47
2018-10-14 04:30,0.02,467.76
2018-10-14 04:45,0.07,470.13
2018-10-14 05:00,0.05,465.94
2018-10-14 05:15,0.01,468.86
2018-10-14 05:30,0.06,468.24
2018-10-14 05:45,0.00,477.47
2018-10-14 06:00,0.10,482.82
2018-10-14 06:15,1.16,475.41
2018-10-14 06:30,3.72,469.12
2018-10-14 06:45,15.68,471.97
2018-10-14 07:00,29.33,467.87
2018-10-14 07:15,44.71,472.13
2018-10-14 07:30,55.48,481.57
2018-10-14 07:45,54.13,489.65
2018-10-14 08:00,86.81,498.9
2018-10-14 08:15,90.79,504.73
2018-10-14 08:30,113.69,519
2018-10-14 08:45,109.21,514.84
2018-10-14 09:00,143.26,514.05
2018-10-14 09:15,149.27,516.18
2018-10-14 09:30,161.15,518.34
2018-10-14 09:45,174.98,507.64
2018-10-14 10:00,153.34,503.84
2018-10-14 10:15,173.04,519.85
2018-10-14 10:30,135.26,506.29
2018-10-14 10:45,196.15,541.82
2018-10-14 11:00,190.40,501.47
2018-10-14 11:15,205.09,516.85
2018-10-14 11:30,214.27,509.11
2018-10-14 11:45,143.79,514.74
2018-10-14 12:00,175.35,543.26
2018-10-14 12:15,142.42,539.87
2018-10-14 12:30,194.62,563.13
2018-10-14 12:45,147.89,503.95
2018-10-14 13:00,101.16,568.32
2018-10-14 13:15,156.31,595.3
2018-10-14 13:30,153.85,539.43
2018-10-14 13:45,45.74,577.95
2018-10-14 14:00,149.10,623.54
2018-10-14 14:15,160.22,542.35
2018-10-14 14:30,127.18,525.82
2018-10-14 14:45,54.30,570.27
2018-10-14 15:00,68.10,609.75
2018-10-14 15:15,53.17,606.3
2018-10-14 15:30,33.90,627.43
2018-10-14 15:45,30.98,615.85
2018-10-14 16:00,48.82,606.9
2018-10-14 16:15,70.81,584.4
2018-10-14 16:30,51.69,549.67
2018-10-14 16:45,35.15,558.82
2018-10-14 17:00,24.01,568.12
2018-10-14 17:15,14.06,567.09
2018-10-14 17:30,6.45,561.27
2018-10-14 17:45,1.02,563.48
2018-10-14 18:00,0.10,578.51
2018-10-14 18:15,0.02,584.22
2018-10-14 18:30,0.04,577.91
2018-10-14 18:45,0.04,576.3
2018-10-14 19:00,0.06,581.19
2018-10-14 19:15,0.01,578.66
2018-10-14 19:30,0.10,570.53
2018-10-14 19:45,0.00,564.79
2018-10-14 20:00,0.10,561.09
2018-10-14 20:15,0.02,551.14
2018-10-14 20:30,0.06,552.46
2018-10-14 20:45,0.02,548.8
2018-10-14 21:00,0.06,548.79
2018-10-14 21:15,0.06,542.45
2018-10-14 21:30,0.00,541.58
2018-10-14 21:45,0.02,542.59
2018-10-14 22:00,0.07,544.8
2018-10-14 22:15,0.13,542.98
2018-10-14 22:30,0.04,545.56
2018-10-14 22:45,0.02,538.95
2018-10-14 23:00,0.04,536.55
2018-10-14 23:15,0.03,533.42
2018-10-14 23:30,0.06,536.29
2018-10-14 23:45,0.04,530.22
2018-10-15 00:00,0.03,530.5
2018-10-15 00:15,0.07,529.29
2018-10-15 00:30,0.02,531.24
2018-10-15 00:45,0.07,523.77
2018-10-15 01:00,0.08,513.35
2018-10-15 01:15,0.04,511.79
2018-10-15 01:30,0.01,514.08
2018-10-15 01:45,0.00,509.26
2018-10-15 02:00,0.10,501.84
2018-10-15 02:15,0.04,493.92
2018-10-15 02:30,0.08,490.34
2018-10-15 02:45,0.01,489.36
2018-10-15 03:00,0.04,490.52
2018-10-15 03:15,0.04,483.89
2018-10-15 03:30,0.08,478.16
2018-10-15 03:45,0.06,477.34
2018-10-15 04:00,0.02,478.42
2018-10-15 04:15,0.00,484.11
2018-10-15 04:30,0.15,472.76
2018-10-15 04:45,0.04,474.45
2018-10-15 05:00,0.00,477.79
2018-10-15 05:15,0.04,480.52
2018-10-15 05:30,0.06,477.21
2018-10-15 05:45,0.04,489.11
2018-10-15 06:00,0.00,493.95
2018-10-15 06:15,1.45,503.97
2018-10-15 06:30,4.41,492.53
2018-10-15 06:45,13.92,485.21
2018-10-15 07:00,17.15,482.18
2018-10-15 07:15,17.82,489.66
2018-10-15 07:30,18.77,500.9
2018-10-15 07:45,14.46,527.66
2018-10-15 08:00,31.63,537.68
2018-10-15 08:15,100.72,527.69
2018-10-15 08:30,131.50,485.07
2018-10-15 08:45,124.30,497.23
2018-10-15 09:00,123.06,504.98
2018-10-15 09:15,132.14,517.08
2018-10-15 09:30,171.85,517.72
2018-10-15 09:45,124.65,502.61
2018-10-15 10:00,112.78,535.18
2018-10-15 10:15,178.46,539.8
2018-10-15 10:30,160.50,515.32
2018-10-15 10:45,141.78,526.74
2018-10-15 11:00,140.70,526.18
2018-10-15 11:15,171.99,537.58
2018-10-15 11:30,121.35,518.08
2018-10-15 11:45,138.86,542.72
2018-10-15 12:00,128.35,550.3
2018-10-15 12:15,140.26,538.63
2018-10-15 12:30,171.91,550.84
2018-10-15 12:45,168.34,519.45
2018-10-15 13:00,111.26,547.9
2018-10-15 13:15,179.96,577.71
2018-10-15 13:30,126.59,534.39
2018-10-15 13:45,78.11,584.58
2018-10-15 14:00,100.20,615.83
2018-10-15 14:15,97.59,587.24
2018-10-15 14:30,45.59,594.3
2018-10-15 14:45,85.25,626.28
2018-10-15 15:00,101.52,578.43
2018-10-15 15:15,85.25,570.17
2018-10-15 15:30,59.27,580.29
2018-10-15 15:45,79.27,582.96
2018-10-15 16:00,76.36,574.06
2018-10-15 16:15,54.29,569.29
2018-10-15 16:30,47.33,570.29
2018-10-15 16:45,36.75,568.21
2018-10-15 17:00,32.02,562.43
2018-10-15 17:15,19.10,570.71
2018-10-15 17:30,8.74,575.11
2018-10-15 17:45,1.61,572
2018-10-15 18:00,0.07,574.85
2018-10-15 18:15,0.03,577.53
2018-10-15 18:30,0.01,584.38
2018-10-15 18:45,0.04,579.93
2018-10-15 19:00,0.09,576.45
2018-10-15 19:15,0.16,575.22
2018-10-15 19:30,0.01,585.09
2018-10-15 19:45,0.01,579.61
2018-10-15 20:00,0.06,569.25
2018-10-15 20:15,0.04,562.48
2018-10-15 20:30,0.02,565.38
2018-10-15 20:45,0.02,564.66
2018-10-15 21:00,0.02,559.32
2018-10-15 21:15,0.10,562.46
2018-10-15 21:30,0.07,558.95
2018-10-15 21:45,0.03,553.96
2018-10-15 22:00,0.09,547.79
2018-10-15 22:15,0.06,549.5
2018-10-15 22:30,0.01,554.14
2018-10-15 22:45,0.02,549.82
2018-10-15 23:00,0.04,549.35
2018-10-15 23:15,0.10,548.48
2018-10-15 23:30,0.03,544.79
2018-10-15 23:45,0.01,544.53
2018-10-16 00:00,0.09,539.71
2018-10-16 00:15,0.01,534.37
2018-10-16 00:30,0.08,532.95
2018-10-16 00:45,0.07,529.3
2018-10-16 01:00,0.02,528.22
2018-10-16 01:15,0.02,525.14
2018-10-16 01:30,0.09,524.64
2018-10-16 01:45,0.06,524.66
2018-10-16 02:00,0.04,511.73
2018-10-16 02:15,0.02,512.37
2018-10-16 02:30,0.06,513.92
2018-10-16 02:45,0.04,514.63
2018-10-16 03:00,0.02,510.9
2018-10-16 03:15,0.09,504.77
2018-10-16 03:30,0.09,504.81
2018-10-16 03:45,0.06,505.53
2018-10-16 04:00,0.05,501.36
2018-10-16 04:15,0.01,494.92
2018-10-16 04:30,0.01,491.86
2018-10-16 04:45,0.05,496.07
2018-10-16 05:00,0.07,500.55
2018-10-16 05:15,0.04,506.16
2018-10-16 05:30,0.07,511.81
2018-10-16 05:45,0.10,525.66
2018-10-16 06:00,0.02,531.21
2018-10-16 06:15,1.19,539.97
2018-10-16 06:30,8.03,580.32
2018-10-16 06:45,21.50,616.57
2018-10-16 07:00,32.62,636.28
2018-10-16 07:15,35.81,684.28
2018-10-16 07:30,63.55,736.26
2018-10-16 07:45,73.40,802.29
2018-10-16 08:00,85.65,914.83
2018-10-16 08:15,87.62,1088.79
2018-10-16 08:30,75.58,1145.31
2018-10-16 08:45,52.23,1216.29
2018-10-16 09:00,76.99,1293.97
2018-10-16 09:15,158.12,1300.67
2018-10-16 09:30,48.43,1263.16
2018-10-16 09:45,137.04,1345.98
2018-10-16 10:00,184.34,1262.4
2018-10-16 10:15,150.74,1270.34
2018-10-16 10:30,105.14,1297.34
2018-10-16 10:45,111.43,1229.28
2018-10-16 11:00,160.07,1206.7
2018-10-16 11:15,148.27,1187.99
2018-10-16 11:30,110.37,1195.57
2018-10-16 11:45,109.23,1211.54
2018-10-16 12:00,130.02,1224.47
2018-10-16 12:15,100.25,1251.08
2018-10-16 12:30,110.46,1238.02
2018-10-16 12:45,75.56,1196.6
2018-10-16 13:00,33.01,1230.34
2018-10-16 13:15,16.59,1268.76
2018-10-16 13:30,14.74,1243.9
2018-10-16 13:45,8.30,1201.78
2018-10-16 14:00,7.79,1192.81
2018-10-16 14:15,16.42,1204.08
2018-10-16 14:30,23.97,1176.39
2018-10-16 14:45,31.28,1176.42
2018-10-16 15:00,85.06,1167.44
2018-10-16 15:15,101.36,1074.72
2018-10-16 15:30,104.82,1109.41
2018-10-16 15:45,86.95,1167.54
2018-10-16 16:00,74.66,1162.18
2018-10-16 16:15,59.22,1149.06
2018-10-16 16:30,47.98,1116.28
2018-10-16 16:45,30.48,1055.95
2018-10-16 17:00,19.82,1001
2018-10-16 17:15,12.74,942.2
2018-10-16 17:30,6.32,914.65
2018-10-16 17:45,1.02,881.8
2018-10-16 18:00,0.04,869.54
2018-10-16 18:15,0.02,849.33
2018-10-16 18:30,0.04,812.11
2018-10-16 18:45,0.10,797.08
2018-10-16 19:00,0.03,760.89
2018-10-16 19:15,0.02,738.18
2018-10-16 19:30,0.02,722.37
2018-10-16 19:45,0.12,700.54
2018-10-16 20:00,0.05,685.17
2018-10-16 20:15,0.01,667.99
2018-10-16 20:30,0.02,650.89
2018-10-16 20:45,0.08,621.17
2018-10-16 21:00,0.02,615.49
2018-10-16 21:15,0.07,604.8
2018-10-16 21:30,0.06,593.91
2018-10-16 21:45,0.02,590.62
2018-10-16 22:00,0.01,591.24
2018-10-16 22:15,0.02,592.11
2018-10-16 22:30,0.13,587.88
2018-10-16 22:45,0.10,591.98
2018-10-16 23:00,0.01,581.56
2018-10-16 23:15,0.02,576.82
2018-10-16 23:30,0.05,583.35
2018-10-16 23:45,0.02,579.75
2018-10-17 00:00,0.04,573.21
2018-10-17 00:15,0.05,567.58
2018-10-17 00:30,0.02,570.01
2018-10-17 00:45,0.06,563.21
2018-10-17 01:00,0.09,560.56
2018-10-17 01:15,0.06,558.56
2018-10-17 01:30,0.02,549.51
2018-10-17 01:45,0.06,547.61
2018-10-17 02:00,0.05,535.77
2018-10-17 02:15,0.01,537.51
2018-10-17 02:30,0.02,535.13
2018-10-17 02:45,0.06,528.24
2018-10-17 03:00,0.00,523.48
2018-10-17 03:15,0.15,520.16
2018-10-17 03:30,0.04,518.61
2018-10-17 03:45,0.00,515.56
2018-10-17 04:00,0.01,517.06
2018-10-17 04:15,0.09,520.35
2018-10-17 04:30,0.06,516.18
2018-10-17 04:45,0.04,512.93
2018-10-17 05:00,0.01,509.19
2018-10-17 05:15,0.12,519.03
2018-10-17 05:30,0.05,521.29
2018-10-17 05:45,0.02,531.26
2018-10-17 06:00,0.07,544.13
2018-10-17 06:15,2.22,545.34
2018-10-17 06:30,6.62,583.06
2018-10-17 06:45,12.62,663.15
2018-10-17 07:00,26.78,670.96
2018-10-17 07:15,41.66,700.31
2018-10-17 07:30,51.91,735.28
2018-10-17 07:45,54.42,816.24
2018-10-17 08:00,61.04,907.36
2018-10-17 08:15,85.46,995
2018-10-17 08:30,116.15,1070.66
2018-10-17 08:45,53.74,1064.59
2018-10-17 09:00,42.26,1103.53
2018-10-17 09:15,116.19,1141.77
2018-10-17 09:30,132.34,1114.8
2018-10-17 09:45,123.58,1141.62
2018-10-17 10:00,144.50,1138.56
2018-10-17 10:15,125.50,1123.86
2018-10-17 10:30,159.07,1141.48
2018-10-17 10:45,163.37,1128.51
2018-10-17 11:00,160.54,1119.9
2018-10-17 11:15,180.06,1112.4
2018-10-17 11:30,204.10,1142.39
2018-10-17 11:45,191.79,1169.17
2018-10-17 12:00,197.45,1188.38
2018-10-17 12:15,143.70,1182.46
2018-10-17 12:30,167.35,1145.73
2018-10-17 12:45,164.47,1102.09
2018-10-17 13:00,161.34,1118.98
2018-10-17 13:15,36.30,1192.96
2018-10-17 13:30,36.02,1234.66
2018-10-17 13:45,30.15,1240.24
2018-10-17 14:00,25.02,1216.66
2018-10-17 14:15,30.62,1164.6
2018-10-17 14:30,29.30,1149.22
2018-10-17 14:45,23.50,1153.26
2018-10-17 15:00,23.62,1149.8
2018-10-17 15:15,25.98,1123.73
2018-10-17 15:30,37.95,1112.2
2018-10-17 15:45,39.22,1084.62
2018-10-17 16:00,31.98,1052.38
2018-10-17 16:15,22.93,1053.06
2018-10-17 16:30,15.03,991.31
2018-10-17 16:45,11.16,936.21
2018-10-17 17:00,8.53,904.81
2018-10-17 17:15,6.38,877.7
2018-10-17 17:30,4.68,856.4
2018-10-17 17:45,1.12,835.53
2018-10-17 18:00,0.06,828.22
2018-10-17 18:15,0.02,788.53
2018-10-17 18:30,0.02,793.85
2018-10-17 18:45,0.12,780.45
2018-10-17 19:00,0.04,760.47
2018-10-17 19:15,0.00,742.11
2018-10-17 19:30,0.15,720.1
2018-10-17 19:45,0.01,680.63
2018-10-17 20:00,0.03,668.51
2018-10-17 20:15,0.01,647.02
2018-10-17 20:30,0.04,625.64
2018-10-17 20:45,0.02,624.78
2018-10-17 21:00,0.07,606.72
2018-10-17 21:15,0.09,591.8
2018-10-17 21:30,0.02,586.43
2018-10-17 21:45,0.03,575.09
2018-10-17 22:00,0.02,568.64
2018-10-17 22:15,0.02,582.3
2018-10-17 22:30,0.05,567.59
2018-10-17 22:45,0.10,566.93
2018-10-17 23:00,0.02,563.08
2018-10-17 23:15,0.06,556.29
2018-10-17 23:30,0.06,557.11
2018-10-17 23:45,0.04,555.63
2018-10-18 00:00,0.00,553.55
2018-10-18 00:15,0.04,541.19
2018-10-18 00:30,0.06,547.87
2018-10-18 00:45,0.05,554.09
2018-10-18 01:00,0.02,555.85
2018-10-18 01:15,0.01,547.38
2018-10-18 01:30,0.09,539.97
2018-10-18 01:45,0.05,539.66
2018-10-18 02:00,0.09,533.27
2018-10-18 02:15,0.04,532.3
2018-10-18 02:30,0.02,530.77
2018-10-18 02:45,0.02,530.61
2018-10-18 03:00,0.01,524.9
2018-10-18 03:15,0.06,516.85
2018-10-18 03:30,0.07,517.27
2018-10-18 03:45,0.02,517.13
2018-10-18 04:00,0.06,512.66
2018-10-18 04:15,0.02,507.94
2018-10-18 04:30,0.02,506.27
2018-10-18 04:45,0.12,499.9
2018-10-18 05:00,0.05,504.55
2018-10-18 05:15,0.01,508.37
2018-10-18 05:30,0.04,512.37
2018-10-18 05:45,0.06,530.14
2018-10-18 06:00,0.14,529.87
2018-10-18 06:15,3.21,538.32
2018-10-18 06:30,11.30,566.09
2018-10-18 06:45,16.73,612.49
2018-10-18 07:00,21.82,640.68
2018-10-18 07:15,20.13,690.94
2018-10-18 07:30,33.74,742.97
2018-10-18 07:45,41.82,814.93
2018-10-18 08:00,65.36,888.41
2018-10-18 08:15,102.00,989.29
2018-10-18 08:30,127.19,1073.51
2018-10-18 08:45,132.90,1118.28
2018-10-18 09:00,141.26,1133.09
2018-10-18 09:15,147.98,1151.83
2018-10-18 09:30,163.11,1165.76
2018-10-18 09:45,162.50,1169.34
2018-10-18 10:00,170.70,1186.42
2018-10-18 10:15,179.56,1187.23
2018-10-18 10:30,190.68,1184.75
2018-10-18 10:45,184.44,1171.34
2018-10-18 11:00,185.82,1188.41
2018-10-18 11:15,196.10,1180.07
2018-10-18 11:30,158.18,1186.02
2018-10-18 11:45,139.13,1112.4
2018-10-18 12:00,160.99,1140.2
2018-10-18 12:15,129.06,1131.43
2018-10-18 12:30,159.23,1136.93
2018-10-18 12:45,150.15,1116.94
2018-10-18 13:00,152.48,1121.64
2018-10-18 13:15,68.16,1146.96
2018-10-18 13:30,153.31,1207.73
2018-10-18 13:45,145.24,1162.97
2018-10-18 14:00,101.03,1171.47
2018-10-18 14:15,94.74,1202.12
2018-10-18 14:30,95.95,1181.36
2018-10-18 14:45,97.78,1183.52
2018-10-18 15:00,73.04,1172.25
2018-10-18 15:15,47.25,1180.65
2018-10-18 15:30,37.49,1168.25
2018-10-18 15:45,20.18,1147.56
2018-10-18 16:00,13.39,1131.83
2018-10-18 16:15,12.90,1079.27
2018-10-18 16:30,12.49,1029.48
2018-10-18 16:45,8.16,957.95
2018-10-18 17:00,4.39,918.09
2018-10-18 17:15,2.33,884.88
2018-10-18 17:30,1.09,859.75
2018-10-18 17:45,0.27,838.09
2018-10-18 18:00,0.06,820.22
2018-10-18 18:15,0.02,800.72
2018-10-18 18:30,0.06,799.29
2018-10-18 18:45,0.00,781.37
2018-10-18 19:00,0.12,738.9
2018-10-18 19:15,0.02,716.31
2018-10-18 19:30,0.05,696.46
2018-10-18 19:45,0.02,675.67
2018-10-18 20:00,0.02,656.99
2018-10-18 20:15,0.02,647.52
2018-10-18 20:30,0.03,624.64
2018-10-18 20:45,0.02,606.69
2018-10-18 21:00,0.10,594.37
2018-10-18 21:15,0.05,587.33
2018-10-18 21:30,0.06,585.9
2018-10-18 21:45,0.02,580.88
2018-10-18 22:00,0.01,578.48
2018-10-18 22:15,0.02,570.48
2018-10-18 22:30,0.09,578.32
2018-10-18 22:45,0.01,595.83
2018-10-18 23:00,0.10,596.41
2018-10-18 23:15,0.01,588.88
2018-10-18 23:30,0.04,590.16
2018-10-18 23:45,0.06,595.85
2018-10-19 00:00,0.05,582.37
2018-10-19 00:15,0.02,582.01
2018-10-19 00:30,0.02,577.33
2018-10-19 00:45,0.03,586.49
2018-10-19 01:00,0.02,589.72
2018-10-19 01:15,0.07,587.11
2018-10-19 01:30,0.07,582.75
2018-10-19 01:45,0.02,573.12
2018-10-19 02:00,0.04,570.93
2018-10-19 02:15,0.04,563.29
2018-10-19 02:30,0.03,567.13
2018-10-19 02:45,0.02,560.63
2018-10-19 03:00,0.06,547.22
2018-10-19 03:15,0.04,542.09
2018-10-19 03:30,0.08,537.27
2018-10-19 03:45,0.01,537.68
2018-10-19 04:00,0.04,534.14
2018-10-19 04:15,0.02,532.3
2018-10-19 04:30,0.07,525.06
2018-10-19 04:45,0.04,528.3
2018-10-19 05:00,0.02,530.85
2018-10-19 05:15,0.03,532.55
2018-10-19 05:30,0.04,540.38
2018-10-19 05:45,0.09,545.03
2018-10-19 06:00,0.03,556.58
2018-10-19 06:15,0.79,558.71
2018-10-19 06:30,3.50,574.69
2018-10-19 06:45,9.22,627.8
2018-10-19 07:00,14.78,682.31
2018-10-19 07:15,26.66,736.23
2018-10-19 07:30,49.34,769.48
2018-10-19 07:45,27.87,827.09
2018-10-19 08:00,33.63,931.91
2018-10-19 08:15,69.70,1015.53
2018-10-19 08:30,93.04,1100.96
2018-10-19 08:45,90.51,1127.51
2018-10-19 09:00,67.59,1137.83
2018-10-19 09:15,114.30,1179.76
2018-10-19 09:30,131.37,1168.73
2018-10-19 09:45,127.04,1191.65
2018-10-19 10:00,139.46,1200.99
2018-10-19 10:15,141.94,1207.52
2018-10-19 10:30,149.70,1232.74
2018-10-19 10:45,115.90,1228.7
2018-10-19 11:00,108.90,1277.1
2018-10-19 11:15,94.06,1266.82
2018-10-19 11:30,60.54,1279.1
2018-10-19 11:45,53.39,1293.45
2018-10-19 12:00,107.43,1280.92
2018-10-19 12:15,119.12,1211.47
2018-10-19 12:30,103.48,1217.34
2018-10-19 12:45,148.60,1236
2018-10-19 13:00,101.89,1220.81
2018-10-19 13:15,101.25,1280.64
2018-10-19 13:30,101.60,1270.45
2018-10-19 13:45,78.88,1285.03
2018-10-19 14:00,70.38,1303.59
2018-10-19 14:15,60.00,1277.89
2018-10-19 14:30,69.37,1284.26
2018-10-19 14:45,82.29,1270.69
2018-10-19 15:00,76.76,1251.92
2018-10-19 15:15,75.58,1251.08
2018-10-19 15:30,65.72,1219.45
2018-10-19 15:45,58.27,1202.52
2018-10-19 16:00,44.33,1162.54
2018-10-19 16:15,42.17,1102.83
2018-10-19 16:30,30.67,1032.16
2018-10-19 16:45,20.32,971.63
2018-10-19 17:00,15.72,927.52
2018-10-19 17:15,8.06,907.43
2018-10-19 17:30,3.57,887.98
2018-10-19 17:45,0.28,860.15
2018-10-19 18:00,0.01,830.43
2018-10-19 18:15,0.05,821.71
2018-10-19 18:30,0.01,814.84
2018-10-19 18:45,0.09,782.43
2018-10-19 19:00,0.07,752.73
2018-10-19 19:15,0.02,726.26
2018-10-19 19:30,0.02,713.87
2018-10-19 19:45,0.09,686.33
2018-10-19 20:00,0.05,671.7
2018-10-19 20:15,0.04,652.17
2018-10-19 20:30,0.04,620.01
2018-10-19 20:45,0.03,600.66
2018-10-19 21:00,0.01,573.5
2018-10-19 21:15,0.06,568.98
2018-10-19 21:30,0.09,562.08
2018-10-19 21:45,0.06,562.67
2018-10-19 22:00,0.06,557.06
2018-10-19 22:15,0.04,554.09
2018-10-19 22:30,0.04,549.66
2018-10-19 22:45,0.03,551.56
2018-10-19 23:00,0.02,547.14
2018-10-19 23:15,0.04,546.9
2018-10-19 23:30,0.05,544.98
2018-10-19 23:45,0.02,541.69
2018-10-20 00:00,0.10,538.68
2018-10-20 00:15,0.01,533.77
2018-10-20 00:30,0.08,538.43
2018-10-20 00:45,0.06,545.24
2018-10-20 01:00,0.06,536.89
2018-10-20 01:15,0.03,530.03
2018-10-20 01:30,0.02,518.64
2018-10-20 01:45,0.02,517.93
2018-10-20 02:00,0.12,516.16
2018-10-20 02:15,0.00,513.45
2018-10-20 02:30,0.06,510.89
2018-10-20 02:45,0.01,513.71
2018-10-20 03:00,0.03,508.74
2018-10-20 03:15,0.12,504.45
2018-10-20 03:30,0.01,500.13
2018-10-20 03:45,0.04,494.89
2018-10-20 04:00,0.06,495.92
2018-10-20 04:15,0.12,496.52
2018-10-20 04:30,0.01,490.61
2018-10-20 04:45,0.00,490.05
2018-10-20 05:00,0.04,493.26
2018-10-20 05:15,0.01,494.81
2018-10-20 05:30,0.09,502.21
2018-10-20 05:45,0.02,508.32
2018-10-20 06:00,0.09,509.85
2018-10-20 06:15,0.10,510.24
2018-10-20 06:30,1.12,519.37
2018-10-20 06:45,4.48,540.43
2018-10-20 07:00,9.39,562.45
2018-10-20 07:15,14.79,559.88
2018-10-20 07:30,22.71,562.64
2018-10-20 07:45,30.82,606.2
2018-10-20 08:00,40.45,623.96
2018-10-20 08:15,43.85,661.55
2018-10-20 08:30,66.68,684
2018-10-20 08:45,63.03,686.86
2018-10-20 09:00,41.10,714.49
2018-10-20 09:15,29.10,741
2018-10-20 09:30,50.42,745.37
2018-10-20 09:45,30.18,753.03
2018-10-20 10:00,83.51,750.68
2018-10-20 10:15,128.22,721.86
2018-10-20 10:30,110.52,688.84
2018-10-20 10:45,97.38,712.16
2018-10-20 11:00,92.57,734.44
2018-10-20 11:15,81.82,740.66
2018-10-20 11:30,97.58,727.81
2018-10-20 11:45,110.46,723.28
2018-10-20 12:00,115.03,725.21
2018-10-20 12:15,125.21,698.2
2018-10-20 12:30,98.11,685.67
2018-10-20 12:45,127.46,720.36
2018-10-20 13:00,107.22,684.44
2018-10-20 13:15,14.65,716.58
2018-10-20 13:30,31.15,772.56
2018-10-20 13:45,47.55,747.97
2018-10-20 14:00,58.75,733.53
2018-10-20 14:15,44.75,733.13
2018-10-20 14:30,15.73,721.24
2018-10-20 14:45,7.96,727.86
2018-10-20 15:00,2.64,727.92
2018-10-20 15:15,4.67,697.65
2018-10-20 15:30,13.57,670.73
2018-10-20 15:45,19.96,659.91
2018-10-20 16:00,16.59,637.88
2018-10-20 16:15,14.81,633.35
2018-10-20 16:30,8.46,612.93
2018-10-20 16:45,2.99,592.54
2018-10-20 17:00,2.42,577.08
2018-10-20 17:15,1.44,547.98
2018-10-20 17:30,0.23,545.84
2018-10-20 17:45,0.06,544.64
2018-10-20 18:00,0.00,542.29
2018-10-20 18:15,0.02,537.01
2018-10-20 18:30,0.06,538.18
2018-10-20 18:45,0.00,533.92
2018-10-20 19:00,0.09,525.1
2018-10-20 19:15,0.06,520.87
2018-10-20 19:30,0.02,518.47
2018-10-20 19:45,0.10,513.26
2018-10-20 20:00,0.04,511.14
2018-10-20 20:15,0.03,511.71
2018-10-20 20:30,0.02,508.03
2018-10-20 20:45,0.04,508.97
2018-10-20 21:00,0.11,502.19
2018-10-20 21:15,0.02,503.37
2018-10-20 21:30,0.02,499.02
2018-10-20 21:45,0.02,497.42
2018-10-20 22:00,0.00,496.79
2018-10-20 22:15,0.09,500.16
2018-10-20 22:30,0.10,501.34
2018-10-20 22:45,0.00,503.68
2018-10-20 23:00,0.04,498.71
2018-10-20 23:15,0.09,497.24
2018-10-20 23:30,0.06,501.1
2018-10-20 23:45,0.05,496.47
2018-10-21 00:00,0.01,487.68
2018-10-21 00:15,0.04,495.03
2018-10-21 00:30,0.02,496
2018-10-21 00:45,0.04,498.02
2018-10-21 01:00,0.06,486.9
2018-10-21 01:15,0.02,484.76
2018-10-21 01:30,0.16,483.63
2018-10-21 01:45,0.02,479.29
2018-10-21 02:00,0.06,483.4
2018-10-21 02:15,0.02,480.42
2018-10-21 02:30,0.01,477.15
2018-10-21 02:45,0.06,476.15
2018-10-21 03:00,0.02,472.16
2018-10-21 03:15,0.05,475.58
2018-10-21 03:30,0.02,472.32
2018-10-21 03:45,0.07,466.03
2018-10-21 04:00,0.03,461.41
2018-10-21 04:15,0.14,463
2018-10-21 04:30,0.06,466.31
2018-10-21 04:45,0.00,464.99
2018-10-21 05:00,0.01,464.29
2018-10-21 05:15,0.06,469.15
2018-10-21 05:30,0.02,473.41
2018-10-21 05:45,0.05,476.44
2018-10-21 06:00,0.09,472.81
2018-10-21 06:15,0.71,480.53
2018-10-21 06:30,2.87,481.39
2018-10-21 06:45,4.17,482.44
2018-10-21 07:00,5.89,491.24
2018-10-21 07:15,10.38,510.77
2018-10-21 07:30,19.46,508.48
2018-10-21 07:45,28.39,512.55
2018-10-21 08:00,45.37,514.77
2018-10-21 08:15,45.62,538.95
2018-10-21 08:30,81.14,528.87
2018-10-21 08:45,88.79,518.02
2018-10-21 09:00,110.66,519.93
2018-10-21 09:15,118.76,517.19
2018-10-21 09:30,143.74,518.16
2018-10-21 09:45,118.91,508.32
2018-10-21 10:00,81.29,539.19
2018-10-21 10:15,69.43,573.74
2018-10-21 10:30,109.69,566.85
2018-10-21 10:45,160.22,532.27
2018-10-21 11:00,149.06,502.68
2018-10-21 11:15,211.62,511.14
2018-10-21 11:30,96.82,474.76
2018-10-21 11:45,75.69,575.82
2018-10-21 12:00,72.14,582.2
2018-10-21 12:15,102.33,585.85
2018-10-21 12:30,15.68,557.35
2018-10-21 12:45,15.73,630.91
2018-10-21 13:00,13.70,596.27
2018-10-21 13:15,3.59,599.38
2018-10-21 13:30,8.96,602.49
2018-10-21 13:45,14.89,600.8
2018-10-21 14:00,11.04,591.51
2018-10-21 14:15,17.48,600.59
2018-10-21 14:30,32.66,596.04
2018-10-21 14:45,31.70,579.35
2018-10-21 15:00,29.01,577.3
2018-10-21 15:15,24.52,574.01
2018-10-21 15:30,25.15,574.75
2018-10-21 15:45,34.53,569.01
2018-10-21 16:00,75.81,551.85
2018-10-21 16:15,21.27,527.98
2018-10-21 16:30,4.10,575.41
2018-10-21 16:45,7.35,550.5
2018-10-21 17:00,2.26,525.42
2018-10-21 17:15,0.59,525.98
2018-10-21 17:30,0.02,521.85
2018-10-21 17:45,0.02,533.69
2018-10-21 18:00,0.09,534.85
2018-10-21 18:15,0.02,529.97
2018-10-21 18:30,0.10,531.69
2018-10-21 18:45,0.01,533.82
2018-10-21 19:00,0.06,530.37
2018-10-21 19:15,0.05,527.24
2018-10-21 19:30,0.06,521.26
2018-10-21 19:45,0.01,517.02
2018-10-21 20:00,0.00,515.66
2018-10-21 20:15,0.06,509.64
2018-10-21 20:30,0.12,494.31
2018-10-21 20:45,0.09,463.07
2018-10-21 21:00,0.02,538.97
2018-10-21 21:15,0.01,523.06
2018-10-21 21:30,0.06,525.61
2018-10-21 21:45,0.03,516.08
2018-10-21 22:00,0.07,517.06
2018-10-21 22:15,0.01,509.97
2018-10-21 22:30,0.04,510.69
2018-10-21 22:45,0.10,517.72
2018-10-21 23:00,0.01,507.82
2018-10-21 23:15,0.02,508.55
2018-10-21 23:30,0.13,507.73
2018-10-21 23:45,0.02,508.47
2018-10-22 00:00,0.02,507.63
2018-10-22 00:15,0.03,504.9
2018-10-22 00:30,0.06,502.58
2018-10-22 00:45,0.10,499.69
2018-10-22 01:00,0.04,499.52
2018-10-22 01:15,0.02,496.39
2018-10-22 01:30,0.02,492.37
2018-10-22 01:45,0.02,491.15
2018-10-22 02:00,0.03,483.9
2018-10-22 02:15,0.12,485.94
2018-10-22 02:30,0.02,484.78
2018-10-22 02:45,0.06,481.76
2018-10-22 03:00,0.08,480.39
2018-10-22 03:15,0.02,472.16
2018-10-22 03:30,0.04,469.81
2018-10-22 03:45,0.05,469.66
2018-10-22 04:00,0.02,467.62
2018-10-22 04:15,0.01,470.24
2018-10-22 04:30,0.07,464.76
2018-10-22 04:45,0.00,463.71
2018-10-22 05:00,0.07,462.12
2018-10-22 05:15,0.17,468.39
2018-10-22 05:30,0.03,479.26
2018-10-22 05:45,0.02,492.5
2018-10-22 06:00,0.07,501.63
2018-10-22 06:15,2.92,509.16
2018-10-22 06:30,8.99,522.92
2018-10-22 06:45,12.52,566.61
2018-10-22 07:00,27.73,596.93
2018-10-22 07:15,35.19,621.51
2018-10-22 07:30,49.45,677.01
2018-10-22 07:45,72.10,751.97
2018-10-22 08:00,84.30,828.75
2018-10-22 08:15,98.43,892.39
2018-10-22 08:30,113.67,966.2
2018-10-22 08:45,86.66,1099.4
2018-10-22 09:00,107.94,1002.11
2018-10-22 09:15,110.08,964.31
2018-10-22 09:30,120.32,985.37
2018-10-22 09:45,133.42,1000.6
2018-10-22 10:00,144.52,963.13
2018-10-22 10:15,144.86,921.26
2018-10-22 10:30,148.42,927.57
2018-10-22 10:45,146.92,995.84
2018-10-22 11:00,149.79,1055.03
2018-10-22 11:15,157.75,1059.9
2018-10-22 11:30,163.49,1063.66
2018-10-22 11:45,156.31,1146.72
2018-10-22 12:00,98.95,1206.05
2018-10-22 12:15,130.04,1212.49
2018-10-22 12:30,72.09,1178.86
2018-10-22 12:45,88.25,1214.42
2018-10-22 13:00,121.70,1183.52
2018-10-22 13:15,60.90,1182.67
2018-10-22 13:30,41.82,1222.6
2018-10-22 13:45,65.28,1225.87
2018-10-22 14:00,39.99,1194.68
2018-10-22 14:15,40.50,1234.03
2018-10-22 14:30,44.47,1204.44
2018-10-22 14:45,24.12,1191.57
2018-10-22 15:00,20.96,1176.54
2018-10-22 15:15,5.92,1161.81
2018-10-22 15:30,4.60,1156.6
2018-10-22 15:45,3.24,1134.35
2018-10-22 16:00,4.18,1074.56
2018-10-22 16:15,3.34,971.57
2018-10-22 16:30,4.53,936.75
2018-10-22 16:45,2.33,889.3
2018-10-22 17:00,2.75,830.74
2018-10-22 17:15,5.17,795.16
2018-10-22 17:30,2.69,756.29
2018-10-22 17:45,0.10,737.95
2018-10-22 18:00,0.07,727.1
2018-10-22 18:15,0.04,726.99
2018-10-22 18:30,0.02,708.6
2018-10-22 18:45,0.01,700.34
2018-10-22 19:00,0.10,679.73
2018-10-22 19:15,0.02,667.73
2018-10-22 19:30,0.06,658.18
2018-10-22 19:45,0.07,636.23
2018-10-22 20:00,0.02,622.32
2018-10-22 20:15,0.02,601.83
2018-10-22 20:30,0.01,591.4
2018-10-22 20:45,0.04,578.59
2018-10-22 21:00,0.13,563.04
2018-10-22 21:15,0.01,556.79
2018-10-22 21:30,0.04,542.64
2018-10-22 21:45,0.00,534.08
2018-10-22 22:00,0.04,530.45
2018-10-22 22:15,0.07,527.63
2018-10-22 22:30,0.06,524.55
2018-10-22 22:45,0.00,527.77
2018-10-22 23:00,0.02,530.45
2018-10-22 23:15,0.12,520.22
2018-10-22 23:30,0.00,525.79
2018-10-22 23:45,0.02,526.11
2018-10-23 00:00,0.07,521.03
2018-10-23 00:15,0.01,516.48
2018-10-23 00:30,0.03,520.35
2018-10-23 00:45,0.01,508.98
2018-10-23 01:00,0.09,503.58
2018-10-23 01:15,0.06,500.77
2018-10-23 01:30,0.04,496.36
2018-10-23 01:45,0.06,493.03
2018-10-23 02:00,0.02,496.71
2018-10-23 02:15,0.02,492.89
2018-10-23 02:30,0.02,490.28
2018-10-23 02:45,0.01,492.1
2018-10-23 03:00,0.08,485.68
2018-10-23 03:15,0.02,491.28
2018-10-23 03:30,0.12,489.19
2018-10-23 03:45,0.00,483.32
2018-10-23 04:00,0.04,480.57
2018-10-23 04:15,0.04,478.15
2018-10-23 04:30,0.06,476.66
2018-10-23 04:45,0.00,474.76
2018-10-23 05:00,0.04,467.31
2018-10-23 05:15,0.02,470.52
2018-10-23 05:30,0.03,471.28
2018-10-23 05:45,0.07,474.84
2018-10-23 06:00,0.10,478.37
2018-10-23 06:15,0.00,479.74
2018-10-23 06:30,0.25,482.26
2018-10-23 06:45,0.89,488.95
2018-10-23 07:00,1.98,480.76
2018-10-23 07:15,4.71,479.29
2018-10-23 07:30,10.44,484.9
2018-10-23 07:45,16.28,485.36
2018-10-23 08:00,24.76,485.36
2018-10-23 08:15,33.42,480.95
2018-10-23 08:30,43.96,483.52
2018-10-23 08:45,45.96,482.24
2018-10-23 09:00,49.94,503
2018-10-23 09:15,49.83,513.1
2018-10-23 09:30,57.63,520.21
2018-10-23 09:45,66.92,529.89
2018-10-23 10:00,116.40,518.69
2018-10-23 10:15,127.95,490.73
2018-10-23 10:30,133.91,496.26
2018-10-23 10:45,107.94,508.13
2018-10-23 11:00,126.51,531.3
2018-10-23 11:15,158.74,537.56
2018-10-23 11:30,183.66,512.55
2018-10-23 11:45,114.82,512.39
2018-10-23 12:00,157.22,552.06
2018-10-23 12:15,170.31,517.61
2018-10-23 12:30,166.63,509.97
2018-10-23 12:45,123.03,526.64
2018-10-23 13:00,142.75,557.51
2018-10-23 13:15,129.11,546.93
2018-10-23 13:30,150.45,548.79
2018-10-23 13:45,129.03,536.74
2018-10-23 14:00,102.68,554.48
2018-10-23 14:15,86.33,586.12
2018-10-23 14:30,124.40,591.35
2018-10-23 14:45,106.13,575.37
2018-10-23 15:00,92.37,583.7
2018-10-23 15:15,87.83,583.41
2018-10-23 15:30,44.23,588.35
2018-10-23 15:45,13.34,612.48
2018-10-23 16:00,16.87,611.2
2018-10-23 16:15,15.68,595.12
2018-10-23 16:30,15.42,594.28
2018-10-23 16:45,10.94,586.29
2018-10-23 17:00,8.04,578.12
2018-10-23 17:15,4.94,570.3
2018-10-23 17:30,1.94,567.32
2018-10-23 17:45,0.05,566.43
2018-10-23 18:00,0.06,571.19
2018-10-23 18:15,0.12,582.01
2018-10-23 18:30,0.02,577.04
2018-10-23 18:45,0.01,576.93
2018-10-23 19:00,0.06,570.66
2018-10-23 19:15,0.04,566.56
2018-10-23 19:30,0.03,563.66
2018-10-23 19:45,0.04,561.32
2018-10-23 20:00,0.02,554.32
2018-10-23 20:15,0.02,548.93
2018-10-23 20:30,0.09,538.72
2018-10-23 20:45,0.02,529.98
2018-10-23 21:00,0.03,522.95
2018-10-23 21:15,0.06,525.77
2018-10-23 21:30,0.01,522.82
2018-10-23 21:45,0.05,523.35
2018-10-23 22:00,0.04,516
2018-10-23 22:15,0.04,510.31
2018-10-23 22:30,0.00,513.95
2018-10-23 22:45,0.09,517.55
2018-10-23 23:00,0.06,518.47
2018-10-23 23:15,0.02,508.79
2018-10-23 23:30,0.02,514.85
2018-10-23 23:45,0.04,513.37
2018-10-24 00:00,0.01,509.73
2018-10-24 00:15,0.02,504
2018-10-24 00:30,0.10,506.68
2018-10-24 00:45,0.02,506.4
2018-10-24 01:00,0.08,499.47
2018-10-24 01:15,0.01,496.13
2018-10-24 01:30,0.06,488.24
2018-10-24 01:45,0.04,487.37
2018-10-24 02:00,0.02,489.84
2018-10-24 02:15,0.06,486.98
2018-10-24 02:30,0.01,482.87
2018-10-24 02:45,0.02,478.74
2018-10-24 03:00,0.07,469.76
2018-10-24 03:15,0.12,470.42
2018-10-24 03:30,0.02,471.41
2018-10-24 03:45,0.03,467.55
2018-10-24 04:00,0.01,464.49
2018-10-24 04:15,0.04,467.15
2018-10-24 04:30,0.00,458.87
2018-10-24 04:45,0.07,460.04
2018-10-24 05:00,0.02,457.84
2018-10-24 05:15,0.02,476.05
2018-10-24 05:30,0.13,477.5
2018-10-24 05:45,0.01,491.4
2018-10-24 06:00,0.02,495.5
2018-10-24 06:15,1.00,507.85
2018-10-24 06:30,5.19,521.71
2018-10-24 06:45,10.52,575.27
2018-10-24 07:00,19.24,615.28
2018-10-24 07:15,25.13,656.91
2018-10-24 07:30,37.49,694.79
2018-10-24 07:45,47.58,762.92
2018-10-24 08:00,64.34,856.28
2018-10-24 08:15,65.58,959.05
2018-10-24 08:30,64.77,1043.84
2018-10-24 08:45,62.56,1085.7
2018-10-24 09:00,74.32,1115.12
2018-10-24 09:15,91.29,1131.93
2018-10-24 09:30,71.45,1117.51
2018-10-24 09:45,71.14,1152.2
2018-10-24 10:00,104.72,1161.93
2018-10-24 10:15,128.60,1143.56
2018-10-24 10:30,105.23,1129.61
2018-10-24 10:45,79.31,1171.78
2018-10-24 11:00,106.44,1152.47
2018-10-24 11:15,133.02,1087.24
2018-10-24 11:30,148.51,1076.48
2018-10-24 11:45,122.98,1172.78
2018-10-24 12:00,154.37,1178.6
2018-10-24 12:15,123.18,1149.83
2018-10-24 12:30,98.43,1107.17
2018-10-24 12:45,86.61,1113.99
2018-10-24 13:00,83.84,1092.72
2018-10-24 13:15,99.06,1101.74
2018-10-24 13:30,155.05,1130.36
2018-10-24 13:45,140.57,1116.53
2018-10-24 14:00,138.76,1124.57
2018-10-24 14:15,108.42,1108.53
2018-10-24 14:30,132.99,1130.9
2018-10-24 14:45,100.88,1096.22
2018-10-24 15:00,115.02,1121.2
2018-10-24 15:15,80.91,1084.72
2018-10-24 15:30,70.58,1105.7
2018-10-24 15:45,72.67,1101.99
2018-10-24 16:00,41.55,1085.19
2018-10-24 16:15,29.24,1067.38
2018-10-24 16:30,19.77,1033.22
2018-10-24 16:45,9.33,964.47
2018-10-24 17:00,4.64,910.72
2018-10-24 17:15,3.14,874.78
2018-10-24 17:30,1.10,839.2
2018-10-24 17:45,0.07,827.04
2018-10-24 18:00,0.02,816.58
2018-10-24 18:15,0.02,768.64
2018-10-24 18:30,0.06,745.55
2018-10-24 18:45,0.01,710.68
2018-10-24 19:00,0.05,700.75
2018-10-24 19:15,0.10,686.18
2018-10-24 19:30,0.06,644.86
2018-10-24 19:45,0.03,607.43
2018-10-24 20:00,0.02,612.88
2018-10-24 20:15,0.04,614.94
2018-10-24 20:30,0.00,593.56
2018-10-24 20:45,0.02,580.12
2018-10-24 21:00,0.09,567.45
2018-10-24 21:15,0.01,552.75
2018-10-24 21:30,0.08,553.3
2018-10-24 21:45,0.04,547.38
2018-10-24 22:00,0.06,546.8
2018-10-24 22:15,0.05,543.3
2018-10-24 22:30,0.02,551.71
2018-10-24 22:45,0.02,551.4
2018-10-24 23:00,0.02,545.38
2018-10-24 23:15,0.02,540.09
2018-10-24 23:30,0.09,538.87
2018-10-24 23:45,0.07,531.27
2018-10-25 00:00,0.02,522.9
2018-10-25 00:15,0.02,518.21
2018-10-25 00:30,0.06,514.16
2018-10-25 00:45,0.02,517.27
2018-10-25 01:00,0.07,511.97
2018-10-25 01:15,0.02,510.76
2018-10-25 01:30,0.02,501.29
2018-10-25 01:45,0.06,497.68
2018-10-25 02:00,0.04,505.52
2018-10-25 02:15,0.07,495.47
2018-10-25 02:30,0.00,491.89
2018-10-25 02:45,0.02,493.5
2018-10-25 03:00,0.07,486.55
2018-10-25 03:15,0.04,485.65
2018-10-25 03:30,0.03,479.6
2018-10-25 03:45,0.04,478.2
2018-10-25 04:00,0.09,478.89
2018-10-25 04:15,0.00,474.15
2018-10-25 04:30,0.04,470.12
2018-10-25 04:45,0.06,478.02
2018-10-25 05:00,0.04,477.18
2018-10-25 05:15,0.00,483.95
2018-10-25 05:30,0.07,481.61
2018-10-25 05:45,0.02,491.58
2018-10-25 06:00,0.13,504.29
2018-10-25 06:15,1.73,511.29
2018-10-25 06:30,6.13,543.58
2018-10-25 06:45,8.38,590.28
2018-10-25 07:00,16.34,625.65
2018-10-25 07:15,17.65,660.75
2018-10-25 07:30,20.15,723.02
2018-10-25 07:45,23.22,804.46
2018-10-25 08:00,51.37,886.28
2018-10-25 08:15,60.66,988.99
2018-10-25 08:30,45.67,1049.13
2018-10-25 08:45,56.04,1128.48
2018-10-25 09:00,97.58,1125.85
2018-10-25 09:15,89.54,1107.67
2018-10-25 09:30,102.78,1124.62
2018-10-25 09:45,93.30,1146.49
2018-10-25 10:00,117.54,1151.49
2018-10-25 10:15,142.18,1128.85
2018-10-25 10:30,157.18,1126.56
2018-10-25 10:45,104.15,1139.83
2018-10-25 11:00,104.44,1183.65
2018-10-25 11:15,146.42,1147.31
2018-10-25 11:30,59.84,1142.04
2018-10-25 11:45,138.78,1205.84
2018-10-25 12:00,97.84,1140.67
2018-10-25 12:15,158.41,1140.7
2018-10-25 12:30,175.22,1115.32
2018-10-25 12:45,134.58,1121.85
2018-10-25 13:00,103.94,1161.05
2018-10-25 13:15,148.94,1204.99
2018-10-25 13:30,62.86,1181.91
2018-10-25 13:45,42.07,1243.71
2018-10-25 14:00,47.34,1235.15
2018-10-25 14:15,46.41,1227.2
2018-10-25 14:30,47.94,1222.73
2018-10-25 14:45,43.83,1207.81
2018-10-25 15:00,45.92,1173.05
2018-10-25 15:15,41.15,1135.48
2018-10-25 15:30,35.39,1128.57
2018-10-25 15:45,22.21,1116.49
2018-10-25 16:00,19.10,1112.14
2018-10-25 16:15,19.56,1055
2018-10-25 16:30,11.58,998.5
2018-10-25 16:45,6.76,945.26
2018-10-25 17:00,4.78,884.44
2018-10-25 17:15,2.98,857.91
2018-10-25 17:30,1.41,836.53
2018-10-25 17:45,0.03,817.21
2018-10-25 18:00,0.06,804.93
2018-10-25 18:15,0.02,794.21
2018-10-25 18:30,0.05,794.97
2018-10-25 18:45,0.12,755.71
2018-10-25 19:00,0.01,736.82
2018-10-25 19:15,0.00,727.29
2018-10-25 19:30,0.04,705.08
2018-10-25 19:45,0.09,674.02
2018-10-25 20:00,0.00,657.86
2018-10-25 20:15,0.01,617.94
2018-10-25 20:30,0.04,592.93
2018-10-25 20:45,0.10,575.83
2018-10-25 21:00,0.00,567.25
2018-10-25 21:15,0.07,562.85
2018-10-25 21:30,0.04,558.74
2018-10-25 21:45,0.03,557.13
2018-10-25 22:00,0.04,554.9
2018-10-25 22:15,0.01,549.61
2018-10-25 22:30,0.02,543.22
2018-10-25 22:45,0.14,548.61
2018-10-25 23:00,0.02,549.87
2018-10-25 23:15,0.01,548.14
2018-10-25 23:30,0.00,553.35
2018-10-25 23:45,0.06,548.22
2018-10-26 00:00,0.06,541.24
2018-10-26 00:15,0.06,529.87
2018-10-26 00:30,0.02,521.48
2018-10-26 00:45,0.02,519.95
2018-10-26 01:00,0.10,510.71
2018-10-26 01:15,0.03,515.52
2018-10-26 01:30,0.04,508.44
2018-10-26 01:45,0.02,512.05
2018-10-26 02:00,0.01,502.71
2018-10-26 02:15,0.05,505.48
2018-10-26 02:30,0.06,495.16
2018-10-26 02:45,0.02,495.95
2018-10-26 03:00,0.11,496.76
2018-10-26 03:15,0.01,491.32
2018-10-26 03:30,0.06,489.11
2018-10-26 03:45,0.04,476.23
2018-10-26 04:00,0.00,481.42
2018-10-26 04:15,0.01,485.95
2018-10-26 04:30,0.07,478.52
2018-10-26 04:45,0.09,477.73
2018-10-26 05:00,0.00,478.9
2018-10-26 05:15,0.07,480.23
2018-10-26 05:30,0.06,484.36
2018-10-26 05:45,0.02,500.58
2018-10-26 06:00,0.26,498.27
2018-10-26 06:15,2.43,510.9
2018-10-26 06:30,7.67,518.39
2018-10-26 06:45,14.06,561.22
2018-10-26 07:00,23.54,624.72
2018-10-26 07:15,34.29,672.55
2018-10-26 07:30,48.26,730.03
2018-10-26 07:45,55.72,798.01
2018-10-26 08:00,67.73,900.15
2018-10-26 08:15,75.53,984.02
2018-10-26 08:30,91.23,1067.43
2018-10-26 08:45,96.43,1129.65
2018-10-26 09:00,102.32,1125.44
2018-10-26 09:15,113.15,1152.07
2018-10-26 09:30,126.56,1149.3
2018-10-26 09:45,108.23,1136.65
2018-10-26 10:00,137.91,1152.49
2018-10-26 10:15,139.98,1155.76
2018-10-26 10:30,136.15,1179.38
2018-10-26 10:45,148.49,1181.65
2018-10-26 11:00,155.20,1156.31
2018-10-26 11:15,147.47,1149.99
2018-10-26 11:30,150.32,1154.47
2018-10-26 11:45,154.34,1147.02
2018-10-26 12:00,93.02,1140.49
2018-10-26 12:15,84.00,1167.34
2018-10-26 12:30,119.26,1187.57
2018-10-26 12:45,78.07,1145.65
2018-10-26 13:00,95.64,1153.46
2018-10-26 13:15,121.09,1182.25
2018-10-26 13:30,128.65,1162.62
2018-10-26 13:45,71.47,1202.2
2018-10-26 14:00,100.58,1239.05
2018-10-26 14:15,53.88,1234.31
2018-10-26 14:30,92.50,1234.6
2018-10-26 14:45,73.99,1207.23
2018-10-26 15:00,74.92,1207.2
2018-10-26 15:15,72.38,1177.28
2018-10-26 15:30,71.39,1171.05
2018-10-26 15:45,54.34,1145.09
2018-10-26 16:00,41.85,1130.94
2018-10-26 16:15,28.14,1091.8
2018-10-26 16:30,17.80,1035.27
2018-10-26 16:45,12.75,956.26
2018-10-26 17:00,9.70,901.44
2018-10-26 17:15,5.83,855.57
2018-10-26 17:30,2.24,816.72
2018-10-26 17:45,0.03,789.39
2018-10-26 18:00,0.09,779.26
2018-10-26 18:15,0.02,750.74
2018-10-26 18:30,0.06,737.02
2018-10-26 18:45,0.01,719.7
2018-10-26 19:00,0.04,700
2018-10-26 19:15,0.02,685.71
2018-10-26 19:30,0.04,646.14
2018-10-26 19:45,0.06,614.88
2018-10-26 20:00,0.07,603.82
2018-10-26 20:15,0.05,591.58
2018-10-26 20:30,0.04,580.56
2018-10-26 20:45,0.01,561.45
2018-10-26 21:00,0.03,544.98
2018-10-26 21:15,0.02,530.95
2018-10-26 21:30,0.02,518.02
2018-10-26 21:45,0.05,516.73
2018-10-26 22:00,0.04,517.76
2018-10-26 22:15,0.14,513.52
2018-10-26 22:30,0.01,507.56
2018-10-26 22:45,0.00,513.27
2018-10-26 23:00,0.01,507.24
2018-10-26 23:15,0.10,508.73
2018-10-26 23:30,0.02,511.84
2018-10-26 23:45,0.01,513.71
2018-10-27 00:00,0.02,507.08
2018-10-27 00:15,0.00,503.02
2018-10-27 00:30,0.14,503.5
2018-10-27 00:45,0.09,494.69
2018-10-27 01:00,0.01,487.68
2018-10-27 01:15,0.00,488.53
2018-10-27 01:30,0.04,484.58
2018-10-27 01:45,0.06,482.6
2018-10-27 02:00,0.00,474.74
2018-10-27 02:15,0.04,477.82
2018-10-27 02:30,0.12,467
2018-10-27 02:45,0.02,464.24
2018-10-27 03:00,0.02,466.68
2018-10-27 03:15,0.07,463.28
2018-10-27 03:30,0.04,466.26
2018-10-27 03:45,0.02,459.31
2018-10-27 04:00,0.04,456.58
2018-10-27 04:15,0.04,460.23
2018-10-27 04:30,0.01,454.66
2018-10-27 04:45,0.08,457.55
2018-10-27 05:00,0.07,453
2018-10-27 05:15,0.04,463.66
2018-10-27 05:30,0.04,463.78
2018-10-27 05:45,0.02,468.34
2018-10-27 06:00,0.45,473.07
2018-10-27 06:15,3.30,461.36
2018-10-27 06:30,9.28,459.91
2018-10-27 06:45,19.78,467.2
2018-10-27 07:00,28.30,487.24
2018-10-27 07:15,48.19,500.71
2018-10-27 07:30,46.47,497.87
2018-10-27 07:45,36.87,529.64
2018-10-27 08:00,70.58,604.22
2018-10-27 08:15,69.67,584.03
2018-10-27 08:30,100.96,606.36
2018-10-27 08:45,103.66,609.78
2018-10-27 09:00,115.54,605.33
2018-10-27 09:15,116.98,608.85
2018-10-27 09:30,119.88,617.48
2018-10-27 09:45,117.40,630.75
2018-10-27 10:00,69.12,638.77
2018-10-27 10:15,113.55,671.01
2018-10-27 10:30,157.00,651.02
2018-10-27 10:45,142.73,633.07
2018-10-27 11:00,151.47,657.64
2018-10-27 11:15,141.77,648.14
2018-10-27 11:30,143.10,641.33
2018-10-27 11:45,142.28,631.94
2018-10-27 12:00,160.47,632.23
2018-10-27 12:15,135.27,636.41
2018-10-27 12:30,63.47,647.68
2018-10-27 12:45,93.34,693.15
2018-10-27 13:00,78.70,657.07
2018-10-27 13:15,137.10,672.7
2018-10-27 13:30,145.84,591.43
2018-10-27 13:45,92.94,579.33
2018-10-27 14:00,114.57,627.57
2018-10-27 14:15,40.64,617.22
2018-10-27 14:30,100.66,664.23
2018-10-27 14:45,80.12,607.85
2018-10-27 15:00,103.94,619.91
2018-10-27 15:15,76.24,623.25
2018-10-27 15:30,32.96,636.1
2018-10-27 15:45,68.08,642.2
2018-10-27 16:00,64.58,611.51
2018-10-27 16:15,26.18,606.67
2018-10-27 16:30,38.39,609.38
2018-10-27 16:45,19.30,598.27
2018-10-27 17:00,11.43,588.49
2018-10-27 17:15,6.20,582.7
2018-10-27 17:30,3.11,569.77
2018-10-27 17:45,0.34,553.3
2018-10-27 18:00,0.03,550.96
2018-10-27 18:15,0.01,559.24
2018-10-27 18:30,0.04,553.46
2018-10-27 18:45,0.00,542.34
2018-10-27 19:00,0.10,542.8
2018-10-27 19:15,0.07,537.55
2018-10-27 19:30,0.00,530.85
2018-10-27 19:45,0.02,522.42
2018-10-27 20:00,0.06,526.71
2018-10-27 20:15,0.05,520.72
2018-10-27 20:30,0.01,512.61
2018-10-27 20:45,0.07,513.1
2018-10-27 21:00,0.02,509.16
2018-10-27 21:15,0.08,506
2018-10-27 21:30,0.02,509.73
2018-10-27 21:45,0.04,508.92
2018-10-27 22:00,0.01,500.13
2018-10-27 22:15,0.06,502.61
2018-10-27 22:30,0.02,507.45
2018-10-27 22:45,0.07,506.73
2018-10-27 23:00,0.00,506.4
2018-10-27 23:15,0.02,507.24
2018-10-27 23:30,0.09,503.61
2018-10-27 23:45,0.07,502.74
2018-10-28 00:00,0.02,497
2018-10-28 00:15,0.02,473.41
2018-10-28 00:30,0.01,450.49
2018-10-28 00:45,0.03,451.76
2018-10-28 01:00,0.04,446.54
2018-10-28 01:15,0.09,442.49
2018-10-28 01:30,0.07,436.28
2018-10-28 01:45,0.05,432.47
2018-10-28 02:00,0.02,436.78
2018-10-28 02:15,0.02,439.71
2018-10-28 02:30,0.00,425.49
2018-10-28 02:45,0.07,419.28
2018-10-28 03:00,0.02,436.02
2018-10-28 03:15,0.02,460.95
2018-10-28 03:30,0.05,461.71
2018-10-28 03:45,0.10,458.18
2018-10-28 04:00,0.02,458.24
2018-10-28 04:15,0.05,454.34
2018-10-28 04:30,0.04,452.73
2018-10-28 04:45,0.02,447.84
2018-10-28 05:00,0.01,446.39
2018-10-28 05:15,0.03,445.62
2018-10-28 05:30,0.02,449.44
2018-10-28 05:45,0.07,450.78
2018-10-28 06:00,0.08,457.54
2018-10-28 06:15,1.21,456.97
2018-10-28 06:30,4.92,446.99
2018-10-28 06:45,12.42,448.41
2018-10-28 07:00,24.36,448.29
2018-10-28 07:15,33.84,441.41
2018-10-28 07:30,45.70,455.34
2018-10-28 07:45,53.86,458.28
2018-10-28 08:00,66.97,461.23
2018-10-28 08:15,72.85,470.32
2018-10-28 08:30,89.98,488.4
2018-10-28 08:45,88.14,495.87
2018-10-28 09:00,102.00,504.48
2018-10-28 09:15,108.51,521.1
2018-10-28 09:30,128.51,516.19
2018-10-28 09:45,126.92,510.29
2018-10-28 10:00,137.94,513.79
2018-10-28 10:15,141.46,506.4
2018-10-28 10:30,158.70,456.36
2018-10-28 10:45,122.76,466.82
2018-10-28 11:00,150.57,511.97
2018-10-28 11:15,153.25,568.58
2018-10-28 11:30,164.26,559.46
2018-10-28 11:45,158.22,501.82
2018-10-28 12:00,163.10,495.5
2018-10-28 12:15,155.48,512.4
2018-10-28 12:30,159.54,510.32
2018-10-28 12:45,139.04,515.89
2018-10-28 13:00,130.58,536.01
2018-10-28 13:15,132.11,548.46
2018-10-28 13:30,134.74,539.42
2018-10-28 13:45,109.51,542.76
2018-10-28 14:00,108.62,557.58
2018-10-28 14:15,115.14,559.48
2018-10-28 14:30,105.78,542.42
2018-10-28 14:45,51.33,551.93
2018-10-28 15:00,58.22,599.2
2018-10-28 15:15,75.99,594.43
2018-10-28 15:30,69.07,583.88
2018-10-28 15:45,50.93,587.62
2018-10-28 16:00,58.37,569.06
2018-10-28 16:15,36.59,573.96
2018-10-28 16:30,30.83,565.46
2018-10-28 16:45,17.88,564.04
2018-10-28 17:00,12.06,558.25
2018-10-28 17:15,6.66,560.14
2018-10-28 17:30,2.66,559.5
2018-10-28 17:45,0.31,552.9
2018-10-28 18:00,0.07,567.42
2018-10-28 18:15,0.00,575.77
2018-10-28 18:30,0.06,558.34
2018-10-28 18:45,0.02,546.82
2018-10-28 19:00,0.02,544.98
2018-10-28 19:15,0.04,547
2018-10-28 19:30,0.09,538.59
2018-10-28 19:45,0.05,526.5
2018-10-28 20:00,0.06,523.42
2018-10-28 20:15,0.04,521.79
2018-10-28 20:30,0.02,519.97
2018-10-28 20:45,0.00,522.08
2018-10-28 21:00,0.04,518.39
2018-10-28 21:15,0.02,511.82
2018-10-28 21:30,0.07,508.03
2018-10-28 21:45,0.06,508.76
2018-10-28 22:00,0.04,508.92
2018-10-28 22:15,0.06,514.05
2018-10-28 22:30,0.02,510.44
2018-10-28 22:45,0.07,512.6
2018-10-28 23:00,0.02,505.44
2018-10-28 23:15,0.01,509.79
2018-10-28 23:30,0.02,514.76
2018-10-28 23:45,0.10,511.29
2018-10-29 00:00,0.04,508
2018-10-29 00:15,0.03,499.84
2018-10-29 00:30,0.02,505.08
2018-10-29 00:45,0.06,501.79
2018-10-29 01:00,0.05,500.23
2018-10-29 01:15,0.02,496.82
2018-10-29 01:30,0.01,495.42
2018-10-29 01:45,0.04,495.95
2018-10-29 02:00,0.13,489.63
2018-10-29 02:15,0.02,487.02
2018-10-29 02:30,0.01,484.6
2018-10-29 02:45,0.02,480.1
2018-10-29 03:00,0.05,475.87
2018-10-29 03:15,0.07,471.36
2018-10-29 03:30,0.02,463.15
2018-10-29 03:45,0.02,465.57
2018-10-29 04:00,0.09,463.83
2018-10-29 04:15,0.04,471
2018-10-29 04:30,0.07,468.28
2018-10-29 04:45,0.00,464.45
2018-10-29 05:00,0.02,461.12
2018-10-29 05:15,0.02,459.79
2018-10-29 05:30,0.07,466.81
2018-10-29 05:45,0.06,477.08
2018-10-29 06:00,0.02,483.16
2018-10-29 06:15,1.26,494.13
2018-10-29 06:30,6.18,514.76
2018-10-29 06:45,13.09,553.74
2018-10-29 07:00,22.34,588.83
2018-10-29 07:15,33.52,653.67
2018-10-29 07:30,48.50,676.38
2018-10-29 07:45,55.67,740.86
2018-10-29 08:00,67.42,835.51
2018-10-29 08:15,74.79,941.52
2018-10-29 08:30,90.37,993.18
2018-10-29 08:45,95.42,1043.95
2018-10-29 09:00,107.68,1079.12
2018-10-29 09:15,114.22,1095.51
2018-10-29 09:30,130.30,1106.12
2018-10-29 09:45,129.59,1107.14
2018-10-29 10:00,140.01,1131.64
2018-10-29 10:15,139.69,1140.65
2018-10-29 10:30,151.66,1144.94
2018-10-29 10:45,146.94,1133.2
2018-10-29 11:00,155.05,1136.86
2018-10-29 11:15,150.70,1146.83
2018-10-29 11:30,158.35,1141.51
2018-10-29 11:45,151.40,1134.46
2018-10-29 12:00,153.95,1125.8
2018-10-29 12:15,150.02,1131.09
2018-10-29 12:30,159.94,1117.94
2018-10-29 12:45,149.15,1101.37
2018-10-29 13:00,146.06,1119.51
2018-10-29 13:15,136.87,1151.59
2018-10-29 13:30,110.83,1172.49
2018-10-29 13:45,121.45,1201.26
2018-10-29 14:00,40.59,1195.76
2018-10-29 14:15,37.86,1238.81
2018-10-29 14:30,72.02,1225.08
2018-10-29 14:45,80.98,1202.33
2018-10-29 15:00,78.54,1172.59
2018-10-29 15:15,42.05,1180.63
2018-10-29 15:30,30.82,1187.3
2018-10-29 15:45,60.18,1172.51
2018-10-29 16:00,51.59,1114.75
2018-10-29 16:15,42.66,1063.87
2018-10-29 16:30,32.34,1019.26
2018-10-29 16:45,19.82,954.1
2018-10-29 17:00,12.47,931.39
2018-10-29 17:15,5.88,898.07
2018-10-29 17:30,2.52,871.8
2018-10-29 17:45,0.26,846.57
2018-10-29 18:00,0.02,828.37
2018-10-29 18:15,0.04,817.43
2018-10-29 18:30,0.02,795.85
2018-10-29 18:45,0.01,770.6
2018-10-29 19:00,0.06,741.19
2018-10-29 19:15,0.06,728.7
2018-10-29 19:30,0.08,695.37
2018-10-29 19:45,0.01,674.86
2018-10-29 20:00,0.02,656.41
2018-10-29 20:15,0.06,651.25
2018-10-29 20:30,0.06,626.27
2018-10-29 20:45,0.01,574.35
2018-10-29 21:00,0.03,616.12
2018-10-29 21:15,0.04,612.9
2018-10-29 21:30,0.02,595.57
2018-10-29 21:45,0.09,584.11
2018-10-29 22:00,0.03,581.72
2018-10-29 22:15,0.04,565.87
2018-10-29 22:30,0.04,564.9
2018-10-29 22:45,0.05,568.62
2018-10-29 23:00,0.01,563.48
2018-10-29 23:15,0.02,559.63
2018-10-29 23:30,0.09,561.48
2018-10-29 23:45,0.06,556.79
2018-10-30 00:00,0.02,553
2018-10-30 00:15,0.04,552.38
2018-10-30 00:30,0.01,546.92
2018-10-30 00:45,0.03,545.43
2018-10-30 01:00,0.07,543
2018-10-30 01:15,0.06,536.92
2018-10-30 01:30,0.00,528.03
2018-10-30 01:45,0.01,527.22
2018-10-30 02:00,0.12,517.55
2018-10-30 02:15,0.03,513.43
2018-10-30 02:30,0.04,511.35
2018-10-30 02:45,0.02,505.69
2018-10-30 03:00,0.06,502.32
2018-10-30 03:15,0.00,497.79
2018-10-30 03:30,0.04,501.29
2018-10-30 03:45,0.04,494.53
2018-10-30 04:00,0.11,497.4
2018-10-30 04:15,0.04,497.42
2018-10-30 04:30,0.04,496.4
2018-10-30 04:45,0.01,495.08
2018-10-30 05:00,0.02,491.57
2018-10-30 05:15,0.06,493.11
2018-10-30 05:30,0.04,497.11
2018-10-30 05:45,0.02,506.02
2018-10-30 06:00,0.14,515.45
2018-10-30 06:15,1.67,526.68
2018-10-30 06:30,6.42,551.09
2018-10-30 06:45,12.54,611.28
2018-10-30 07:00,22.34,631.15
2018-10-30 07:15,32.18,653.02
2018-10-30 07:30,46.39,704.36
2018-10-30 07:45,54.66,768.47
2018-10-30 08:00,65.84,857.06
2018-10-30 08:15,73.90,964.95
2018-10-30 08:30,89.06,1024.21
2018-10-30 08:45,94.83,1066.98
2018-10-30 09:00,107.95,1090.29
2018-10-30 09:15,115.03,1096.46
2018-10-30 09:30,130.81,1107.83
2018-10-30 09:45,130.78,1109.67
2018-10-30 10:00,141.67,1124.3
2018-10-30 10:15,141.21,1124.8
2018-10-30 10:30,154.41,1108.36
2018-10-30 10:45,150.30,1099.7
2018-10-30 11:00,157.93,1098.19
2018-10-30 11:15,154.66,1087.01
2018-10-30 11:30,164.93,1090.27
2018-10-30 11:45,155.84,1107.83
2018-10-30 12:00,161.30,1126.2
2018-10-30 12:15,156.91,1131.43
2018-10-30 12:30,162.25,1130.36
2018-10-30 12:45,139.35,1150.62
2018-10-30 13:00,109.56,1151.62
2018-10-30 13:15,145.68,1186.73
2018-10-30 13:30,126.01,1174.83
2018-10-30 13:45,137.90,1193.92
2018-10-30 14:00,125.26,1188.23
2018-10-30 14:15,123.09,1188.47
2018-10-30 14:30,106.14,1181.62
2018-10-30 14:45,105.98,1198.91
2018-10-30 15:00,86.40,1187.04
2018-10-30 15:15,59.62,1180.26
2018-10-30 15:30,50.92,1193.47
2018-10-30 15:45,58.50,1166.64
2018-10-30 16:00,49.98,1127.46
2018-10-30 16:15,40.46,1088.87
2018-10-30 16:30,31.33,1027.89
2018-10-30 16:45,18.82,947.02
2018-10-30 17:00,11.24,901.73
2018-10-30 17:15,6.05,861.72
2018-10-30 17:30,2.51,842.78
2018-10-30 17:45,0.23,811.77
2018-10-30 18:00,0.00,796.92
2018-10-30 18:15,0.09,794.03
2018-10-30 18:30,0.09,779.03
2018-10-30 18:45,0.02,762.06
2018-10-30 19:00,0.03,743.36
2018-10-30 19:15,0.04,716.58
2018-10-30 19:30,0.02,696.44
2018-10-30 19:45,0.06,671.68
2018-10-30 20:00,0.02,656.93
2018-10-30 20:15,0.01,632.88
2018-10-30 20:30,0.03,612.43
2018-10-30 20:45,0.09,585.67
2018-10-30 21:00,0.02,574.74
2018-10-30 21:15,0.05,568.96
2018-10-30 21:30,0.01,557.58
2018-10-30 21:45,0.07,555.14
2018-10-30 22:00,0.04,554.21
2018-10-30 22:15,0.00,547.19
2018-10-30 22:30,0.04,544.79
2018-10-30 22:45,0.04,545.71
2018-10-30 23:00,0.10,534.95
2018-10-30 23:15,0.04,531.89
2018-10-30 23:30,0.01,530.53
2018-10-30 23:45,0.02,527.21
2018-10-31 00:00,0.02,517.98
2018-10-31 00:15,0.07,521.47
2018-10-31 00:30,0.06,519.47
2018-10-31 00:45,0.00,519.03
2018-10-31 01:00,0.04,511.27
2018-10-31 01:15,0.09,507.9
2018-10-31 01:30,0.02,504.34
2018-10-31 01:45,0.06,497.03
2018-10-31 02:00,0.02,497.94
2018-10-31 02:15,0.02,490.48
2018-10-31 02:30,0.02,487.73
2018-10-31 02:45,0.04,491.58
2018-10-31 03:00,0.00,483.9
2018-10-31 03:15,0.10,478.2
2018-10-31 03:30,0.01,482.58
2018-10-31 03:45,0.10,479.45
2018-10-31 04:00,0.02,471.32
2018-10-31 04:15,0.04,468.2
2018-10-31 04:30,0.02,463.7
2018-10-31 04:45,0.03,462.02
2018-10-31 05:00,0.04,458.95
2018-10-31 05:15,0.04,469.37
2018-10-31 05:30,0.02,471.73
2018-10-31 05:45,0.07,487.92
2018-10-31 06:00,0.06,491.08
2018-10-31 06:15,1.65,500.34
2018-10-31 06:30,6.29,514.63
2018-10-31 06:45,12.82,563.87
2018-10-31 07:00,23.06,591.88
2018-10-31 07:15,33.58,613.25
2018-10-31 07:30,47.78,654.39
2018-10-31 07:45,55.72,712.89
2018-10-31 08:00,67.86,783.68
2018-10-31 08:15,74.87,865.72
2018-10-31 08:30,89.58,918.18
2018-10-31 08:45,94.63,962.04
2018-10-31 09:00,108.01,981.99
2018-10-31 09:15,114.71,995.28
2018-10-31 09:30,130.84,987.65
2018-10-31 09:45,131.27,1004.18
2018-10-31 10:00,140.70,1032.61
2018-10-31 10:15,141.91,1034.01
2018-10-31 10:30,154.05,1033.11
2018-10-31 10:45,151.75,1012.42
2018-10-31 11:00,159.61,1015.27
2018-10-31 11:15,157.94,1009.32
2018-10-31 11:30,167.34,988.55
2018-10-31 11:45,158.39,986.44
2018-10-31 12:00,163.89,979.55
2018-10-31 12:15,156.91,965.52
2018-10-31 12:30,163.82,957.25
2018-10-31 12:45,152.12,958.78
2018-10-31 13:00,153.01,985.26
2018-10-31 13:15,143.38,997.63
2018-10-31 13:30,146.28,1016.52
2018-10-31 13:45,131.98,1017.97
2018-10-31 14:00,130.59,1028.01
2018-10-31 14:15,118.97,1010.16
2018-10-31 14:30,118.18,1016.24
2018-10-31 14:45,102.25,1009.15
2018-10-31 15:00,93.70,1026.14
2018-10-31 15:15,81.42,1023.64
2018-10-31 15:30,75.10,1009.31
2018-10-31 15:45,61.19,988.92
2018-10-31 16:00,52.22,990.49
2018-10-31 16:15,40.19,955.1
2018-10-31 16:30,31.41,914.76
2018-10-31 16:45,19.41,871.14
2018-10-31 17:00,11.98,830.98
2018-10-31 17:15,6.14,806.66
2018-10-31 17:30,2.38,781.34
2018-10-31 17:45,0.10,762.05
2018-10-31 18:00,0.04,750.36
2018-10-31 18:15,0.02,741.78
2018-10-31 18:30,0.06,728.65
2018-10-31 18:45,0.09,696.05
2018-10-31 19:00,0.04,685.55
2018-10-31 19:15,0.03,655.78
2018-10-31 19:30,0.01,636.6
2018-10-31 19:45,0.01,616.54
2018-10-31 20:00,0.08,604.7
2018-10-31 20:15,0.02,588.19
2018-10-31 20:30,0.02,570.98
2018-10-31 20:45,0.02,549.69
2018-10-31 21:00,0.09,539.71
2018-10-31 21:15,0.04,532.16
2018-10-31 21:30,0.06,531.39
2018-10-31 21:45,0.04,534.82
2018-10-31 22:00,0.02,524.11
2018-10-31 22:15,0.01,518.58
2018-10-31 22:30,0.03,515.23
2018-10-31 22:45,0.06,513.48
2018-10-31 23:00,0.04,510.73
2018-10-31 23:15,0.06,503.34
2018-10-31 23:30,0.02,506.5
2018-10-31 23:45,0.02,503.1
2018-11-01 00:00,0.06,501.52
